Rented Bike Count,Hour,Temperature(°C),Humidity(%),Rainfall(mm),Snowfall (cm),Seasons,Holiday
254,0,-5.2,37,0,0,Winter,No Holiday
204,1,-5.5,38,0,0,Winter,No Holiday
173,2,-6,39,0,0,Winter,No Holiday
107,3,-6.2,40,0,0,Winter,No Holiday
78,4,-6,36,0,0,Winter,No Holiday
100,5,-6.4,37,0,0,Winter,No Holiday
181,6,-6.6,35,0,0,Winter,No Holiday
460,7,-7.4,38,0,0,Winter,No Holiday
930,8,-7.6,37,0,0,Winter,No Holiday
490,9,-6.5,27,0,0,Winter,No Holiday
339,10,-3.5,24,0,0,Winter,No Holiday
360,11,-0.5,21,0,0,Winter,No Holiday
449,12,1.7,23,0,0,Winter,No Holiday
451,13,2.4,25,0,0,Winter,No Holiday
447,14,3,26,0,0,Winter,No Holiday
463,15,2.1,36,0,0,Winter,No Holiday
484,16,1.2,54,0,0,Winter,No Holiday
555,17,0.8,58,0,0,Winter,No Holiday
862,18,0.6,66,0,0,Winter,No Holiday
600,19,0,77,0,0,Winter,No Holiday
426,20,-0.3,79,0,0,Winter,No Holiday
405,21,-0.8,81,0,0,Winter,No Holiday
398,22,-0.9,83,0,0,Winter,No Holiday
323,23,-1.3,84,0,0,Winter,No Holiday
328,0,-1.8,87,0,0,Winter,No Holiday
308,1,-2.2,86,0,0,Winter,No Holiday
262,2,-2.9,86,0,0,Winter,No Holiday
167,3,-3.5,81,0,0,Winter,No Holiday
89,4,-3.8,79,0,0,Winter,No Holiday
79,5,-4,79,0,0,Winter,No Holiday
70,6,-4.3,82,0,0,Winter,No Holiday
146,7,-4.4,81,0,0,Winter,No Holiday
219,8,-4.2,79,0,0,Winter,No Holiday
328,9,-2.9,68,0,0,Winter,No Holiday
334,10,-0.4,57,0,0,Winter,No Holiday
388,11,1.9,49,0,0,Winter,No Holiday
479,12,4.3,41,0,0,Winter,No Holiday
606,13,6,36,0,0,Winter,No Holiday
611,14,7.3,35,0,0,Winter,No Holiday
589,15,7.6,41,0,0,Winter,No Holiday
618,16,6.4,48,0,0,Winter,No Holiday
572,17,6,51,0,0,Winter,No Holiday
489,18,5.5,53,0,0,Winter,No Holiday
385,19,5,52,0,0,Winter,No Holiday
359,20,4.6,51,0,0,Winter,No Holiday
377,21,4.1,55,0,0,Winter,No Holiday
354,22,3.5,54,0,0,Winter,No Holiday
366,23,4,56,0,0,Winter,No Holiday
342,0,4,58,0,0,Winter,No Holiday
227,1,3.9,69,0,0,Winter,No Holiday
228,2,3.3,79,0,0,Winter,No Holiday
117,3,3.4,71,0.5,0,Winter,No Holiday
76,4,3.5,73,0,0,Winter,No Holiday
32,5,3.9,75,0,0,Winter,No Holiday
13,6,3.4,86,1,0,Winter,No Holiday
22,7,3.1,91,0,0,Winter,No Holiday
85,8,3.2,92,0,0,Winter,No Holiday
152,9,3.5,91,2.5,0,Winter,No Holiday
200,10,4.4,89,0,0,Winter,No Holiday
273,11,5.1,87,0,0,Winter,No Holiday
333,12,5.8,85,0,0,Winter,No Holiday
495,13,6.8,81,0,0,Winter,No Holiday
563,14,7.6,76,0,0,Winter,No Holiday
621,15,8,73,0,0,Winter,No Holiday
598,16,7.6,77,0,0,Winter,No Holiday
545,17,6.7,82,0,0,Winter,No Holiday
443,18,6,84,0,0,Winter,No Holiday
422,19,5.7,85,0,0,Winter,No Holiday
397,20,5.2,87,0,0,Winter,No Holiday
385,21,4.7,87,0,0,Winter,No Holiday
350,22,4.3,89,0,0,Winter,No Holiday
303,23,3.9,90,0,0,Winter,No Holiday
285,0,4.2,88,0,0,Winter,No Holiday
186,1,4.3,87,0,0,Winter,No Holiday
112,2,4.4,87,0,0,Winter,No Holiday
65,3,3.6,85,0,0,Winter,No Holiday
41,4,2.8,89,0,0,Winter,No Holiday
82,5,2,83,0,0,Winter,No Holiday
200,6,1.2,76,0.1,0,Winter,No Holiday
498,7,0.2,68,0,0,Winter,No Holiday
937,8,-0.8,69,0,0,Winter,No Holiday
509,9,-1.5,47,0,0,Winter,No Holiday
311,10,-1.1,40,0,0,Winter,No Holiday
379,11,-0.5,41,0,0,Winter,No Holiday
393,12,-0.3,38,0,0,Winter,No Holiday
391,13,0,30,0,0,Winter,No Holiday
338,14,0.1,27,0,0,Winter,No Holiday
341,15,-0.1,25,0,0,Winter,No Holiday
375,16,-0.2,23,0,0,Winter,No Holiday
515,17,-1.3,26,0,0,Winter,No Holiday
807,18,-2.1,29,0,0,Winter,No Holiday
568,19,-2.9,32,0,0,Winter,No Holiday
398,20,-3.6,38,0,0,Winter,No Holiday
397,21,-4.6,43,0,0,Winter,No Holiday
353,22,-5.3,45,0,0,Winter,No Holiday
248,23,-5.8,44,0,0,Winter,No Holiday
216,0,-6.1,42,0,0,Winter,No Holiday
198,1,-6.5,41,0,0,Winter,No Holiday
124,2,-6.8,41,0,0,Winter,No Holiday
62,3,-6.9,39,0,0,Winter,No Holiday
42,4,-7.2,34,0,0,Winter,No Holiday
82,5,-7.4,33,0,0,Winter,No Holiday
172,6,-7.4,34,0,0,Winter,No Holiday
381,7,-7.5,33,0,0,Winter,No Holiday
812,8,-8.1,36,0,0,Winter,No Holiday
462,9,-7.6,31,0,0,Winter,No Holiday
269,10,-5.5,26,0,0,Winter,No Holiday
334,11,-3.9,25,0,0,Winter,No Holiday
321,12,-2.3,25,0,0,Winter,No Holiday
325,13,-1.6,27,0,0,Winter,No Holiday
334,14,-1.1,28,0,0,Winter,No Holiday
353,15,-0.7,28,0,0,Winter,No Holiday
435,16,-0.5,30,0,0,Winter,No Holiday
529,17,-1.6,35,0,0,Winter,No Holiday
789,18,-2.6,40,0,0,Winter,No Holiday
597,19,-3.2,45,0,0,Winter,No Holiday
418,20,-3.5,46,0,0,Winter,No Holiday
415,21,-3.7,47,0,0,Winter,No Holiday
393,22,-2.8,49,0,0,Winter,No Holiday
244,23,-2.5,59,0,0,Winter,No Holiday
145,0,-2.8,77,0.1,0.1,Winter,No Holiday
144,1,-3,79,0,0.3,Winter,No Holiday
117,2,-3,79,0,0.4,Winter,No Holiday
78,3,-3.2,78,0.2,0.4,Winter,No Holiday
58,4,-3.4,75,0,0.4,Winter,No Holiday
87,5,-3.6,76,0,0.4,Winter,No Holiday
142,6,-3.7,76,0,0.4,Winter,No Holiday
379,7,-4.2,77,0,0.3,Winter,No Holiday
802,8,-4.2,78,0,0.2,Winter,No Holiday
440,9,-3.3,70,0,0.2,Winter,No Holiday
307,10,-0.9,64,0,0.2,Winter,No Holiday
381,11,1.6,57,0,0,Winter,No Holiday
405,12,2.4,52,0,0,Winter,No Holiday
442,13,4.2,47,0,0,Winter,No Holiday
416,14,5.5,34,0,0,Winter,No Holiday
412,15,5.5,31,0,0,Winter,No Holiday
496,16,5.3,37,0,0,Winter,No Holiday
239,17,4.1,60,0,0,Winter,No Holiday
204,18,1.7,90,0.3,0.3,Winter,No Holiday
205,19,1.2,92,0,1,Winter,No Holiday
190,20,1.2,94,0,1,Winter,No Holiday
165,21,1.1,92,0.7,1,Winter,No Holiday
222,22,1.3,92,0,1,Winter,No Holiday
193,23,1.3,92,0,1,Winter,No Holiday
198,0,1.4,92,0,0.9,Winter,No Holiday
218,1,1.5,92,0,0.9,Winter,No Holiday
149,2,1.4,92,0,0.9,Winter,No Holiday
102,3,1.9,91,0,0.9,Winter,No Holiday
62,4,1.6,92,0,0.9,Winter,No Holiday
83,5,1.5,92,0,0.9,Winter,No Holiday
137,6,1,93,0,0.9,Winter,No Holiday
367,7,0.3,93,0,0.9,Winter,No Holiday
754,8,-0.2,96,0,0.8,Winter,No Holiday
415,9,0.1,91,0,0.8,Winter,No Holiday
321,10,1.1,83,0,0.7,Winter,No Holiday
333,11,2.3,69,0,0.6,Winter,No Holiday
431,12,3.7,65,0,0.3,Winter,No Holiday
394,13,4.1,37,0,0,Winter,No Holiday
390,14,4.4,36,0,0,Winter,No Holiday
430,15,4,35,0,0,Winter,No Holiday
471,16,3.2,38,0,0,Winter,No Holiday
552,17,2.1,50,0,0,Winter,No Holiday
795,18,0.7,46,0,0,Winter,No Holiday
507,19,-0.4,47,0,0,Winter,No Holiday
390,20,-1.4,47,0,0,Winter,No Holiday
402,21,-2.2,46,0,0,Winter,No Holiday
389,22,-2.7,48,0,0,Winter,No Holiday
259,23,-3.2,50,0,0,Winter,No Holiday
233,0,-3.5,49,0,0,Winter,No Holiday
230,1,-3.7,50,0,0,Winter,No Holiday
131,2,-4.3,53,0,0,Winter,No Holiday
99,3,-4.8,52,0,0,Winter,No Holiday
71,4,-5.3,53,0,0,Winter,No Holiday
84,5,-5.8,56,0,0,Winter,No Holiday
158,6,-6,56,0,0,Winter,No Holiday
387,7,-6.5,57,0,0,Winter,No Holiday
780,8,-7,59,0,0,Winter,No Holiday
395,9,-6.7,50,0,0,Winter,No Holiday
261,10,-5.3,44,0,0,Winter,No Holiday
310,11,-3.7,39,0,0,Winter,No Holiday
355,12,-2,30,0,0,Winter,No Holiday
354,13,-1.7,28,0,0,Winter,No Holiday
350,14,-1.3,27,0,0,Winter,No Holiday
362,15,-0.8,26,0,0,Winter,No Holiday
401,16,-1.1,24,0,0,Winter,No Holiday
500,17,-2.4,30,0,0,Winter,No Holiday
752,18,-3.1,33,0,0,Winter,No Holiday
477,19,-3.3,35,0,0,Winter,No Holiday
384,20,-3.3,34,0,0,Winter,No Holiday
336,21,-3.3,35,0,0,Winter,No Holiday
347,22,-3.4,39,0,0,Winter,No Holiday
275,23,-3.5,43,0,0,Winter,No Holiday
267,0,-3.5,48,0,0,Winter,No Holiday
296,1,-4.1,49,0,0,Winter,No Holiday
237,2,-4.7,50,0,0,Winter,No Holiday
169,3,-4.3,47,0,0,Winter,No Holiday
96,4,-4.3,49,0,0,Winter,No Holiday
56,5,-4.7,49,0,0,Winter,No Holiday
76,6,-5.1,53,0,0,Winter,No Holiday
127,7,-5.5,56,0,0,Winter,No Holiday
222,8,-5.4,56,0,0,Winter,No Holiday
291,9,-4.7,48,0,0,Winter,No Holiday
273,10,-2.2,42,0,0,Winter,No Holiday
351,11,0,45,0,0,Winter,No Holiday
427,12,2.4,40,0,0,Winter,No Holiday
431,13,3.9,36,0,0,Winter,No Holiday
486,14,4.7,32,0,0,Winter,No Holiday
569,15,5.2,30,0,0,Winter,No Holiday
546,16,4.4,33,0,0,Winter,No Holiday
481,17,3.5,37,0,0,Winter,No Holiday
384,18,2.5,41,0,0,Winter,No Holiday
275,19,1.5,48,0,0,Winter,No Holiday
298,20,0.8,51,0,0,Winter,No Holiday
321,21,-0.1,55,0,0,Winter,No Holiday
289,22,-0.5,55,0,0,Winter,No Holiday
265,23,-0.1,54,0,0,Winter,No Holiday
326,0,-0.2,55,0,0,Winter,No Holiday
280,1,-0.2,54,0,0,Winter,No Holiday
243,2,0.2,52,0,0,Winter,No Holiday
169,3,0.3,53,0,0,Winter,No Holiday
71,4,0.4,52,0,0,Winter,No Holiday
13,5,0.3,74,0,0.7,Winter,No Holiday
9,6,-0.5,90,2.5,2.7,Winter,No Holiday
20,7,-0.4,92,0,4,Winter,No Holiday
35,8,-0.2,90,0,4.1,Winter,No Holiday
31,9,0.2,90,1.6,4.3,Winter,No Holiday
19,10,0.5,91,0,4.3,Winter,No Holiday
58,11,0.9,92,0,3.9,Winter,No Holiday
119,12,2.3,88,0,3.1,Winter,No Holiday
182,13,3.3,87,0,2.1,Winter,No Holiday
235,14,4.2,85,0,1.4,Winter,No Holiday
180,15,6.7,63,0,1,Winter,No Holiday
214,16,5.4,71,0,0.5,Winter,No Holiday
226,17,3.6,65,0,0.4,Winter,No Holiday
210,18,2,61,0,0,Winter,No Holiday
181,19,1.6,53,0,0,Winter,No Holiday
165,20,0.6,57,0,0,Winter,No Holiday
167,21,0,59,0,0,Winter,No Holiday
152,22,-1,56,0,0,Winter,No Holiday
148,23,-1.4,43,0,0,Winter,No Holiday
125,0,-2.5,39,0,0,Winter,No Holiday
111,1,-3.4,36,0,0,Winter,No Holiday
67,2,-4.2,35,0,0,Winter,No Holiday
45,3,-4.7,38,0,0,Winter,No Holiday
44,4,-5.2,35,0,0,Winter,No Holiday
86,5,-5.6,38,0,0,Winter,No Holiday
136,6,-5.9,39,0,0,Winter,No Holiday
325,7,-6,39,0,0,Winter,No Holiday
653,8,-6,38,0,0,Winter,No Holiday
326,9,-5.9,36,0,0,Winter,No Holiday
212,10,-5.3,32,0,0,Winter,No Holiday
226,11,-4.7,36,0,0,Winter,No Holiday
247,12,-5.2,33,0,0,Winter,No Holiday
241,13,-5.4,32,0,0,Winter,No Holiday
253,14,-5.4,31,0,0,Winter,No Holiday
269,15,-5.5,33,0,0,Winter,No Holiday
277,16,-6,40,0,0,Winter,No Holiday
361,17,-7.1,44,0,0,Winter,No Holiday
557,18,-7.9,43,0,0,Winter,No Holiday
371,19,-8.6,45,0,0,Winter,No Holiday
254,20,-9.3,49,0,0,Winter,No Holiday
266,21,-9.7,51,0,0,Winter,No Holiday
222,22,-10.2,50,0,0,Winter,No Holiday
174,23,-10.7,53,0,0,Winter,No Holiday
133,0,-11,51,0,0,Winter,No Holiday
127,1,-11.2,51,0,0,Winter,No Holiday
95,2,-11.5,50,0,0,Winter,No Holiday
54,3,-11.6,50,0,0,Winter,No Holiday
46,4,-11.6,47,0,0,Winter,No Holiday
65,5,-11.6,45,0,0,Winter,No Holiday
104,6,-11.8,47,0,0,Winter,No Holiday
280,7,-12.1,50,0,0,Winter,No Holiday
580,8,-12.3,52,0,0,Winter,No Holiday
275,9,-11.8,46,0,0,Winter,No Holiday
184,10,-10.5,45,0,0,Winter,No Holiday
201,11,-9.4,42,0,0,Winter,No Holiday
228,12,-8.3,35,0,0,Winter,No Holiday
225,13,-6.9,37,0,0,Winter,No Holiday
258,14,-5.4,32,0,0,Winter,No Holiday
250,15,-5.8,30,0,0,Winter,No Holiday
248,16,-6,29,0,0,Winter,No Holiday
305,17,-7,32,0,0,Winter,No Holiday
529,18,-7.7,36,0,0,Winter,No Holiday
350,19,-8.2,43,0,0,Winter,No Holiday
260,20,-8.4,42,0,0,Winter,No Holiday
270,21,-8.8,43,0,0,Winter,No Holiday
256,22,-9,45,0,0,Winter,No Holiday
173,23,-9.3,47,0,0,Winter,No Holiday
168,0,-9.5,48,0,0,Winter,No Holiday
183,1,-10.2,52,0,0,Winter,No Holiday
120,2,-10.4,53,0,0,Winter,No Holiday
79,3,-10.9,55,0,0,Winter,No Holiday
41,4,-11.4,58,0,0,Winter,No Holiday
68,5,-11.5,58,0,0,Winter,No Holiday
109,6,-11.9,57,0,0,Winter,No Holiday
310,7,-11.7,53,0,0,Winter,No Holiday
591,8,-11.4,47,0,0,Winter,No Holiday
340,9,-11.1,46,0,0,Winter,No Holiday
202,10,-9.5,39,0,0,Winter,No Holiday
251,11,-8.1,35,0,0,Winter,No Holiday
267,12,-6.5,30,0,0,Winter,No Holiday
251,13,-5.8,28,0,0,Winter,No Holiday
240,14,-4.7,27,0,0,Winter,No Holiday
240,15,-4.9,26,0,0,Winter,No Holiday
278,16,-4.5,26,0,0,Winter,No Holiday
392,17,-5.6,29,0,0,Winter,No Holiday
537,18,-6.6,33,0,0,Winter,No Holiday
373,19,-6.6,31,0,0,Winter,No Holiday
263,20,-7.6,35,0,0,Winter,No Holiday
271,21,-8.3,39,0,0,Winter,No Holiday
271,22,-8.9,39,0,0,Winter,No Holiday
174,23,-9.2,44,0,0,Winter,No Holiday
171,0,-9.5,50,0,0,Winter,No Holiday
170,1,-9.8,48,0,0,Winter,No Holiday
107,2,-10.6,44,0,0,Winter,No Holiday
80,3,-10.7,48,0,0,Winter,No Holiday
52,4,-11,50,0,0,Winter,No Holiday
62,5,-10.8,48,0,0,Winter,No Holiday
108,6,-11,55,0,0,Winter,No Holiday
279,7,-10.9,57,0,0,Winter,No Holiday
621,8,-10.4,54,0,0,Winter,No Holiday
305,9,-9.4,44,0,0,Winter,No Holiday
189,10,-7.7,43,0,0,Winter,No Holiday
247,11,-6.1,38,0,0,Winter,No Holiday
278,12,-4.9,34,0,0,Winter,No Holiday
282,13,-3.8,32,0,0,Winter,No Holiday
294,14,-2.7,28,0,0,Winter,No Holiday
301,15,-2.5,29,0,0,Winter,No Holiday
335,16,-2.4,28,0,0,Winter,No Holiday
382,17,-2.9,31,0,0,Winter,No Holiday
612,18,-3.5,35,0,0,Winter,No Holiday
410,19,-4.2,40,0,0,Winter,No Holiday
277,20,-4.8,43,0,0,Winter,No Holiday
316,21,-4.8,45,0,0,Winter,No Holiday
309,22,-4.9,44,0,0,Winter,No Holiday
211,23,-5.6,53,0,0,Winter,No Holiday
227,0,-5.7,53,0,0,Winter,No Holiday
241,1,-6.3,57,0,0,Winter,No Holiday
162,2,-6.8,58,0,0,Winter,No Holiday
110,3,-6.9,56,0,0,Winter,No Holiday
69,4,-7.1,59,0,0,Winter,No Holiday
68,5,-7.5,64,0,0,Winter,No Holiday
129,6,-7.4,64,0,0,Winter,No Holiday
285,7,-7,63,0,0,Winter,No Holiday
658,8,-6.6,64,0,0,Winter,No Holiday
330,9,-5.9,60,0,0,Winter,No Holiday
221,10,-4.6,52,0,0,Winter,No Holiday
279,11,-2.9,46,0,0,Winter,No Holiday
309,12,-2.5,43,0,0,Winter,No Holiday
325,13,-1.6,40,0,0,Winter,No Holiday
329,14,-0.7,39,0,0,Winter,No Holiday
342,15,0.1,35,0,0,Winter,No Holiday
354,16,0,37,0,0,Winter,No Holiday
464,17,-0.2,39,0,0,Winter,No Holiday
682,18,0.1,43,0,0,Winter,No Holiday
451,19,0.6,41,0,0,Winter,No Holiday
320,20,0.9,42,0,0,Winter,No Holiday
300,21,0.7,47,0,0,Winter,No Holiday
296,22,-0.1,49,0,0,Winter,No Holiday
247,23,-1.3,60,0,0,Winter,No Holiday
217,0,-2.6,73,0,0,Winter,No Holiday
302,1,-3.4,76,0,0,Winter,No Holiday
228,2,-4.1,73,0,0,Winter,No Holiday
129,3,-4.5,71,0,0,Winter,No Holiday
80,4,-5,70,0,0,Winter,No Holiday
45,5,-5.6,72,0,0,Winter,No Holiday
66,6,-6.1,69,0,0,Winter,No Holiday
90,7,-6.7,64,0,0,Winter,No Holiday
190,8,-7.3,62,0,0,Winter,No Holiday
195,9,-7.2,47,0,0,Winter,No Holiday
201,10,-6.2,42,0,0,Winter,No Holiday
239,11,-5.2,30,0,0,Winter,No Holiday
252,12,-4.1,28,0,0,Winter,No Holiday
296,13,-3.7,23,0,0,Winter,No Holiday
292,14,-3.4,22,0,0,Winter,No Holiday
291,15,-3.3,22,0,0,Winter,No Holiday
258,16,-3.3,24,0,0,Winter,No Holiday
277,17,-4.6,26,0,0,Winter,No Holiday
212,18,-5.3,28,0,0,Winter,No Holiday
173,19,-6,32,0,0,Winter,No Holiday
143,20,-6.6,37,0,0,Winter,No Holiday
159,21,-7.1,39,0,0,Winter,No Holiday
155,22,-7.6,41,0,0,Winter,No Holiday
142,23,-8,41,0,0,Winter,No Holiday
175,0,-8.1,41,0,0,Winter,No Holiday
146,1,-8.4,40,0,0,Winter,No Holiday
132,2,-8.7,40,0,0,Winter,No Holiday
100,3,-9,40,0,0,Winter,No Holiday
41,4,-9.5,40,0,0,Winter,No Holiday
31,5,-9.7,41,0,0,Winter,No Holiday
39,6,-9.9,42,0,0,Winter,No Holiday
53,7,-10.2,42,0,0,Winter,No Holiday
94,8,-10.7,43,0,0,Winter,No Holiday
122,9,-10.5,38,0,0,Winter,No Holiday
142,10,-8.5,31,0,0,Winter,No Holiday
189,11,-7.2,29,0,0,Winter,No Holiday
216,12,-4.9,25,0,0,Winter,No Holiday
223,13,-4.5,25,0,0,Winter,No Holiday
268,14,-3.2,26,0,0,Winter,No Holiday
278,15,-2.5,28,0,0,Winter,No Holiday
256,16,-2.7,31,0,0,Winter,No Holiday
266,17,-3.8,35,0,0,Winter,No Holiday
204,18,-4.7,37,0,0,Winter,No Holiday
157,19,-5.6,39,0,0,Winter,No Holiday
166,20,-6,42,0,0,Winter,No Holiday
168,21,-6.5,45,0,0,Winter,No Holiday
172,22,-6.6,50,0,0,Winter,No Holiday
138,23,-6.9,53,0,0,Winter,No Holiday
151,0,-5.9,50,0,0,Winter,No Holiday
97,1,-5.3,48,0,0,Winter,No Holiday
38,2,-5,65,0,0.2,Winter,No Holiday
32,3,-5.3,76,0.3,0.5,Winter,No Holiday
29,4,-5.4,81,0,0.7,Winter,No Holiday
27,5,-5.3,81,0,0.8,Winter,No Holiday
45,6,-5.2,85,0.4,1.3,Winter,No Holiday
96,7,-5,85,0,1.8,Winter,No Holiday
146,8,-4.6,86,0,2,Winter,No Holiday
52,9,-4.3,89,1.6,4,Winter,No Holiday
36,10,-3.7,87,0,4.8,Winter,No Holiday
44,11,-2.9,85,0,4.8,Winter,No Holiday
62,12,-1.8,83,1.1,5.1,Winter,No Holiday
76,13,-0.9,84,0,5,Winter,No Holiday
116,14,0.5,76,0,4.2,Winter,No Holiday
137,15,1.6,73,0,3.2,Winter,No Holiday
181,16,1.8,76,0,2.7,Winter,No Holiday
175,17,0.4,84,0,2.7,Winter,No Holiday
281,18,0,88,0,2.7,Winter,No Holiday
198,19,1.3,65,0,2.7,Winter,No Holiday
165,20,3.3,65,0,2.7,Winter,No Holiday
148,21,2.8,73,0,2.6,Winter,No Holiday
160,22,1.5,82,0,2.6,Winter,No Holiday
128,23,0.1,81,0,2.6,Winter,No Holiday
122,0,-1,73,0,2.6,Winter,No Holiday
122,1,-2,72,0,2.6,Winter,No Holiday
93,2,-2.7,72,0,2.6,Winter,No Holiday
55,3,-2.8,58,0,2.6,Winter,No Holiday
39,4,-2.9,59,0,2.6,Winter,No Holiday
55,5,-3.9,66,0,2.6,Winter,No Holiday
78,6,-4.3,70,0,2.6,Winter,No Holiday
165,7,-4.4,64,0,2.6,Winter,No Holiday
390,8,-5.2,58,0,2.5,Winter,No Holiday
199,9,-5.3,48,0,2.5,Winter,No Holiday
151,10,-4.6,41,0,2.5,Winter,No Holiday
174,11,-3.5,35,0,2.5,Winter,No Holiday
191,12,-2.5,31,0,2.3,Winter,No Holiday
189,13,-2.2,25,0,2.2,Winter,No Holiday
178,14,-2.2,23,0,2.2,Winter,No Holiday
195,15,-1.3,26,0,2.1,Winter,No Holiday
211,16,-1.8,31,0,2,Winter,No Holiday
256,17,-2.7,35,0,2,Winter,No Holiday
384,18,-3.8,42,0,2,Winter,No Holiday
276,19,-4.5,51,0,2,Winter,No Holiday
225,20,-4.9,55,0,2,Winter,No Holiday
224,21,-5,57,0,2,Winter,No Holiday
213,22,-5.5,56,0,2,Winter,No Holiday
149,23,-5.8,57,0,2,Winter,No Holiday
142,0,-6.5,63,0,2,Winter,No Holiday
172,1,-7.3,67,0,2,Winter,No Holiday
108,2,-7.8,68,0,2,Winter,No Holiday
71,3,-8.1,70,0,2,Winter,No Holiday
38,4,-8.5,73,0,2,Winter,No Holiday
56,5,-8.3,67,0,2,Winter,No Holiday
97,6,-8.2,66,0,2,Winter,No Holiday
213,7,-8.1,67,0,2,Winter,No Holiday
466,8,-7.8,65,0,2,Winter,No Holiday
239,9,-6.7,62,0,2,Winter,No Holiday
162,10,-5.4,56,0,2,Winter,No Holiday
204,11,-4.2,51,0,1.9,Winter,No Holiday
209,12,-3.2,49,0,1.9,Winter,No Holiday
228,13,-1.3,43,0,1.7,Winter,No Holiday
243,14,-0.5,44,0,1.7,Winter,No Holiday
240,15,-0.2,45,0,1.6,Winter,No Holiday
225,16,-0.5,48,0,1.6,Winter,No Holiday
237,17,-0.9,70,0,2.2,Winter,No Holiday
329,18,-1.4,79,0.1,2.2,Winter,No Holiday
190,19,-1.5,81,0,2.2,Winter,No Holiday
165,20,-1.9,86,0,2.4,Winter,No Holiday
197,21,-2,83,0.1,2.4,Winter,No Holiday
184,22,-1.6,82,0,2.3,Winter,No Holiday
153,23,-1.1,87,0,2.2,Winter,No Holiday
166,0,-1.3,90,0,2.2,Winter,No Holiday
189,1,-1.8,90,0,2.2,Winter,No Holiday
132,2,-2.2,88,0,2.2,Winter,No Holiday
79,3,-2.9,89,0,2.2,Winter,No Holiday
58,4,-3.6,91,0,2.2,Winter,No Holiday
49,5,-4.3,91,0,2.2,Winter,No Holiday
84,6,-4.8,91,0,2.2,Winter,No Holiday
178,7,-5.3,90,0,2.2,Winter,No Holiday
423,8,-5.6,89,0,2.2,Winter,No Holiday
265,9,-5.3,88,0,2.2,Winter,No Holiday
169,10,-3,71,0,2.1,Winter,No Holiday
243,11,-0.7,62,0,2,Winter,No Holiday
290,12,1.9,40,0,1.9,Winter,No Holiday
285,13,3.2,42,0,1.8,Winter,No Holiday
255,14,4.3,47,0,1.6,Winter,No Holiday
316,15,4.4,46,0,1,Winter,No Holiday
301,16,4.1,51,0,0.9,Winter,No Holiday
366,17,2.9,60,0,0.8,Winter,No Holiday
531,18,1.7,64,0,0.8,Winter,No Holiday
355,19,0.8,71,0,0.8,Winter,No Holiday
288,20,0.2,72,0,0.8,Winter,No Holiday
248,21,-0.4,74,0,0.8,Winter,No Holiday
252,22,-1.1,78,0,0.8,Winter,No Holiday
212,23,-1.5,79,0,0.8,Winter,No Holiday
196,0,-1.7,79,0,0.8,Winter,Holiday
250,1,-1.6,79,0,0.8,Winter,Holiday
161,2,-1.1,79,0,0.8,Winter,Holiday
99,3,-0.6,76,0,0.7,Winter,Holiday
64,4,-0.3,76,0,0.7,Winter,Holiday
76,5,-0.2,73,0,0.7,Winter,Holiday
114,6,-0.1,71,0,0.7,Winter,Holiday
283,7,-0.3,72,0,0.7,Winter,Holiday
544,8,-0.4,69,0,0.7,Winter,Holiday
298,9,0.3,67,0,0.6,Winter,Holiday
248,10,1.4,64,0,0.5,Winter,Holiday
278,11,3.1,57,0,0,Winter,Holiday
301,12,4.5,56,0,0,Winter,Holiday
320,13,5.4,55,0,0,Winter,Holiday
326,14,5.9,55,0,0,Winter,Holiday
386,15,6.5,55,0,0,Winter,Holiday
416,16,6,58,0,0,Winter,Holiday
477,17,5.4,61,0,0,Winter,Holiday
671,18,4.9,63,0,0,Winter,Holiday
481,19,5.2,64,0,0,Winter,Holiday
323,20,5.9,67,0,0,Winter,Holiday
309,21,6.1,70,0,0,Winter,Holiday
314,22,6.1,70,0,0,Winter,Holiday
249,23,5.8,74,0,0,Winter,Holiday
282,0,5.8,75,0,0,Winter,No Holiday
337,1,5.7,75,0,0,Winter,No Holiday
312,2,5.6,76,0,0,Winter,No Holiday
230,3,5.4,77,0,0,Winter,No Holiday
120,4,5.3,79,0,0,Winter,No Holiday
59,5,5,81,0,0,Winter,No Holiday
63,6,5.1,81,0,0,Winter,No Holiday
99,7,5.1,82,0,0,Winter,No Holiday
188,8,5.1,83,0,0,Winter,No Holiday
239,9,5.2,84,0,0,Winter,No Holiday
235,10,5.4,82,0,0,Winter,No Holiday
282,11,5.7,81,0,0,Winter,No Holiday
325,12,7,72,0,0,Winter,No Holiday
423,13,7.7,68,0,0,Winter,No Holiday
405,14,8.6,63,0,0,Winter,No Holiday
443,15,8.6,64,0,0,Winter,No Holiday
473,16,8.2,64,0,0,Winter,No Holiday
453,17,7.7,67,0,0,Winter,No Holiday
340,18,6.6,73,0,0,Winter,No Holiday
260,19,6,76,0,0,Winter,No Holiday
258,20,5.9,75,0,0,Winter,No Holiday
279,21,5.6,77,0,0,Winter,No Holiday
282,22,5.3,79,0,0,Winter,No Holiday
237,23,5.5,80,0,0,Winter,No Holiday
266,0,5.6,78,0,0,Winter,Holiday
251,1,5.6,78,0,0,Winter,Holiday
196,2,5.4,80,0,0,Winter,Holiday
149,3,5.2,82,0,0,Winter,Holiday
79,4,5.2,82,0,0,Winter,Holiday
44,5,5.1,82,0,0,Winter,Holiday
12,6,4.9,84,0.1,0,Winter,Holiday
3,7,4.7,89,0,0,Winter,Holiday
4,8,4.6,91,0,0,Winter,Holiday
3,9,4.6,94,6.4,0,Winter,Holiday
4,10,4.8,96,0,0,Winter,Holiday
9,11,4.6,95,0,0,Winter,Holiday
4,12,4.1,91,9.5,0,Winter,Holiday
7,13,3.7,90,0,0,Winter,Holiday
28,14,3.3,90,0,0,Winter,Holiday
38,15,2.9,90,3.5,0,Winter,Holiday
54,16,2.3,91,0,0,Winter,Holiday
104,17,2.2,86,0,0,Winter,Holiday
128,18,1.9,82,0.5,0,Winter,Holiday
132,19,1.1,68,0,0,Winter,Holiday
116,20,0.6,67,0,0,Winter,Holiday
145,21,0.4,69,0,0,Winter,Holiday
110,22,0.2,69,0,0,Winter,Holiday
128,23,0,63,0,0,Winter,Holiday
160,0,-0.6,64,0,0,Winter,Holiday
132,1,-1.2,57,0,0,Winter,Holiday
115,2,-1.8,53,0,0,Winter,Holiday
100,3,-2.3,52,0,0,Winter,Holiday
72,4,-3,51,0,0,Winter,Holiday
32,5,-3.7,51,0,0,Winter,Holiday
59,6,-4.1,50,0,0,Winter,Holiday
61,7,-4.6,46,0,0,Winter,Holiday
94,8,-4.9,44,0,0,Winter,Holiday
107,9,-4.6,40,0,0,Winter,Holiday
133,10,-3.7,35,0,0,Winter,Holiday
179,11,-2.8,35,0,0,Winter,Holiday
221,12,-1.6,33,0,0,Winter,Holiday
244,13,-1.5,33,0,0,Winter,Holiday
274,14,-0.4,31,0,0,Winter,Holiday
319,15,0.4,28,0,0,Winter,Holiday
272,16,0.4,27,0,0,Winter,Holiday
260,17,-0.7,29,0,0,Winter,Holiday
237,18,-1.6,33,0,0,Winter,Holiday
184,19,-1.8,41,0,0,Winter,Holiday
181,20,-2.1,49,0,0,Winter,Holiday
185,21,-1.7,51,0,0,Winter,Holiday
176,22,-1.3,53,0,0,Winter,Holiday
169,23,-1,55,0,0,Winter,Holiday
178,0,-1.4,58,0,0,Winter,No Holiday
127,1,-1.5,62,0,0,Winter,No Holiday
85,2,-2.1,69,0,0,Winter,No Holiday
72,3,-2.6,70,0,0,Winter,No Holiday
49,4,-2.6,72,0,0,Winter,No Holiday
65,5,-2.9,77,0,0,Winter,No Holiday
120,6,-2.8,73,0,0,Winter,No Holiday
296,7,-2.9,73,0,0,Winter,No Holiday
578,8,-2.7,68,0,0,Winter,No Holiday
293,9,-2.8,52,0,0,Winter,No Holiday
180,10,-2.2,36,0,0,Winter,No Holiday
250,11,-2.1,28,0,0,Winter,No Holiday
262,12,-1.3,23,0,0,Winter,No Holiday
262,13,-2,15,0,0,Winter,No Holiday
271,14,-1.6,20,0,0,Winter,No Holiday
246,15,-1.9,17,0,0,Winter,No Holiday
282,16,-1.9,17,0,0,Winter,No Holiday
350,17,-3.6,20,0,0,Winter,No Holiday
481,18,-4.7,23,0,0,Winter,No Holiday
317,19,-5.4,27,0,0,Winter,No Holiday
252,20,-6.1,32,0,0,Winter,No Holiday
220,21,-6.6,39,0,0,Winter,No Holiday
213,22,-7.2,38,0,0,Winter,No Holiday
156,23,-7.5,37,0,0,Winter,No Holiday
133,0,-7.9,37,0,0,Winter,No Holiday
142,1,-8.2,39,0,0,Winter,No Holiday
93,2,-8.6,37,0,0,Winter,No Holiday
81,3,-9.1,37,0,0,Winter,No Holiday
55,4,-9.1,33,0,0,Winter,No Holiday
66,5,-9.4,36,0,0,Winter,No Holiday
105,6,-9.8,37,0,0,Winter,No Holiday
262,7,-10.1,38,0,0,Winter,No Holiday
502,8,-10.2,35,0,0,Winter,No Holiday
279,9,-9.8,33,0,0,Winter,No Holiday
146,10,-8.5,29,0,0,Winter,No Holiday
213,11,-6.8,28,0,0,Winter,No Holiday
230,12,-5.5,21,0,0,Winter,No Holiday
258,13,-4.7,18,0,0,Winter,No Holiday
231,14,-4,18,0,0,Winter,No Holiday
228,15,-3.1,16,0,0,Winter,No Holiday
269,16,-3.2,23,0,0,Winter,No Holiday
314,17,-4.2,26,0,0,Winter,No Holiday
466,18,-5.2,32,0,0,Winter,No Holiday
315,19,-5.5,31,0,0,Winter,No Holiday
262,20,-5.9,34,0,0,Winter,No Holiday
242,21,-6.4,34,0,0,Winter,No Holiday
243,22,-6.4,36,0,0,Winter,No Holiday
216,23,-6.3,39,0,0,Winter,No Holiday
164,0,-6.5,41,0,0,Winter,No Holiday
169,1,-6.6,39,0,0,Winter,No Holiday
163,2,-6.6,34,0,0,Winter,No Holiday
86,3,-6,32,0,0,Winter,No Holiday
50,4,-5.8,32,0,0,Winter,No Holiday
61,5,-5.7,28,0,0,Winter,No Holiday
103,6,-5.5,24,0,0,Winter,No Holiday
257,7,-5,31,0,0,Winter,No Holiday
554,8,-4.7,30,0,0,Winter,No Holiday
326,9,-4.3,38,0,0,Winter,No Holiday
225,10,-3.4,33,0,0,Winter,No Holiday
288,11,-2.1,34,0,0,Winter,No Holiday
286,12,-0.8,38,0,0,Winter,No Holiday
301,13,0.8,46,0,0,Winter,No Holiday
311,14,0.8,55,0,0,Winter,No Holiday
303,15,0.4,57,0,0,Winter,No Holiday
390,16,0.3,57,0,0,Winter,No Holiday
407,17,0.2,58,0,0,Winter,No Holiday
552,18,-0.6,62,0,0,Winter,No Holiday
402,19,-0.4,62,0,0,Winter,No Holiday
319,20,-0.3,62,0,0,Winter,No Holiday
332,21,-0.2,62,0,0,Winter,No Holiday
285,22,0,63,0,0,Winter,No Holiday
260,23,0.1,63,0,0,Winter,No Holiday
233,0,0.2,63,0,0,Winter,No Holiday
269,1,0.3,63,0,0,Winter,No Holiday
210,2,0.5,63,0,0,Winter,No Holiday
135,3,0.6,64,0,0,Winter,No Holiday
85,4,0.6,65,0,0,Winter,No Holiday
67,5,0.7,66,0,0,Winter,No Holiday
128,6,0.8,68,0,0,Winter,No Holiday
289,7,0.9,67,0,0,Winter,No Holiday
636,8,1,68,0,0,Winter,No Holiday
353,9,1.2,67,0,0,Winter,No Holiday
252,10,1.9,65,0,0,Winter,No Holiday
317,11,3.1,62,0,0,Winter,No Holiday
363,12,4.3,62,0,0,Winter,No Holiday
370,13,5.2,58,0,0,Winter,No Holiday
419,14,5.7,54,0,0,Winter,No Holiday
426,15,5.7,53,0,0,Winter,No Holiday
504,16,5.4,56,0,0,Winter,No Holiday
534,17,4.5,59,0,0,Winter,No Holiday
574,18,3.6,62,0,0,Winter,No Holiday
395,19,2.7,68,0,0,Winter,No Holiday
292,20,1.7,73,0,0,Winter,No Holiday
282,21,1,77,0,0,Winter,No Holiday
294,22,0.8,77,0,0,Winter,No Holiday
236,23,0.3,80,0,0,Winter,No Holiday
240,0,-0.4,83,0,0,Winter,No Holiday
234,1,-0.5,83,0,0,Winter,No Holiday
192,2,-0.9,84,0,0,Winter,No Holiday
127,3,-1.1,83,0,0,Winter,No Holiday
86,4,-1.1,83,0,0,Winter,No Holiday
52,5,-1.2,81,0,0,Winter,No Holiday
62,6,-1.1,81,0,0,Winter,No Holiday
88,7,-0.7,79,0,0,Winter,No Holiday
162,8,-0.4,78,0,0,Winter,No Holiday
224,9,0.2,76,0,0,Winter,No Holiday
208,10,0.8,73,0,0,Winter,No Holiday
237,11,2,69,0,0,Winter,No Holiday
274,12,3.2,64,0,0,Winter,No Holiday
333,13,4,62,0,0,Winter,No Holiday
356,14,4.3,60,0,0,Winter,No Holiday
337,15,4.3,61,0,0,Winter,No Holiday
345,16,4.1,63,0,0,Winter,No Holiday
183,17,3.8,64,0,0,Winter,No Holiday
45,18,3,84,0.3,0,Winter,No Holiday
40,19,2.3,89,0,0,Winter,No Holiday
66,20,1.9,90,0,0,Winter,No Holiday
64,21,1.8,92,0.2,0,Winter,No Holiday
30,22,1.8,92,0,0,Winter,No Holiday
42,23,1.4,92,0,0,Winter,No Holiday
43,0,0.9,95,0.2,0.2,Winter,Holiday
43,1,0.5,95,0,0.6,Winter,Holiday
65,2,0.4,95,0,1.2,Winter,Holiday
65,3,0.3,91,1,1.2,Winter,Holiday
32,4,-0.2,87,0,1.2,Winter,Holiday
22,5,-0.8,85,0,1.2,Winter,Holiday
25,6,-1.3,84,0,1.2,Winter,Holiday
39,7,-1.8,86,0,1.2,Winter,Holiday
84,8,-2.1,86,0,1.2,Winter,Holiday
103,9,-1.9,82,0,1.2,Winter,Holiday
110,10,-0.5,73,0,1.1,Winter,Holiday
142,11,0.8,62,0,1.1,Winter,Holiday
209,12,1.4,47,0,1,Winter,Holiday
267,13,2.5,36,0,0.7,Winter,Holiday
262,14,3,28,0,0,Winter,Holiday
300,15,3.1,25,0,0,Winter,Holiday
272,16,2.7,26,0,0,Winter,Holiday
240,17,1.7,30,0,0,Winter,Holiday
215,18,0.7,31,0,0,Winter,Holiday
163,19,0,31,0,0,Winter,Holiday
161,20,-1,32,0,0,Winter,Holiday
179,21,-1.6,35,0,0,Winter,Holiday
155,22,-2.1,36,0,0,Winter,Holiday
227,23,-2.6,40,0,0,Winter,Holiday
206,0,-3.2,40,0,0,Winter,Holiday
230,1,-3.3,41,0,0,Winter,Holiday
178,2,-3.7,42,0,0,Winter,Holiday
119,3,-4,44,0,0,Winter,Holiday
62,4,-4.2,53,0,0,Winter,Holiday
61,5,-4.4,54,0,0,Winter,Holiday
65,6,-4.5,51,0,0,Winter,Holiday
81,7,-4.7,56,0,0,Winter,Holiday
89,8,-5,55,0,0,Winter,Holiday
121,9,-4.3,39,0,0,Winter,Holiday
139,10,-1.6,32,0,0,Winter,Holiday
169,11,0.1,27,0,0,Winter,Holiday
225,12,1.5,20,0,0,Winter,Holiday
248,13,2.4,22,0,0,Winter,Holiday
298,14,3.7,24,0,0,Winter,Holiday
344,15,3,27,0,0,Winter,Holiday
310,16,3,28,0,0,Winter,Holiday
271,17,1.8,33,0,0,Winter,Holiday
218,18,0.8,34,0,0,Winter,Holiday
125,19,-0.1,39,0,0,Winter,Holiday
206,20,-0.3,40,0,0,Winter,Holiday
203,21,-0.9,44,0,0,Winter,Holiday
168,22,-1.3,48,0,0,Winter,Holiday
154,23,-1.6,51,0,0,Winter,Holiday
148,0,-1.8,54,0,0,Winter,No Holiday
108,1,-2.1,56,0,0,Winter,No Holiday
69,2,-2.3,62,0,0,Winter,No Holiday
41,3,-2.5,62,0,0,Winter,No Holiday
31,4,-2.7,67,0,0,Winter,No Holiday
58,5,-3.1,67,0,0,Winter,No Holiday
139,6,-3.2,67,0,0,Winter,No Holiday
344,7,-3.2,69,0,0,Winter,No Holiday
655,8,-3.4,71,0,0,Winter,No Holiday
315,9,-3.1,66,0,0,Winter,No Holiday
208,10,-1.4,50,0,0,Winter,No Holiday
269,11,-0.4,40,0,0,Winter,No Holiday
293,12,0.9,29,0,0,Winter,No Holiday
273,13,1.5,23,0,0,Winter,No Holiday
302,14,1.7,20,0,0,Winter,No Holiday
295,15,1.5,22,0,0,Winter,No Holiday
320,16,1.3,23,0,0,Winter,No Holiday
373,17,0.3,27,0,0,Winter,No Holiday
675,18,-0.8,24,0,0,Winter,No Holiday
403,19,-1.3,28,0,0,Winter,No Holiday
364,20,-1.9,26,0,0,Winter,No Holiday
304,21,-2.6,28,0,0,Winter,No Holiday
273,22,-3.4,33,0,0,Winter,No Holiday
186,23,-3.8,35,0,0,Winter,No Holiday
160,0,-4.3,38,0,0,Winter,No Holiday
130,1,-5,42,0,0,Winter,No Holiday
110,2,-5.5,43,0,0,Winter,No Holiday
67,3,-6.1,45,0,0,Winter,No Holiday
43,4,-6.1,45,0,0,Winter,No Holiday
67,5,-6.4,47,0,0,Winter,No Holiday
137,6,-6.7,48,0,0,Winter,No Holiday
308,7,-6.9,48,0,0,Winter,No Holiday
670,8,-7,49,0,0,Winter,No Holiday
342,9,-6.8,44,0,0,Winter,No Holiday
213,10,-5.6,38,0,0,Winter,No Holiday
267,11,-4.5,36,0,0,Winter,No Holiday
297,12,-3.4,32,0,0,Winter,No Holiday
279,13,-2.2,31,0,0,Winter,No Holiday
270,14,-1.5,30,0,0,Winter,No Holiday
286,15,-1.1,29,0,0,Winter,No Holiday
299,16,-0.4,30,0,0,Winter,No Holiday
382,17,-1.9,35,0,0,Winter,No Holiday
637,18,-3.1,39,0,0,Winter,No Holiday
431,19,-3.7,41,0,0,Winter,No Holiday
294,20,-3.9,44,0,0,Winter,No Holiday
335,21,-4.3,47,0,0,Winter,No Holiday
291,22,-5.2,53,0,0,Winter,No Holiday
197,23,-5.9,54,0,0,Winter,No Holiday
159,0,-6.3,54,0,0,Winter,No Holiday
150,1,-6.9,56,0,0,Winter,No Holiday
123,2,-7.3,57,0,0,Winter,No Holiday
57,3,-7.4,54,0,0,Winter,No Holiday
38,4,-7.5,55,0,0,Winter,No Holiday
66,5,-7.6,49,0,0,Winter,No Holiday
120,6,-7.6,47,0,0,Winter,No Holiday
302,7,-8.1,51,0,0,Winter,No Holiday
646,8,-8.6,55,0,0,Winter,No Holiday
340,9,-7.9,48,0,0,Winter,No Holiday
197,10,-6.4,43,0,0,Winter,No Holiday
264,11,-4.4,40,0,0,Winter,No Holiday
290,12,-2.9,33,0,0,Winter,No Holiday
284,13,-2,32,0,0,Winter,No Holiday
262,14,-0.8,32,0,0,Winter,No Holiday
281,15,-1.2,31,0,0,Winter,No Holiday
309,16,-1.4,34,0,0,Winter,No Holiday
397,17,-2.1,37,0,0,Winter,No Holiday
603,18,-2.6,38,0,0,Winter,No Holiday
417,19,-2.7,39,0,0,Winter,No Holiday
311,20,-2.8,39,0,0,Winter,No Holiday
310,21,-3.1,41,0,0,Winter,No Holiday
306,22,-3.6,46,0,0,Winter,No Holiday
221,23,-4,48,0,0,Winter,No Holiday
202,0,-4.7,52,0,0,Winter,No Holiday
170,1,-5.1,51,0,0,Winter,No Holiday
118,2,-5.3,52,0,0,Winter,No Holiday
67,3,-5.5,56,0,0,Winter,No Holiday
47,4,-5.1,55,0,0,Winter,No Holiday
75,5,-5.1,55,0,0,Winter,No Holiday
123,6,-5.1,54,0,0,Winter,No Holiday
327,7,-5.3,53,0,0,Winter,No Holiday
665,8,-5.3,51,0,0,Winter,No Holiday
354,9,-4.7,49,0,0,Winter,No Holiday
232,10,-3.3,50,0,0,Winter,No Holiday
308,11,-0.7,45,0,0,Winter,No Holiday
362,12,-0.3,45,0,0,Winter,No Holiday
312,13,0.9,43,0,0,Winter,No Holiday
343,14,1.4,41,0,0,Winter,No Holiday
333,15,1.5,34,0,0,Winter,No Holiday
329,16,1,34,0,0,Winter,No Holiday
446,17,-0.6,45,0,0,Winter,No Holiday
635,18,-1.8,44,0,0,Winter,No Holiday
443,19,-2.5,49,0,0,Winter,No Holiday
322,20,-3.4,51,0,0,Winter,No Holiday
284,21,-3.5,53,0,0,Winter,No Holiday
281,22,-3.8,53,0,0,Winter,No Holiday
189,23,-3.6,50,0,0,Winter,No Holiday
184,0,-4.3,52,0,0,Winter,No Holiday
222,1,-4.8,54,0,0,Winter,No Holiday
176,2,-5.5,56,0,0,Winter,No Holiday
103,3,-5.6,56,0,0,Winter,No Holiday
61,4,-5.9,61,0,0,Winter,No Holiday
48,5,-6.1,64,0,0,Winter,No Holiday
69,6,-6.5,67,0,0,Winter,No Holiday
105,7,-6.6,65,0,0,Winter,No Holiday
186,8,-6.5,62,0,0,Winter,No Holiday
221,9,-5.8,49,0,0,Winter,No Holiday
204,10,-3.5,39,0,0,Winter,No Holiday
245,11,-1.6,35,0,0,Winter,No Holiday
283,12,0,35,0,0,Winter,No Holiday
356,13,0.9,28,0,0,Winter,No Holiday
370,14,1.8,29,0,0,Winter,No Holiday
373,15,2.3,27,0,0,Winter,No Holiday
352,16,2.7,27,0,0,Winter,No Holiday
354,17,1.1,31,0,0,Winter,No Holiday
271,18,-0.6,37,0,0,Winter,No Holiday
207,19,-1.2,37,0,0,Winter,No Holiday
189,20,-2.1,41,0,0,Winter,No Holiday
214,21,-2.5,47,0,0,Winter,No Holiday
218,22,-2.6,47,0,0,Winter,No Holiday
169,23,-3.2,50,0,0,Winter,No Holiday
192,0,-3.8,48,0,0,Winter,No Holiday
162,1,-3.9,51,0,0,Winter,No Holiday
128,2,-4.4,53,0,0,Winter,No Holiday
102,3,-4.8,56,0,0,Winter,No Holiday
62,4,-5.1,60,0,0,Winter,No Holiday
40,5,-5.6,58,0,0,Winter,No Holiday
38,6,-5.5,52,0,0,Winter,No Holiday
60,7,-5.6,58,0,0,Winter,No Holiday
122,8,-5.3,53,0,0,Winter,No Holiday
143,9,-3.8,49,0,0,Winter,No Holiday
179,10,-1.8,40,0,0,Winter,No Holiday
214,11,0.5,35,0,0,Winter,No Holiday
278,12,1.1,34,0,0,Winter,No Holiday
265,13,1.4,34,0,0,Winter,No Holiday
331,14,1.9,32,0,0,Winter,No Holiday
368,15,2.7,31,0,0,Winter,No Holiday
333,16,2.6,32,0,0,Winter,No Holiday
349,17,2.3,33,0,0,Winter,No Holiday
270,18,1.8,34,0,0,Winter,No Holiday
246,19,1.6,35,0,0,Winter,No Holiday
233,20,1.3,38,0,0,Winter,No Holiday
236,21,1.2,39,0,0,Winter,No Holiday
214,22,1.1,40,0,0,Winter,No Holiday
149,23,1.1,39,0,0,Winter,No Holiday
149,0,0.9,42,0,0,Winter,No Holiday
109,1,0.9,42,0,0,Winter,No Holiday
77,2,0.8,42,0,0,Winter,No Holiday
53,3,0.9,43,0,0,Winter,No Holiday
46,4,1,43,0,0,Winter,No Holiday
67,5,0.8,42,0,0,Winter,No Holiday
159,6,0.8,45,0,0,Winter,No Holiday
374,7,0.7,44,0,0,Winter,No Holiday
701,8,0.7,45,0,0,Winter,No Holiday
387,9,0.8,47,0,0,Winter,No Holiday
253,10,1.3,43,0,0,Winter,No Holiday
278,11,1.7,37,0,0,Winter,No Holiday
356,12,2.7,33,0,0,Winter,No Holiday
303,13,3,32,0,0,Winter,No Holiday
349,14,3.4,31,0,0,Winter,No Holiday
318,15,3.9,33,0,0,Winter,No Holiday
353,16,3.5,36,0,0,Winter,No Holiday
385,17,2.7,50,0,0,Winter,No Holiday
316,18,1.5,70,0,0,Winter,No Holiday
127,19,0.9,88,0,0.5,Winter,No Holiday
144,20,1,89,0,1,Winter,No Holiday
146,21,0.7,77,0.9,1,Winter,No Holiday
149,22,0.1,68,0,1,Winter,No Holiday
112,23,-0.6,62,0,1,Winter,No Holiday
100,0,-1.2,67,0,1,Winter,No Holiday
107,1,-1.9,69,0,1,Winter,No Holiday
75,2,-2.9,66,0,1,Winter,No Holiday
52,3,-3.4,67,0,0.9,Winter,No Holiday
38,4,-4.3,59,0,0.9,Winter,No Holiday
52,5,-5.1,48,0,0.9,Winter,No Holiday
126,6,-5.6,52,0,0.9,Winter,No Holiday
245,7,-5.9,57,0,0.8,Winter,No Holiday
554,8,-6,64,0,0.7,Winter,No Holiday
320,9,-6,61,0,0.6,Winter,No Holiday
190,10,-4.8,57,0,0.5,Winter,No Holiday
247,11,-3.9,51,0,0.5,Winter,No Holiday
262,12,-2.7,45,0,0.4,Winter,No Holiday
265,13,-2.6,45,0,0.3,Winter,No Holiday
265,14,-1.8,45,0,0.2,Winter,No Holiday
257,15,-2.4,51,0,0,Winter,No Holiday
262,16,-2.4,56,0,0,Winter,No Holiday
332,17,-2.9,66,0,0,Winter,No Holiday
558,18,-3.8,58,0,0,Winter,No Holiday
364,19,-4.5,57,0,0,Winter,No Holiday
302,20,-4.9,59,0,0,Winter,No Holiday
281,21,-4.8,59,0,0,Winter,No Holiday
166,22,-4.2,67,0,0,Winter,No Holiday
80,23,-4.9,80,0,0.2,Winter,No Holiday
61,0,-5.2,82,0.5,0.5,Winter,No Holiday
78,1,-5.6,75,0,0.8,Winter,No Holiday
63,2,-5.7,72,0,0.8,Winter,No Holiday
40,3,-6.1,70,0.3,0.8,Winter,No Holiday
31,4,-6.6,72,0,0.8,Winter,No Holiday
39,5,-7.3,75,0,0.8,Winter,No Holiday
84,6,-7.7,74,0,0.8,Winter,No Holiday
158,7,-8,70,0,0.7,Winter,No Holiday
387,8,-7.9,67,0,0.7,Winter,No Holiday
225,9,-7.7,62,0,0.7,Winter,No Holiday
150,10,-6.9,53,0,0.6,Winter,No Holiday
168,11,-6.4,49,0,0.5,Winter,No Holiday
217,12,-5.6,44,0,0.5,Winter,No Holiday
207,13,-5.1,43,0,0.4,Winter,No Holiday
177,14,-5.3,37,0,0.3,Winter,No Holiday
193,15,-5.3,33,0,0.3,Winter,No Holiday
196,16,-5.4,30,0,0.2,Winter,No Holiday
266,17,-6.5,34,0,0,Winter,No Holiday
437,18,-7.8,32,0,0,Winter,No Holiday
259,19,-8.5,35,0,0,Winter,No Holiday
207,20,-8.9,41,0,0,Winter,No Holiday
214,21,-9.4,47,0,0,Winter,No Holiday
165,22,-9.7,51,0,0,Winter,No Holiday
139,23,-10.2,53,0,0,Winter,No Holiday
98,0,-10.3,54,0,0,Winter,No Holiday
100,1,-10.6,55,0,0,Winter,No Holiday
89,2,-10.9,57,0,0,Winter,No Holiday
38,3,-11.2,59,0,0,Winter,No Holiday
33,4,-11.5,57,0,0,Winter,No Holiday
42,5,-11.9,61,0,0,Winter,No Holiday
82,6,-12,61,0,0,Winter,No Holiday
203,7,-12.3,59,0,0,Winter,No Holiday
443,8,-12.6,61,0,0,Winter,No Holiday
227,9,-12,53,0,0,Winter,No Holiday
152,10,-11.1,46,0,0,Winter,No Holiday
146,11,-10.2,41,0,0,Winter,No Holiday
187,12,-8.6,40,0,0,Winter,No Holiday
178,13,-8.6,41,0,0,Winter,No Holiday
187,14,-7.4,38,0,0,Winter,No Holiday
181,15,-8.3,42,0,0,Winter,No Holiday
179,16,-8.2,39,0,0,Winter,No Holiday
219,17,-9.3,43,0,0,Winter,No Holiday
352,18,-10.4,43,0,0,Winter,No Holiday
251,19,-10.9,44,0,0,Winter,No Holiday
177,20,-11.6,49,0,0,Winter,No Holiday
162,21,-12.4,51,0,0,Winter,No Holiday
172,22,-12.9,52,0,0,Winter,No Holiday
119,23,-13.2,51,0,0,Winter,No Holiday
105,0,-13.6,49,0,0,Winter,No Holiday
99,1,-13.7,47,0,0,Winter,No Holiday
83,2,-13.8,43,0,0,Winter,No Holiday
42,3,-14.1,45,0,0,Winter,No Holiday
30,4,-14.3,45,0,0,Winter,No Holiday
35,5,-14.6,45,0,0,Winter,No Holiday
92,6,-14.9,45,0,0,Winter,No Holiday
189,7,-15.1,45,0,0,Winter,No Holiday
419,8,-15.1,44,0,0,Winter,No Holiday
196,9,-14.9,40,0,0,Winter,No Holiday
119,10,-13,37,0,0,Winter,No Holiday
140,11,-11.2,31,0,0,Winter,No Holiday
178,12,-9.6,27,0,0,Winter,No Holiday
177,13,-8.2,29,0,0,Winter,No Holiday
173,14,-7.2,28,0,0,Winter,No Holiday
177,15,-6.5,26,0,0,Winter,No Holiday
196,16,-5.8,21,0,0,Winter,No Holiday
259,17,-6.5,22,0,0,Winter,No Holiday
405,18,-7.5,28,0,0,Winter,No Holiday
273,19,-8.2,32,0,0,Winter,No Holiday
210,20,-7.9,31,0,0,Winter,No Holiday
184,21,-7.4,33,0,0,Winter,No Holiday
186,22,-6.9,39,0,0,Winter,No Holiday
144,23,-6.7,36,0,0,Winter,No Holiday
152,0,-6.6,39,0,0,Winter,No Holiday
168,1,-6.5,45,0,0,Winter,No Holiday
145,2,-6.4,40,0,0,Winter,No Holiday
77,3,-6.5,42,0,0,Winter,No Holiday
47,4,-6.4,46,0,0,Winter,No Holiday
40,5,-6.3,51,0,0,Winter,No Holiday
42,6,-6.4,59,0,0,Winter,No Holiday
43,7,-6.5,68,0,0,Winter,No Holiday
67,8,-6.5,72,0,0.2,Winter,No Holiday
102,9,-6.3,76,0.2,0.4,Winter,No Holiday
106,10,-5.5,72,0,0.6,Winter,No Holiday
133,11,-4.8,70,0,0.6,Winter,No Holiday
174,12,-3.7,66,0.2,0.4,Winter,No Holiday
212,13,-2.5,62,0,0,Winter,No Holiday
215,14,-1.8,62,0,0,Winter,No Holiday
251,15,-1.5,62,0,0,Winter,No Holiday
249,16,-1.2,63,0,0,Winter,No Holiday
277,17,-1.4,68,0,0,Winter,No Holiday
223,18,-2.6,73,0,0,Winter,No Holiday
167,19,-3.3,76,0,0,Winter,No Holiday
158,20,-3.9,78,0,0,Winter,No Holiday
156,21,-4.1,79,0,0,Winter,No Holiday
168,22,-4.3,81,0,0,Winter,No Holiday
131,23,-4.4,81,0,0,Winter,No Holiday
149,0,-4.4,81,0,0,Winter,No Holiday
150,1,-3.7,79,0,0,Winter,No Holiday
111,2,-3.5,78,0,0,Winter,No Holiday
79,3,-3.6,78,0,0,Winter,No Holiday
48,4,-4,79,0,0,Winter,No Holiday
29,5,-4.2,79,0,0,Winter,No Holiday
49,6,-4.3,79,0,0,Winter,No Holiday
59,7,-4.4,80,0,0,Winter,No Holiday
81,8,-3.8,79,0,0,Winter,No Holiday
118,9,-3.4,77,0,0,Winter,No Holiday
134,10,-2.1,72,0,0,Winter,No Holiday
174,11,-0.5,64,0,0,Winter,No Holiday
226,12,1.2,58,0,0,Winter,No Holiday
272,13,3,52,0,0,Winter,No Holiday
304,14,3.7,53,0,0,Winter,No Holiday
353,15,4.6,50,0,0,Winter,No Holiday
366,16,5.3,49,0,0,Winter,No Holiday
302,17,4.5,51,0,0,Winter,No Holiday
250,18,4.1,53,0,0,Winter,No Holiday
208,19,3.9,54,0,0,Winter,No Holiday
210,20,3.5,55,0,0,Winter,No Holiday
213,21,3.1,58,0,0,Winter,No Holiday
196,22,2.8,60,0,0,Winter,No Holiday
144,23,2.7,60,0,0,Winter,No Holiday
171,0,3,60,0,0,Winter,No Holiday
122,1,3,62,0,0,Winter,No Holiday
74,2,3.6,65,0,0,Winter,No Holiday
58,3,4.4,70,0,0,Winter,No Holiday
38,4,4.9,73,0,0,Winter,No Holiday
55,5,5,76,0,0,Winter,No Holiday
82,6,4.9,83,0,0,Winter,No Holiday
209,7,4.4,87,0,0,Winter,No Holiday
444,8,4.1,85,0,0,Winter,No Holiday
303,9,3.9,86,0.2,0,Winter,No Holiday
212,10,4.2,82,0,0,Winter,No Holiday
254,11,4.7,75,0,0,Winter,No Holiday
311,12,6.2,64,0,0,Winter,No Holiday
309,13,6.1,61,0,0,Winter,No Holiday
306,14,7.1,52,0,0,Winter,No Holiday
349,15,7.4,38,0,0,Winter,No Holiday
365,16,7.5,37,0,0,Winter,No Holiday
455,17,6.5,40,0,0,Winter,No Holiday
555,18,5.2,44,0,0,Winter,No Holiday
444,19,4.4,53,0,0,Winter,No Holiday
321,20,3.7,58,0,0,Winter,No Holiday
334,21,3.4,59,0,0,Winter,No Holiday
333,22,3,61,0,0,Winter,No Holiday
230,23,2.4,63,0,0,Winter,No Holiday
212,0,1.8,67,0,0,Winter,No Holiday
207,1,1.2,64,0,0,Winter,No Holiday
141,2,0.5,72,0,0,Winter,No Holiday
81,3,0.3,70,0,0,Winter,No Holiday
51,4,0.8,65,0,0,Winter,No Holiday
58,5,1.1,64,0,0,Winter,No Holiday
140,6,1.2,69,0,0,Winter,No Holiday
318,7,1.1,69,0,0,Winter,No Holiday
650,8,1.2,68,0,0,Winter,No Holiday
376,9,1.9,65,0,0,Winter,No Holiday
221,10,2.7,60,0,0,Winter,No Holiday
256,11,3.9,57,0,0,Winter,No Holiday
276,12,5.2,52,0,0,Winter,No Holiday
296,13,5.8,47,0,0,Winter,No Holiday
276,14,6.5,43,0,0,Winter,No Holiday
250,15,6.3,40,0,0,Winter,No Holiday
277,16,5.8,50,0,0,Winter,No Holiday
381,17,5.2,58,0,0,Winter,No Holiday
592,18,4.9,59,0,0,Winter,No Holiday
409,19,4.6,57,0,0,Winter,No Holiday
332,20,4.5,58,0,0,Winter,No Holiday
342,21,4.3,56,0,0,Winter,No Holiday
321,22,4,57,0,0,Winter,No Holiday
242,23,3.9,60,0,0,Winter,No Holiday
204,0,3.5,62,0,0,Winter,No Holiday
183,1,3.3,64,0,0,Winter,No Holiday
140,2,3.1,65,0,0,Winter,No Holiday
75,3,3,67,0,0,Winter,No Holiday
55,4,3,68,0,0,Winter,No Holiday
72,5,2.9,66,0,0,Winter,No Holiday
115,6,2.7,71,0,0,Winter,No Holiday
272,7,2.5,71,0,0,Winter,No Holiday
537,8,2.6,70,0,0,Winter,No Holiday
337,9,3,66,0,0,Winter,No Holiday
212,10,4.3,58,0,0,Winter,No Holiday
270,11,6,51,0,0,Winter,No Holiday
310,12,8.1,51,0,0,Winter,No Holiday
273,13,8,54,0,0,Winter,No Holiday
258,14,7.7,54,0,0,Winter,No Holiday
278,15,8.5,49,0,0,Winter,No Holiday
314,16,8.3,54,0,0,Winter,No Holiday
380,17,7.2,57,0,0,Winter,No Holiday
501,18,5.2,62,0,0,Winter,No Holiday
360,19,4.2,68,0,0,Winter,No Holiday
286,20,3.5,72,0,0,Winter,No Holiday
320,21,3.1,74,0,0,Winter,No Holiday
313,22,2.8,74,0,0,Winter,No Holiday
227,23,2.7,74,0,0,Winter,No Holiday
215,0,2.7,73,0,0,Winter,No Holiday
190,1,3.2,72,0,0,Winter,No Holiday
137,2,3.3,73,0,0,Winter,No Holiday
95,3,3.6,74,0,0,Winter,No Holiday
50,4,3.3,80,0,0,Winter,No Holiday
68,5,2.6,82,0,0,Winter,No Holiday
107,6,2.2,82,0,0,Winter,No Holiday
279,7,1.5,86,0,0,Winter,No Holiday
537,8,1.1,86,0,0,Winter,No Holiday
305,9,1.2,84,0,0,Winter,No Holiday
188,10,1.4,81,0,0,Winter,No Holiday
261,11,1.8,75,0,0,Winter,No Holiday
267,12,2.5,72,0,0,Winter,No Holiday
307,13,3.5,54,0,0,Winter,No Holiday
301,14,4.4,42,0,0,Winter,No Holiday
269,15,4.2,36,0,0,Winter,No Holiday
328,16,3.6,42,0,0,Winter,No Holiday
416,17,2.8,46,0,0,Winter,No Holiday
506,18,2,39,0,0,Winter,No Holiday
365,19,1.5,41,0,0,Winter,No Holiday
303,20,1.1,44,0,0,Winter,No Holiday
339,21,0.8,45,0,0,Winter,No Holiday
318,22,0.7,45,0,0,Winter,No Holiday
232,23,0.6,47,0,0,Winter,No Holiday
211,0,0.3,45,0,0,Winter,No Holiday
207,1,0,43,0,0,Winter,No Holiday
140,2,-0.3,44,0,0,Winter,No Holiday
93,3,-0.6,43,0,0,Winter,No Holiday
58,4,-0.7,45,0,0,Winter,No Holiday
61,5,-1.4,47,0,0,Winter,No Holiday
151,6,-1.8,49,0,0,Winter,No Holiday
334,7,-2,49,0,0,Winter,No Holiday
648,8,-2.5,50,0,0,Winter,No Holiday
387,9,-2.1,42,0,0,Winter,No Holiday
255,10,0,29,0,0,Winter,No Holiday
283,11,2.2,20,0,0,Winter,No Holiday
341,12,4.3,28,0,0,Winter,No Holiday
341,13,4.7,26,0,0,Winter,No Holiday
349,14,4.7,24,0,0,Winter,No Holiday
381,15,5.4,25,0,0,Winter,No Holiday
390,16,4.9,27,0,0,Winter,No Holiday
468,17,4.1,34,0,0,Winter,No Holiday
702,18,2.9,45,0,0,Winter,No Holiday
471,19,2,48,0,0,Winter,No Holiday
342,20,1.2,51,0,0,Winter,No Holiday
331,21,0.5,52,0,0,Winter,No Holiday
292,22,0,56,0,0,Winter,No Holiday
236,23,-0.5,59,0,0,Winter,No Holiday
228,0,-0.6,60,0,0,Winter,No Holiday
258,1,-0.9,64,0,0,Winter,No Holiday
216,2,-0.9,65,0,0,Winter,No Holiday
118,3,-0.9,65,0,0,Winter,No Holiday
89,4,-0.7,65,0,0,Winter,No Holiday
56,5,-0.3,62,0,0,Winter,No Holiday
50,6,-0.1,60,0,0,Winter,No Holiday
101,7,0.2,60,0,0,Winter,No Holiday
191,8,0.3,63,0,0,Winter,No Holiday
234,9,0.9,63,0,0,Winter,No Holiday
259,10,2.1,60,0,0,Winter,No Holiday
285,11,3.7,59,0,0,Winter,No Holiday
325,12,5.3,55,0,0,Winter,No Holiday
356,13,6.3,55,0,0,Winter,No Holiday
334,14,5.9,61,0,0,Winter,No Holiday
406,15,6.3,55,0,0,Winter,No Holiday
352,16,6.6,42,0,0,Winter,No Holiday
377,17,5.7,53,0,0,Winter,No Holiday
283,18,4.6,55,0,0,Winter,No Holiday
223,19,3.5,66,0,0,Winter,No Holiday
219,20,2.9,66,0,0,Winter,No Holiday
220,21,2.1,48,0,0,Winter,No Holiday
232,22,1.5,48,0,0,Winter,No Holiday
164,23,0.8,53,0,0,Winter,No Holiday
196,0,-0.3,60,0,0,Winter,No Holiday
177,1,-0.8,58,0,0,Winter,No Holiday
107,2,-1.5,63,0,0,Winter,No Holiday
107,3,-2,60,0,0,Winter,No Holiday
73,4,-2.3,47,0,0,Winter,No Holiday
32,5,-2.6,49,0,0,Winter,No Holiday
36,6,-3.1,54,0,0,Winter,No Holiday
61,7,-3.2,54,0,0,Winter,No Holiday
115,8,-3.6,53,0,0,Winter,No Holiday
152,9,-3.2,46,0,0,Winter,No Holiday
189,10,-1.3,37,0,0,Winter,No Holiday
216,11,1.9,25,0,0,Winter,No Holiday
271,12,3.9,30,0,0,Winter,No Holiday
343,13,4.9,22,0,0,Winter,No Holiday
340,14,5.4,18,0,0,Winter,No Holiday
389,15,5.4,20,0,0,Winter,No Holiday
396,16,4.7,17,0,0,Winter,No Holiday
383,17,3.8,20,0,0,Winter,No Holiday
295,18,2.5,24,0,0,Winter,No Holiday
223,19,1.3,25,0,0,Winter,No Holiday
258,20,0.3,27,0,0,Winter,No Holiday
237,21,-0.1,29,0,0,Winter,No Holiday
207,22,-0.3,32,0,0,Winter,No Holiday
170,23,-0.4,32,0,0,Winter,No Holiday
171,0,-0.2,30,0,0,Winter,No Holiday
97,1,-0.2,32,0,0,Winter,No Holiday
73,2,-0.2,33,0,0,Winter,No Holiday
53,3,-0.3,31,0,0,Winter,No Holiday
31,4,0,32,0,0,Winter,No Holiday
60,5,0,32,0,0,Winter,No Holiday
165,6,0,33,0,0,Winter,No Holiday
316,7,-0.4,34,0,0,Winter,No Holiday
683,8,-0.7,32,0,0,Winter,No Holiday
365,9,0.1,33,0,0,Winter,No Holiday
221,10,1.1,31,0,0,Winter,No Holiday
277,11,2.4,27,0,0,Winter,No Holiday
323,12,3.9,28,0,0,Winter,No Holiday
281,13,3.9,33,0,0,Winter,No Holiday
249,14,3.3,73,0,0,Winter,No Holiday
63,15,3.6,69,0,0,Winter,No Holiday
18,16,2,87,0,0,Winter,No Holiday
43,17,1.3,93,0,0.2,Winter,No Holiday
170,18,1.1,96,3.3,1,Winter,No Holiday
167,19,-0.1,88,0,1,Winter,No Holiday
181,20,-0.8,85,0,1,Winter,No Holiday
187,21,-1.8,85,0,1,Winter,No Holiday
170,22,-3.2,81,0,1,Winter,No Holiday
139,23,-4.2,79,0,1,Winter,No Holiday
96,0,-5.3,77,0,1,Winter,No Holiday
120,1,-6,76,0,1,Winter,No Holiday
75,2,-7.5,65,0,1,Winter,No Holiday
55,3,-8.6,68,0,1,Winter,No Holiday
45,4,-9.5,49,0,1,Winter,No Holiday
44,5,-10.5,46,0,1,Winter,No Holiday
84,6,-11.5,47,0,1,Winter,No Holiday
211,7,-12.5,41,0,1,Winter,No Holiday
423,8,-13,41,0,1,Winter,No Holiday
228,9,-13.3,36,0,1,Winter,No Holiday
132,10,-12.1,34,0,1,Winter,No Holiday
184,11,-11.7,27,0,1,Winter,No Holiday
180,12,-11.3,27,0,1,Winter,No Holiday
189,13,-11,27,0,1,Winter,No Holiday
169,14,-10.4,30,0,1,Winter,No Holiday
181,15,-9.7,32,0,1,Winter,No Holiday
181,16,-10.1,34,0,1,Winter,No Holiday
239,17,-10.6,38,0,0.9,Winter,No Holiday
351,18,-11.5,43,0,0.9,Winter,No Holiday
248,19,-12,47,0,0.9,Winter,No Holiday
178,20,-12.5,52,0,0.9,Winter,No Holiday
145,21,-13.2,49,0,0.9,Winter,No Holiday
117,22,-13.9,45,0,0.9,Winter,No Holiday
106,23,-14.3,38,0,0.9,Winter,No Holiday
90,0,-14.6,34,0,0.9,Winter,No Holiday
89,1,-15,31,0,0.9,Winter,No Holiday
50,2,-15.2,32,0,0.9,Winter,No Holiday
32,3,-15.2,30,0,0.9,Winter,No Holiday
24,4,-15.4,30,0,0.9,Winter,No Holiday
34,5,-15.6,29,0,0.9,Winter,No Holiday
71,6,-15.7,29,0,0.9,Winter,No Holiday
164,7,-15.9,30,0,0.9,Winter,No Holiday
364,8,-16.2,30,0,0.9,Winter,No Holiday
192,9,-15.8,27,0,0.9,Winter,No Holiday
90,10,-14.5,24,0,0.9,Winter,No Holiday
124,11,-13.1,25,0,0.9,Winter,No Holiday
121,12,-12.2,26,0,0.9,Winter,No Holiday
140,13,-12,25,0,0.9,Winter,No Holiday
125,14,-11.1,26,0,0.8,Winter,No Holiday
149,15,-10.8,29,0,0.7,Winter,No Holiday
124,16,-11.2,30,0,0.7,Winter,No Holiday
203,17,-11.8,26,0,0.7,Winter,No Holiday
297,18,-13,29,0,0.7,Winter,No Holiday
211,19,-13.8,32,0,0.7,Winter,No Holiday
125,20,-14.3,37,0,0.7,Winter,No Holiday
132,21,-14.7,40,0,0.7,Winter,No Holiday
121,22,-15.2,45,0,0.7,Winter,No Holiday
82,23,-15.7,43,0,0.7,Winter,No Holiday
78,0,-15.9,43,0,0.7,Winter,No Holiday
68,1,-16.1,42,0,0.7,Winter,No Holiday
60,2,-16,42,0,0.7,Winter,No Holiday
32,3,-16,40,0,0.7,Winter,No Holiday
22,4,-15.9,37,0,0.7,Winter,No Holiday
34,5,-15.8,37,0,0.7,Winter,No Holiday
71,6,-16.1,33,0,0.7,Winter,No Holiday
165,7,-16.2,33,0,0.7,Winter,No Holiday
349,8,-16.4,32,0,0.6,Winter,No Holiday
187,9,-16.2,33,0,0.6,Winter,No Holiday
105,10,-15.3,33,0,0.6,Winter,No Holiday
122,11,-13.8,25,0,0.6,Winter,No Holiday
142,12,-12.8,25,0,0.6,Winter,No Holiday
130,13,-11.4,27,0,0.6,Winter,No Holiday
160,14,-10.4,25,0,0.5,Winter,No Holiday
130,15,-9.7,28,0,0.5,Winter,No Holiday
152,16,-9.6,31,0,0.5,Winter,No Holiday
170,17,-10.9,32,0,0.5,Winter,No Holiday
288,18,-11.8,33,0,0.5,Winter,No Holiday
178,19,-12.7,33,0,0.5,Winter,No Holiday
141,20,-13.5,33,0,0.5,Winter,No Holiday
137,21,-14.1,35,0,0.5,Winter,No Holiday
113,22,-14.6,35,0,0.5,Winter,No Holiday
79,23,-14.9,35,0,0.5,Winter,No Holiday
68,0,-15.1,34,0,0.5,Winter,No Holiday
93,1,-15.3,34,0,0.5,Winter,No Holiday
54,2,-15.6,33,0,0.5,Winter,No Holiday
41,3,-15.9,34,0,0.5,Winter,No Holiday
24,4,-16.4,36,0,0.5,Winter,No Holiday
36,5,-16.9,38,0,0.5,Winter,No Holiday
64,6,-17.4,40,0,0.5,Winter,No Holiday
142,7,-17.5,38,0,0.5,Winter,No Holiday
322,8,-17.8,40,0,0.5,Winter,No Holiday
149,9,-17.5,37,0,0.5,Winter,No Holiday
96,10,-16.5,33,0,0.5,Winter,No Holiday
93,11,-15.6,31,0,0.5,Winter,No Holiday
111,12,-14.4,30,0,0.5,Winter,No Holiday
115,13,-13.3,28,0,0.5,Winter,No Holiday
116,14,-12.1,27,0,0.4,Winter,No Holiday
140,15,-11.4,27,0,0.4,Winter,No Holiday
147,16,-10.8,28,0,0.4,Winter,No Holiday
196,17,-11.5,31,0,0.3,Winter,No Holiday
305,18,-12.7,33,0,0.3,Winter,No Holiday
171,19,-13.2,33,0,0.3,Winter,No Holiday
121,20,-13.7,35,0,0.3,Winter,No Holiday
130,21,-14.1,36,0,0.3,Winter,No Holiday
108,22,-14.6,40,0,0.3,Winter,No Holiday
89,23,-14.4,38,0,0.3,Winter,No Holiday
80,0,-15,42,0,0.3,Winter,No Holiday
94,1,-15.1,43,0,0.3,Winter,No Holiday
75,2,-15.3,43,0,0.3,Winter,No Holiday
41,3,-15.3,43,0,0.3,Winter,No Holiday
36,4,-15.3,47,0,0.3,Winter,No Holiday
25,5,-15.4,45,0,0.3,Winter,No Holiday
33,6,-15.3,47,0,0.3,Winter,No Holiday
57,7,-15.7,53,0,0.3,Winter,No Holiday
84,8,-15.9,58,0,0.3,Winter,No Holiday
105,9,-15.1,49,0,0.3,Winter,No Holiday
96,10,-12.3,35,0,0.3,Winter,No Holiday
125,11,-9.6,33,0,0.3,Winter,No Holiday
145,12,-7.7,32,0,0.3,Winter,No Holiday
189,13,-6.6,27,0,0.3,Winter,No Holiday
193,14,-4.1,25,0,0.2,Winter,No Holiday
192,15,-3.7,26,0,0,Winter,No Holiday
195,16,-3.7,25,0,0,Winter,No Holiday
207,17,-4.6,26,0,0,Winter,No Holiday
162,18,-6.6,31,0,0,Winter,No Holiday
122,19,-7.1,33,0,0,Winter,No Holiday
117,20,-7.6,36,0,0,Winter,No Holiday
103,21,-7.9,35,0,0,Winter,No Holiday
114,22,-7.8,43,0,0,Winter,No Holiday
103,23,-7.6,42,0,0,Winter,No Holiday
125,0,-7.5,36,0,0,Winter,No Holiday
103,1,-7.5,45,0,0,Winter,No Holiday
72,2,-7.8,51,0,0,Winter,No Holiday
67,3,-7.7,49,0,0,Winter,No Holiday
38,4,-7.6,37,0,0,Winter,No Holiday
21,5,-7.5,33,0,0,Winter,No Holiday
30,6,-7.8,35,0,0,Winter,No Holiday
42,7,-8,39,0,0,Winter,No Holiday
72,8,-8.1,43,0,0,Winter,No Holiday
104,9,-7.8,41,0,0,Winter,No Holiday
111,10,-5.9,35,0,0,Winter,No Holiday
145,11,-4.6,27,0,0,Winter,No Holiday
189,12,-3.5,26,0,0,Winter,No Holiday
206,13,-2.4,22,0,0,Winter,No Holiday
225,14,-1.5,20,0,0,Winter,No Holiday
217,15,-1.9,23,0,0,Winter,No Holiday
187,16,-2.1,27,0,0,Winter,No Holiday
178,17,-3.8,32,0,0,Winter,No Holiday
157,18,-4.9,35,0,0,Winter,No Holiday
134,19,-6,31,0,0,Winter,No Holiday
113,20,-7,30,0,0,Winter,No Holiday
106,21,-7.3,34,0,0,Winter,No Holiday
105,22,-7.9,40,0,0,Winter,No Holiday
81,23,-8.7,42,0,0,Winter,No Holiday
80,0,-9.3,45,0,0,Winter,No Holiday
62,1,-9.8,47,0,0,Winter,No Holiday
49,2,-10.2,47,0,0,Winter,No Holiday
27,3,-9.8,43,0,0,Winter,No Holiday
26,4,-9.9,45,0,0,Winter,No Holiday
50,5,-10.4,47,0,0,Winter,No Holiday
94,6,-10.9,43,0,0,Winter,No Holiday
231,7,-11.1,37,0,0,Winter,No Holiday
450,8,-11.5,38,0,0,Winter,No Holiday
217,9,-10.8,34,0,0,Winter,No Holiday
135,10,-9.5,28,0,0,Winter,No Holiday
166,11,-8.1,24,0,0,Winter,No Holiday
186,12,-7.3,23,0,0,Winter,No Holiday
166,13,-6.9,23,0,0,Winter,No Holiday
168,14,-5.7,23,0,0,Winter,No Holiday
177,15,-5.2,27,0,0,Winter,No Holiday
195,16,-5.5,28,0,0,Winter,No Holiday
239,17,-5.7,30,0,0,Winter,No Holiday
438,18,-6.6,34,0,0,Winter,No Holiday
282,19,-7.1,40,0,0,Winter,No Holiday
197,20,-7.4,41,0,0,Winter,No Holiday
182,21,-7.7,42,0,0,Winter,No Holiday
172,22,-8.8,40,0,0,Winter,No Holiday
99,23,-9.4,41,0,0,Winter,No Holiday
108,0,-10,34,0,0,Winter,No Holiday
129,1,-10.4,37,0,0,Winter,No Holiday
84,2,-10.6,40,0,0,Winter,No Holiday
54,3,-10.7,42,0,0,Winter,No Holiday
33,4,-11.1,50,0,0,Winter,No Holiday
47,5,-11.3,53,0,0,Winter,No Holiday
94,6,-11.2,53,0,0,Winter,No Holiday
214,7,-11.3,57,0,0,Winter,No Holiday
491,8,-11.1,61,0,0,Winter,No Holiday
254,9,-9.9,49,0,0,Winter,No Holiday
170,10,-7.5,42,0,0,Winter,No Holiday
220,11,-4.5,29,0,0,Winter,No Holiday
253,12,-3.2,32,0,0,Winter,No Holiday
225,13,-1.3,35,0,0,Winter,No Holiday
238,14,-1.1,46,0,0,Winter,No Holiday
173,15,-1.6,55,0,0,Winter,No Holiday
94,16,-2.2,76,0,0,Winter,No Holiday
53,17,-2.4,85,0,0.6,Winter,No Holiday
100,18,-2.3,91,1.4,2,Winter,No Holiday
59,19,-1.7,91,0,3,Winter,No Holiday
72,20,-1.5,91,0,3.3,Winter,No Holiday
60,21,-1.6,91,1.5,3.5,Winter,No Holiday
73,22,-1.7,85,0,3.5,Winter,No Holiday
62,23,-1.7,83,0,3.5,Winter,No Holiday
69,0,-1.7,83,0,3.5,Winter,No Holiday
96,1,-1.6,81,0,3.5,Winter,No Holiday
60,2,-1.6,80,0,3.5,Winter,No Holiday
47,3,-2.2,83,0,3.5,Winter,No Holiday
34,4,-2.4,82,0,3.5,Winter,No Holiday
34,5,-2.8,83,0,3.5,Winter,No Holiday
63,6,-3.1,80,0,3.5,Winter,No Holiday
124,7,-3.5,83,0,3.5,Winter,No Holiday
273,8,-3.6,83,0,3.5,Winter,No Holiday
137,9,-3.3,77,0,3.4,Winter,No Holiday
102,10,-2.3,63,0,3.2,Winter,No Holiday
144,11,-1.5,46,0,3,Winter,No Holiday
160,12,-1,35,0,3,Winter,No Holiday
171,13,-0.8,39,0,2.8,Winter,No Holiday
156,14,-0.7,33,0,2.5,Winter,No Holiday
214,15,-0.5,30,0,2.2,Winter,No Holiday
216,16,-0.1,29,0,1.8,Winter,No Holiday
279,17,-0.9,34,0,1.8,Winter,No Holiday
403,18,-1.8,35,0,1.6,Winter,No Holiday
270,19,-2.2,36,0,1.6,Winter,No Holiday
229,20,-2.6,36,0,1.6,Winter,No Holiday
229,21,-3.4,40,0,1.6,Winter,No Holiday
188,22,-4.2,48,0,1.6,Winter,No Holiday
132,23,-4.7,53,0,1.6,Winter,No Holiday
122,0,-5.2,56,0,1.6,Winter,No Holiday
149,1,-5.4,54,0,1.6,Winter,No Holiday
103,2,-5.5,53,0,1.6,Winter,No Holiday
81,3,-6.2,57,0,1.6,Winter,No Holiday
37,4,-7.1,56,0,1.6,Winter,No Holiday
51,5,-7.8,65,0,1.6,Winter,No Holiday
95,6,-8.1,59,0,1.6,Winter,No Holiday
244,7,-8.7,64,0,1.6,Winter,No Holiday
459,8,-8.6,59,0,1.6,Winter,No Holiday
259,9,-7.9,50,0,1.6,Winter,No Holiday
168,10,-5,41,0,1.5,Winter,No Holiday
194,11,-2.6,33,0,1.4,Winter,No Holiday
240,12,-1.1,31,0,1.3,Winter,No Holiday
233,13,0.3,28,0,1,Winter,No Holiday
256,14,0.8,23,0,0.5,Winter,No Holiday
293,15,0.7,25,0,0,Winter,No Holiday
268,16,1.1,26,0,0,Winter,No Holiday
341,17,0.3,26,0,0,Winter,No Holiday
542,18,-1,28,0,0,Winter,No Holiday
344,19,-1.8,32,0,0,Winter,No Holiday
263,20,-2.4,36,0,0,Winter,No Holiday
257,21,-3.2,47,0,0,Winter,No Holiday
235,22,-3.9,52,0,0,Winter,No Holiday
143,23,-4.5,55,0,0,Winter,No Holiday
138,0,-4.9,56,0,0,Winter,No Holiday
159,1,-5.2,56,0,0,Winter,No Holiday
102,2,-5.7,59,0,0,Winter,No Holiday
65,3,-6.3,63,0,0,Winter,No Holiday
47,4,-6.7,65,0,0,Winter,No Holiday
48,5,-6.8,61,0,0,Winter,No Holiday
115,6,-7,62,0,0,Winter,No Holiday
267,7,-7.4,62,0,0,Winter,No Holiday
558,8,-7.4,58,0,0,Winter,No Holiday
280,9,-6.5,54,0,0,Winter,No Holiday
187,10,-4.1,43,0,0,Winter,No Holiday
234,11,-1.4,37,0,0,Winter,No Holiday
303,12,0.9,37,0,0,Winter,No Holiday
294,13,1.6,29,0,0,Winter,No Holiday
293,14,3.2,26,0,0,Winter,No Holiday
310,15,3.6,26,0,0,Winter,No Holiday
330,16,2.9,26,0,0,Winter,No Holiday
382,17,2,25,0,0,Winter,No Holiday
592,18,0.5,37,0,0,Winter,No Holiday
379,19,-0.5,43,0,0,Winter,No Holiday
241,20,-1.3,51,0,0,Winter,No Holiday
225,21,-2,61,0,0,Winter,No Holiday
227,22,-2.4,63,0,0,Winter,No Holiday
178,23,-2.6,69,0,0,Winter,No Holiday
182,0,-2.5,69,0,0,Winter,No Holiday
184,1,-2.3,71,0,0,Winter,No Holiday
123,2,-3.4,82,0,0,Winter,No Holiday
60,3,-4.4,80,0.1,0.1,Winter,No Holiday
35,4,-5.6,74,0,0.2,Winter,No Holiday
31,5,-6.3,65,0,0.3,Winter,No Holiday
33,6,-7.8,57,0.4,0.3,Winter,No Holiday
67,7,-8.8,58,0,0.3,Winter,No Holiday
116,8,-9.5,56,0,0.3,Winter,No Holiday
168,9,-9.4,47,0,0.3,Winter,No Holiday
144,10,-8.5,43,0,0.2,Winter,No Holiday
195,11,-7.7,41,0,0.2,Winter,No Holiday
192,12,-6,38,0,0,Winter,No Holiday
229,13,-5.8,38,0,0,Winter,No Holiday
196,14,-5,31,0,0,Winter,No Holiday
210,15,-4.5,31,0,0,Winter,No Holiday
205,16,-4.2,31,0,0,Winter,No Holiday
211,17,-5.6,32,0,0,Winter,No Holiday
175,18,-6.6,36,0,0,Winter,No Holiday
135,19,-7.6,32,0,0,Winter,No Holiday
109,20,-8.5,31,0,0,Winter,No Holiday
107,21,-9.1,38,0,0,Winter,No Holiday
92,22,-9.7,45,0,0,Winter,No Holiday
91,23,-10,48,0,0,Winter,No Holiday
98,0,-10.4,49,0,0,Winter,No Holiday
90,1,-10.5,48,0,0,Winter,No Holiday
60,2,-10.5,49,0,0,Winter,No Holiday
54,3,-10.6,47,0,0,Winter,No Holiday
35,4,-11.2,47,0,0,Winter,No Holiday
21,5,-11.5,51,0,0,Winter,No Holiday
23,6,-11.8,54,0,0,Winter,No Holiday
34,7,-12.4,54,0,0,Winter,No Holiday
70,8,-12.8,56,0,0,Winter,No Holiday
97,9,-12.4,51,0,0,Winter,No Holiday
103,10,-11.2,43,0,0,Winter,No Holiday
115,11,-9.7,37,0,0,Winter,No Holiday
165,12,-8.3,32,0,0,Winter,No Holiday
152,13,-8.3,34,0,0,Winter,No Holiday
177,14,-7.4,33,0,0,Winter,No Holiday
190,15,-6.4,30,0,0,Winter,No Holiday
181,16,-5.4,29,0,0,Winter,No Holiday
184,17,-5.9,27,0,0,Winter,No Holiday
154,18,-7,26,0,0,Winter,No Holiday
124,19,-7.7,31,0,0,Winter,No Holiday
98,20,-8.2,28,0,0,Winter,No Holiday
107,21,-8.9,35,0,0,Winter,No Holiday
78,22,-9.7,45,0,0,Winter,No Holiday
77,23,-10.3,48,0,0,Winter,No Holiday
82,0,-10.5,52,0,0,Winter,No Holiday
52,1,-11.2,54,0,0,Winter,No Holiday
39,2,-11.2,55,0,0,Winter,No Holiday
33,3,-11.3,54,0,0,Winter,No Holiday
20,4,-11.7,51,0,0,Winter,No Holiday
37,5,-11.6,45,0,0,Winter,No Holiday
110,6,-11.5,40,0,0,Winter,No Holiday
227,7,-11.6,44,0,0,Winter,No Holiday
433,8,-11.5,40,0,0,Winter,No Holiday
216,9,-11.1,38,0,0,Winter,No Holiday
123,10,-9.6,32,0,0,Winter,No Holiday
156,11,-8.5,27,0,0,Winter,No Holiday
157,12,-7.8,28,0,0,Winter,No Holiday
169,13,-7,25,0,0,Winter,No Holiday
170,14,-6.4,24,0,0,Winter,No Holiday
169,15,-5.7,25,0,0,Winter,No Holiday
199,16,-5.4,25,0,0,Winter,No Holiday
225,17,-6.4,28,0,0,Winter,No Holiday
388,18,-7.6,29,0,0,Winter,No Holiday
246,19,-8.3,29,0,0,Winter,No Holiday
206,20,-9.1,35,0,0,Winter,No Holiday
177,21,-9.8,41,0,0,Winter,No Holiday
183,22,-10.3,43,0,0,Winter,No Holiday
115,23,-10.5,47,0,0,Winter,No Holiday
126,0,-10.6,47,0,0,Winter,No Holiday
87,1,-10.9,36,0,0,Winter,No Holiday
59,2,-11.2,36,0,0,Winter,No Holiday
36,3,-11.6,35,0,0,Winter,No Holiday
32,4,-12,36,0,0,Winter,No Holiday
40,5,-12.3,37,0,0,Winter,No Holiday
94,6,-12.5,40,0,0,Winter,No Holiday
213,7,-12.7,41,0,0,Winter,No Holiday
438,8,-12.7,41,0,0,Winter,No Holiday
217,9,-12.3,39,0,0,Winter,No Holiday
128,10,-11.3,35,0,0,Winter,No Holiday
175,11,-9.9,32,0,0,Winter,No Holiday
172,12,-8.2,31,0,0,Winter,No Holiday
165,13,-7.5,28,0,0,Winter,No Holiday
147,14,-7,26,0,0,Winter,No Holiday
171,15,-5.9,25,0,0,Winter,No Holiday
175,16,-5.9,24,0,0,Winter,No Holiday
227,17,-6.6,29,0,0,Winter,No Holiday
392,18,-7.6,36,0,0,Winter,No Holiday
251,19,-8.4,37,0,0,Winter,No Holiday
193,20,-9.6,34,0,0,Winter,No Holiday
175,21,-10.6,39,0,0,Winter,No Holiday
169,22,-11.1,43,0,0,Winter,No Holiday
106,23,-11.8,46,0,0,Winter,No Holiday
116,0,-12.3,47,0,0,Winter,No Holiday
96,1,-12.3,47,0,0,Winter,No Holiday
83,2,-12.5,50,0,0,Winter,No Holiday
51,3,-12.5,49,0,0,Winter,No Holiday
34,4,-13.1,54,0,0,Winter,No Holiday
45,5,-13,53,0,0,Winter,No Holiday
92,6,-13.2,50,0,0,Winter,No Holiday
214,7,-13.2,56,0,0,Winter,No Holiday
469,8,-13.3,60,0,0,Winter,No Holiday
237,9,-12,50,0,0,Winter,No Holiday
155,10,-9.6,39,0,0,Winter,No Holiday
176,11,-7,28,0,0,Winter,No Holiday
188,12,-6,24,0,0,Winter,No Holiday
228,13,-4.5,23,0,0,Winter,No Holiday
199,14,-3.5,20,0,0,Winter,No Holiday
221,15,-2.1,20,0,0,Winter,No Holiday
240,16,-1.7,18,0,0,Winter,No Holiday
320,17,-2.3,20,0,0,Winter,No Holiday
448,18,-4,27,0,0,Winter,No Holiday
280,19,-5.2,33,0,0,Winter,No Holiday
218,20,-5.8,44,0,0,Winter,No Holiday
223,21,-6.3,48,0,0,Winter,No Holiday
200,22,-6.8,50,0,0,Winter,No Holiday
164,23,-7.6,50,0,0,Winter,No Holiday
136,0,-8.2,50,0,0,Winter,No Holiday
126,1,-8.5,60,0,0,Winter,No Holiday
103,2,-8.3,65,0,0,Winter,No Holiday
57,3,-8.6,64,0,0,Winter,No Holiday
46,4,-9,54,0,0,Winter,No Holiday
39,5,-9,56,0,0,Winter,No Holiday
99,6,-9.3,61,0,0,Winter,No Holiday
255,7,-9.6,67,0,0,Winter,No Holiday
507,8,-9.7,65,0,0,Winter,No Holiday
270,9,-8.5,55,0,0,Winter,No Holiday
160,10,-6.3,46,0,0,Winter,No Holiday
217,11,-3.1,39,0,0,Winter,No Holiday
253,12,-1.5,35,0,0,Winter,No Holiday
270,13,0.3,30,0,0,Winter,No Holiday
253,14,0.9,25,0,0,Winter,No Holiday
286,15,1.4,25,0,0,Winter,No Holiday
284,16,2,25,0,0,Winter,No Holiday
337,17,1.5,24,0,0,Winter,No Holiday
564,18,-0.5,26,0,0,Winter,No Holiday
378,19,-1.8,35,0,0,Winter,No Holiday
277,20,-2.8,40,0,0,Winter,No Holiday
268,21,-3.3,42,0,0,Winter,No Holiday
233,22,-3.9,41,0,0,Winter,No Holiday
195,23,-4.3,44,0,0,Winter,No Holiday
178,0,-4.6,38,0,0,Winter,No Holiday
159,1,-4.8,44,0,0,Winter,No Holiday
107,2,-5.1,47,0,0,Winter,No Holiday
78,3,-5.2,48,0,0,Winter,No Holiday
46,4,-4.4,47,0,0,Winter,No Holiday
36,5,-4.2,44,0,0,Winter,No Holiday
117,6,-4,41,0,0,Winter,No Holiday
273,7,-3.6,42,0,0,Winter,No Holiday
589,8,-3.3,39,0,0,Winter,No Holiday
308,9,-2.4,36,0,0,Winter,No Holiday
199,10,-1.3,34,0,0,Winter,No Holiday
238,11,-0.2,31,0,0,Winter,No Holiday
260,12,1.6,28,0,0,Winter,No Holiday
268,13,2.6,27,0,0,Winter,No Holiday
283,14,4,25,0,0,Winter,No Holiday
315,15,5,24,0,0,Winter,No Holiday
319,16,6,28,0,0,Winter,No Holiday
422,17,4.8,38,0,0,Winter,No Holiday
659,18,4.1,40,0,0,Winter,No Holiday
407,19,3.3,58,0,0,Winter,No Holiday
308,20,3,61,0,0,Winter,No Holiday
243,21,2.9,63,0,0,Winter,No Holiday
263,22,2.5,66,0,0,Winter,No Holiday
193,23,2,70,0,0,Winter,No Holiday
197,0,1.5,71,0,0,Winter,No Holiday
237,1,1.7,71,0,0,Winter,No Holiday
169,2,1.9,71,0,0,Winter,No Holiday
145,3,2,71,0,0,Winter,No Holiday
79,4,1.9,74,0,0,Winter,No Holiday
41,5,1.8,75,0,0,Winter,No Holiday
48,6,1.6,78,0,0,Winter,No Holiday
97,7,1.6,81,0,0,Winter,No Holiday
188,8,1.6,82,0,0,Winter,No Holiday
222,9,1.6,78,0,0,Winter,No Holiday
223,10,1.8,73,0,0,Winter,No Holiday
235,11,2.6,62,0,0,Winter,No Holiday
248,12,2.9,53,0,0,Winter,No Holiday
296,13,2.8,31,0,0,Winter,No Holiday
286,14,2.2,24,0,0,Winter,No Holiday
277,15,2,20,0,0,Winter,No Holiday
291,16,0.3,17,0,0,Winter,No Holiday
277,17,-0.9,19,0,0,Winter,No Holiday
216,18,-2,15,0,0,Winter,No Holiday
151,19,-3.1,14,0,0,Winter,No Holiday
132,20,-4.4,19,0,0,Winter,No Holiday
124,21,-5.6,28,0,0,Winter,No Holiday
128,22,-6.2,32,0,0,Winter,No Holiday
118,23,-6.7,35,0,0,Winter,No Holiday
112,0,-6.9,36,0,0,Winter,No Holiday
95,1,-7,38,0,0,Winter,No Holiday
93,2,-7,42,0,0,Winter,No Holiday
58,3,-7.2,43,0,0,Winter,No Holiday
34,4,-7.5,42,0,0,Winter,No Holiday
19,5,-7.8,39,0,0,Winter,No Holiday
39,6,-8.4,33,0,0,Winter,No Holiday
40,7,-9.2,34,0,0,Winter,No Holiday
81,8,-9.4,29,0,0,Winter,No Holiday
126,9,-8.6,28,0,0,Winter,No Holiday
130,10,-6.9,21,0,0,Winter,No Holiday
155,11,-5,25,0,0,Winter,No Holiday
174,12,-3.9,28,0,0,Winter,No Holiday
212,13,-2.4,28,0,0,Winter,No Holiday
191,14,-2.2,29,0,0,Winter,No Holiday
181,15,-2.6,31,0,0,Winter,No Holiday
175,16,-3.6,36,0,0,Winter,No Holiday
198,17,-4.2,47,0,0,Winter,No Holiday
150,18,-4.6,56,0,0,Winter,No Holiday
147,19,-5.2,66,0,0,Winter,No Holiday
127,20,-5.7,67,0,0,Winter,No Holiday
119,21,-5.6,69,0,0,Winter,No Holiday
103,22,-5.8,57,0,0,Winter,No Holiday
91,23,-7,49,0,0,Winter,No Holiday
103,0,-7.7,52,0,0,Winter,No Holiday
69,1,-7.9,52,0,0,Winter,No Holiday
45,2,-8.3,49,0,0,Winter,No Holiday
21,3,-8.5,35,0,0,Winter,No Holiday
33,4,-8.6,31,0,0,Winter,No Holiday
30,5,-9.2,37,0,0,Winter,No Holiday
109,6,-9.5,36,0,0,Winter,No Holiday
236,7,-9.5,35,0,0,Winter,No Holiday
517,8,-9.1,33,0,0,Winter,No Holiday
262,9,-8.4,28,0,0,Winter,No Holiday
161,10,-6.7,23,0,0,Winter,No Holiday
190,11,-6.1,25,0,0,Winter,No Holiday
202,12,-4.6,32,0,0,Winter,No Holiday
246,13,-2.7,29,0,0,Winter,No Holiday
182,14,-2.4,30,0,0,Winter,No Holiday
228,15,-2.1,30,0,0,Winter,No Holiday
239,16,-2.4,33,0,0,Winter,No Holiday
288,17,-3.1,36,0,0,Winter,No Holiday
475,18,-4.4,46,0,0,Winter,No Holiday
340,19,-4.9,52,0,0,Winter,No Holiday
244,20,-4.7,55,0,0,Winter,No Holiday
253,21,-4.3,59,0,0,Winter,No Holiday
200,22,-4.2,57,0,0,Winter,No Holiday
140,23,-4.4,58,0,0,Winter,No Holiday
158,0,-5,60,0,0,Winter,No Holiday
146,1,-5.5,60,0,0,Winter,No Holiday
106,2,-6,58,0,0,Winter,No Holiday
70,3,-6.2,61,0,0,Winter,No Holiday
46,4,-6.4,62,0,0,Winter,No Holiday
51,5,-6.7,64,0,0,Winter,No Holiday
96,6,-7.1,70,0,0,Winter,No Holiday
294,7,-7.2,70,0,0,Winter,No Holiday
568,8,-7.1,68,0,0,Winter,No Holiday
285,9,-5.9,52,0,0,Winter,No Holiday
200,10,-2.4,41,0,0,Winter,No Holiday
252,11,-0.3,40,0,0,Winter,No Holiday
281,12,1,41,0,0,Winter,No Holiday
256,13,2.6,40,0,0,Winter,No Holiday
300,14,3.7,39,0,0,Winter,No Holiday
295,15,3.7,40,0,0,Winter,No Holiday
328,16,3.9,41,0,0,Winter,No Holiday
410,17,3.5,46,0,0,Winter,No Holiday
604,18,3.1,50,0,0,Winter,No Holiday
406,19,2.4,57,0,0,Winter,No Holiday
323,20,2.3,59,0,0,Winter,No Holiday
290,21,2.6,57,0,0,Winter,No Holiday
291,22,2.6,57,0,0,Winter,No Holiday
211,23,2.4,59,0,0,Winter,No Holiday
178,0,2,65,0,0,Winter,No Holiday
213,1,1.3,67,0,0,Winter,No Holiday
129,2,1.2,64,0,0,Winter,No Holiday
101,3,1.1,65,0,0,Winter,No Holiday
51,4,1.1,67,0,0,Winter,No Holiday
56,5,1,68,0,0,Winter,No Holiday
108,6,1.1,66,0,0,Winter,No Holiday
292,7,1.3,66,0,0,Winter,No Holiday
606,8,2.1,65,0,0,Winter,No Holiday
326,9,3.9,64,0,0,Winter,No Holiday
241,10,5.2,65,0,0,Winter,No Holiday
288,11,6.3,67,0,0,Winter,No Holiday
312,12,6.9,67,0,0,Winter,No Holiday
349,13,7.2,65,0,0,Winter,No Holiday
398,14,7.8,57,0,0,Winter,No Holiday
461,15,8.7,48,0,0,Winter,No Holiday
447,16,8,36,0,0,Winter,No Holiday
484,17,6.6,34,0,0,Winter,No Holiday
559,18,5.1,34,0,0,Winter,No Holiday
316,19,3.9,37,0,0,Winter,No Holiday
262,20,2.8,29,0,0,Winter,No Holiday
216,21,1.7,27,0,0,Winter,No Holiday
218,22,0.3,33,0,0,Winter,No Holiday
160,23,-0.3,35,0,0,Winter,No Holiday
126,0,-0.7,37,0,0,Winter,Holiday
123,1,-1.1,38,0,0,Winter,Holiday
112,2,-1.2,35,0,0,Winter,Holiday
74,3,-1.4,34,0,0,Winter,Holiday
58,4,-1.9,34,0,0,Winter,Holiday
32,5,-2.4,33,0,0,Winter,Holiday
39,6,-2.6,38,0,0,Winter,Holiday
55,7,-3,40,0,0,Winter,Holiday
112,8,-3,38,0,0,Winter,Holiday
112,9,-3.5,30,0,0,Winter,Holiday
127,10,-1.6,26,0,0,Winter,Holiday
170,11,0.1,22,0,0,Winter,Holiday
174,12,1.7,20,0,0,Winter,Holiday
240,13,2.2,18,0,0,Winter,Holiday
270,14,2.9,14,0,0,Winter,Holiday
276,15,3.8,17,0,0,Winter,Holiday
273,16,3.2,16,0,0,Winter,Holiday
236,17,2.4,17,0,0,Winter,Holiday
190,18,1.1,18,0,0,Winter,Holiday
166,19,0.1,21,0,0,Winter,Holiday
148,20,-0.4,27,0,0,Winter,Holiday
134,21,-1.1,32,0,0,Winter,Holiday
145,22,-1.9,30,0,0,Winter,Holiday
92,23,-2.5,31,0,0,Winter,Holiday
105,0,-3.3,35,0,0,Winter,Holiday
77,1,-3.6,35,0,0,Winter,Holiday
47,2,-4.1,38,0,0,Winter,Holiday
36,3,-4.4,37,0,0,Winter,Holiday
35,4,-4.5,42,0,0,Winter,Holiday
28,5,-5,44,0,0,Winter,Holiday
30,6,-5.2,42,0,0,Winter,Holiday
49,7,-5.4,41,0,0,Winter,Holiday
68,8,-5.4,38,0,0,Winter,Holiday
48,9,-4.3,33,0,0,Winter,Holiday
78,10,-1.3,32,0,0,Winter,Holiday
93,11,1,25,0,0,Winter,Holiday
137,12,2.2,19,0,0,Winter,Holiday
169,13,3.5,17,0,0,Winter,Holiday
196,14,4.2,18,0,0,Winter,Holiday
243,15,4,26,0,0,Winter,Holiday
189,16,3.3,38,0,0,Winter,Holiday
210,17,2.5,48,0,0,Winter,Holiday
165,18,1.4,56,0,0,Winter,Holiday
126,19,0.6,59,0,0,Winter,Holiday
150,20,0.2,61,0,0,Winter,Holiday
114,21,0.1,67,0,0,Winter,Holiday
116,22,-0.6,70,0,0,Winter,Holiday
84,23,-2,51,0,0,Winter,Holiday
79,0,-2.7,41,0,0,Winter,Holiday
71,1,-3.1,36,0,0,Winter,Holiday
56,2,-3.8,30,0,0,Winter,Holiday
34,3,-4.5,28,0,0,Winter,Holiday
20,4,-5.2,28,0,0,Winter,Holiday
14,5,-5.7,31,0,0,Winter,Holiday
39,6,-6.2,32,0,0,Winter,Holiday
35,7,-6.8,32,0,0,Winter,Holiday
80,8,-7.1,30,0,0,Winter,Holiday
98,9,-6.5,26,0,0,Winter,Holiday
103,10,-4.3,21,0,0,Winter,Holiday
155,11,-2.8,19,0,0,Winter,Holiday
183,12,-1.3,17,0,0,Winter,Holiday
193,13,-0.4,15,0,0,Winter,Holiday
258,14,-0.1,15,0,0,Winter,Holiday
273,15,1,14,0,0,Winter,Holiday
267,16,1.3,15,0,0,Winter,Holiday
250,17,0.6,17,0,0,Winter,Holiday
223,18,-0.3,17,0,0,Winter,Holiday
169,19,-1.5,32,0,0,Winter,Holiday
145,20,-2.1,38,0,0,Winter,Holiday
133,21,-2.3,38,0,0,Winter,Holiday
123,22,-2.7,42,0,0,Winter,Holiday
117,23,-2.9,31,0,0,Winter,Holiday
99,0,-3.6,33,0,0,Winter,No Holiday
103,1,-4.4,33,0,0,Winter,No Holiday
86,2,-4.7,33,0,0,Winter,No Holiday
56,3,-4.5,26,0,0,Winter,No Holiday
37,4,-4.1,27,0,0,Winter,No Holiday
22,5,-4,28,0,0,Winter,No Holiday
38,6,-4.1,30,0,0,Winter,No Holiday
52,7,-4.6,31,0,0,Winter,No Holiday
92,8,-4.8,31,0,0,Winter,No Holiday
137,9,-4.1,30,0,0,Winter,No Holiday
156,10,-1.8,23,0,0,Winter,No Holiday
183,11,0,20,0,0,Winter,No Holiday
263,12,2.2,17,0,0,Winter,No Holiday
337,13,3.7,17,0,0,Winter,No Holiday
372,14,4.1,17,0,0,Winter,No Holiday
440,15,5,16,0,0,Winter,No Holiday
404,16,5.1,16,0,0,Winter,No Holiday
354,17,4.2,17,0,0,Winter,No Holiday
310,18,2.8,25,0,0,Winter,No Holiday
238,19,1.5,30,0,0,Winter,No Holiday
213,20,0.6,33,0,0,Winter,No Holiday
226,21,0.2,32,0,0,Winter,No Holiday
191,22,-0.3,34,0,0,Winter,No Holiday
153,23,-0.7,37,0,0,Winter,No Holiday
148,0,-1.1,39,0,0,Winter,No Holiday
101,1,-1.4,42,0,0,Winter,No Holiday
59,2,-1.4,41,0,0,Winter,No Holiday
42,3,-1.4,41,0,0,Winter,No Holiday
50,4,-1.9,44,0,0,Winter,No Holiday
59,5,-1.8,44,0,0,Winter,No Holiday
139,6,-1.4,46,0,0,Winter,No Holiday
349,7,-0.9,45,0,0,Winter,No Holiday
646,8,-1.2,51,0,0,Winter,No Holiday
347,9,-0.6,43,0,0,Winter,No Holiday
235,10,2.6,45,0,0,Winter,No Holiday
314,11,4.3,44,0,0,Winter,No Holiday
361,12,4.7,43,0,0,Winter,No Holiday
332,13,5.1,41,0,0,Winter,No Holiday
373,14,5.6,38,0,0,Winter,No Holiday
392,15,6.3,35,0,0,Winter,No Holiday
403,16,6.3,35,0,0,Winter,No Holiday
522,17,5.7,36,0,0,Winter,No Holiday
819,18,4.7,43,0,0,Winter,No Holiday
533,19,3.6,55,0,0,Winter,No Holiday
417,20,2.4,60,0,0,Winter,No Holiday
388,21,1.8,63,0,0,Winter,No Holiday
357,22,1,69,0,0,Winter,No Holiday
218,23,0.5,73,0,0,Winter,No Holiday
177,0,0,75,0,0,Winter,No Holiday
172,1,-0.5,76,0,0,Winter,No Holiday
115,2,-0.8,76,0,0,Winter,No Holiday
63,3,-1.3,80,0,0,Winter,No Holiday
64,4,-1.6,83,0,0,Winter,No Holiday
79,5,-1.8,82,0,0,Winter,No Holiday
164,6,-2.1,82,0,0,Winter,No Holiday
404,7,-2.2,76,0,0,Winter,No Holiday
727,8,-2.1,71,0,0,Winter,No Holiday
384,9,-1.4,56,0,0,Winter,No Holiday
265,10,1.1,38,0,0,Winter,No Holiday
322,11,2.8,35,0,0,Winter,No Holiday
356,12,4,23,0,0,Winter,No Holiday
370,13,4.2,22,0,0,Winter,No Holiday
335,14,5,20,0,0,Winter,No Holiday
431,15,5.4,18,0,0,Winter,No Holiday
393,16,5.1,17,0,0,Winter,No Holiday
514,17,3.9,19,0,0,Winter,No Holiday
764,18,3.2,20,0,0,Winter,No Holiday
522,19,2.5,21,0,0,Winter,No Holiday
358,20,1.8,19,0,0,Winter,No Holiday
415,21,1.1,21,0,0,Winter,No Holiday
319,22,0.5,22,0,0,Winter,No Holiday
242,23,-0.5,26,0,0,Winter,No Holiday
171,0,-1.4,28,0,0,Winter,No Holiday
162,1,-2.2,31,0,0,Winter,No Holiday
105,2,-2.9,31,0,0,Winter,No Holiday
59,3,-3.4,32,0,0,Winter,No Holiday
50,4,-3.8,32,0,0,Winter,No Holiday
63,5,-4,35,0,0,Winter,No Holiday
159,6,-4,34,0,0,Winter,No Holiday
385,7,-4.1,35,0,0,Winter,No Holiday
718,8,-4.3,36,0,0,Winter,No Holiday
373,9,-3.8,28,0,0,Winter,No Holiday
244,10,-1.8,25,0,0,Winter,No Holiday
276,11,0.2,22,0,0,Winter,No Holiday
351,12,2.2,17,0,0,Winter,No Holiday
299,13,2.9,14,0,0,Winter,No Holiday
365,14,3.3,14,0,0,Winter,No Holiday
366,15,4.2,15,0,0,Winter,No Holiday
409,16,3.7,14,0,0,Winter,No Holiday
469,17,3.1,14,0,0,Winter,No Holiday
784,18,1.8,16,0,0,Winter,No Holiday
460,19,-0.1,39,0,0,Winter,No Holiday
356,20,-1.1,43,0,0,Winter,No Holiday
345,21,-1.6,52,0,0,Winter,No Holiday
299,22,-2.2,55,0,0,Winter,No Holiday
223,23,-2.7,58,0,0,Winter,No Holiday
195,0,-2.7,58,0,0,Winter,No Holiday
190,1,-2.2,58,0,0,Winter,No Holiday
116,2,-2.9,57,0,0,Winter,No Holiday
71,3,-2.8,57,0,0,Winter,No Holiday
66,4,-2.4,58,0,0,Winter,No Holiday
75,5,-2.4,59,0,0,Winter,No Holiday
151,6,-3,62,0,0,Winter,No Holiday
373,7,-3.7,64,0,0,Winter,No Holiday
783,8,-3.6,63,0,0,Winter,No Holiday
383,9,-1.9,51,0,0,Winter,No Holiday
259,10,0.9,44,0,0,Winter,No Holiday
308,11,2.7,44,0,0,Winter,No Holiday
352,12,4.8,47,0,0,Winter,No Holiday
316,13,4.5,51,0,0,Winter,No Holiday
331,14,4.8,50,0,0,Winter,No Holiday
356,15,5,49,0,0,Winter,No Holiday
404,16,5,50,0,0,Winter,No Holiday
465,17,4.6,52,0,0,Winter,No Holiday
730,18,3.9,56,0,0,Winter,No Holiday
499,19,3.5,60,0,0,Winter,No Holiday
348,20,3,62,0,0,Winter,No Holiday
393,21,2.9,64,0,0,Winter,No Holiday
346,22,2.9,65,0,0,Winter,No Holiday
202,23,2.9,63,0,0,Winter,No Holiday
42,0,1.7,86,0.4,0.4,Winter,No Holiday
55,1,0.6,96,0,4,Winter,No Holiday
62,2,0.7,97,0,4.1,Winter,No Holiday
32,3,0.9,97,3.7,4.1,Winter,No Holiday
36,4,1.1,96,0,3.9,Winter,No Holiday
39,5,1,91,0,3.8,Winter,No Holiday
63,6,0.4,95,0,3.8,Winter,No Holiday
174,7,-0.1,97,0,3.8,Winter,No Holiday
391,8,-0.2,97,0,3.7,Winter,No Holiday
214,9,0.5,94,0,3.7,Winter,No Holiday
184,10,2.2,83,0,3.7,Winter,No Holiday
230,11,3.8,72,0,3.4,Winter,No Holiday
283,12,5.3,70,0,1.7,Winter,No Holiday
304,13,6.7,64,0,0.6,Winter,No Holiday
312,14,7.8,57,0,0,Winter,No Holiday
312,15,8.2,62,0,0,Winter,No Holiday
354,16,8.3,60,0,0,Winter,No Holiday
470,17,7.9,68,0,0,Winter,No Holiday
669,18,7.5,70,0,0,Winter,No Holiday
421,19,6.9,73,0,0,Winter,No Holiday
295,20,6.4,77,0,0,Winter,No Holiday
321,21,6,79,0,0,Winter,No Holiday
291,22,5.7,81,0,0,Winter,No Holiday
243,23,5.5,80,0,0,Winter,No Holiday
226,0,4.6,82,0,0,Winter,No Holiday
263,1,4,83,0,0,Winter,No Holiday
197,2,3.7,82,0,0,Winter,No Holiday
133,3,3.5,82,0,0,Winter,No Holiday
63,4,2.7,82,0,0,Winter,No Holiday
58,5,1.8,84,0,0,Winter,No Holiday
72,6,1.2,83,0,0,Winter,No Holiday
108,7,0.6,86,0,0,Winter,No Holiday
203,8,0,77,0,0,Winter,No Holiday
253,9,0.6,64,0,0,Winter,No Holiday
259,10,0.8,60,0,0,Winter,No Holiday
298,11,2.2,50,0,0,Winter,No Holiday
363,12,4,37,0,0,Winter,No Holiday
412,13,5.3,29,0,0,Winter,No Holiday
454,14,6.9,19,0,0,Winter,No Holiday
467,15,6.7,24,0,0,Winter,No Holiday
509,16,5.9,21,0,0,Winter,No Holiday
462,17,4.9,28,0,0,Winter,No Holiday
379,18,3.5,30,0,0,Winter,No Holiday
306,19,2.1,27,0,0,Winter,No Holiday
233,20,1.1,32,0,0,Winter,No Holiday
232,21,0.7,31,0,0,Winter,No Holiday
219,22,0.1,32,0,0,Winter,No Holiday
187,23,-0.6,39,0,0,Winter,No Holiday
182,0,-1.1,44,0,0,Winter,No Holiday
189,1,-1.4,43,0,0,Winter,No Holiday
124,2,-1.5,46,0,0,Winter,No Holiday
103,3,-1.3,42,0,0,Winter,No Holiday
52,4,-1.1,43,0,0,Winter,No Holiday
37,5,-0.7,41,0,0,Winter,No Holiday
54,6,-0.8,44,0,0,Winter,No Holiday
77,7,-1,47,0,0,Winter,No Holiday
158,8,-1.3,54,0,0,Winter,No Holiday
173,9,-0.3,48,0,0,Winter,No Holiday
195,10,2.1,42,0,0,Winter,No Holiday
244,11,4.3,29,0,0,Winter,No Holiday
396,12,5.5,25,0,0,Winter,No Holiday
482,13,6.1,22,0,0,Winter,No Holiday
572,14,7,23,0,0,Winter,No Holiday
612,15,7.5,21,0,0,Winter,No Holiday
688,16,7.6,18,0,0,Winter,No Holiday
589,17,6.9,25,0,0,Winter,No Holiday
402,18,5.2,30,0,0,Winter,No Holiday
297,19,3.1,40,0,0,Winter,No Holiday
232,20,1.3,49,0,0,Winter,No Holiday
239,21,0.2,55,0,0,Winter,No Holiday
230,22,0,54,0,0,Winter,No Holiday
173,23,-0.3,58,0,0,Winter,No Holiday
135,0,-0.9,60,0,0,Winter,No Holiday
122,1,-1.2,63,0,0,Winter,No Holiday
80,2,-1.7,66,0,0,Winter,No Holiday
46,3,-1.9,67,0,0,Winter,No Holiday
46,4,-2.3,69,0,0,Winter,No Holiday
65,5,-2.5,73,0,0,Winter,No Holiday
161,6,-2.7,72,0,0,Winter,No Holiday
402,7,-3.1,68,0,0,Winter,No Holiday
786,8,-2.9,63,0,0,Winter,No Holiday
416,9,-1.1,53,0,0,Winter,No Holiday
289,10,1.9,46,0,0,Winter,No Holiday
356,11,4.6,37,0,0,Winter,No Holiday
428,12,6.9,28,0,0,Winter,No Holiday
444,13,8.1,26,0,0,Winter,No Holiday
455,14,9.9,25,0,0,Winter,No Holiday
521,15,10.3,23,0,0,Winter,No Holiday
555,16,9.5,31,0,0,Winter,No Holiday
646,17,8.7,30,0,0,Winter,No Holiday
929,18,7.2,26,0,0,Winter,No Holiday
619,19,5.5,30,0,0,Winter,No Holiday
483,20,4.3,32,0,0,Winter,No Holiday
512,21,3.3,36,0,0,Winter,No Holiday
443,22,2.7,40,0,0,Winter,No Holiday
308,23,2.8,39,0,0,Winter,No Holiday
236,0,2.6,40,0,0,Winter,No Holiday
213,1,2.1,44,0,0,Winter,No Holiday
145,2,1.5,44,0,0,Winter,No Holiday
102,3,1.1,44,0,0,Winter,No Holiday
62,4,0.9,46,0,0,Winter,No Holiday
72,5,0.6,50,0,0,Winter,No Holiday
183,6,0.6,50,0,0,Winter,No Holiday
443,7,1.3,47,0,0,Winter,No Holiday
767,8,2,51,0,0,Winter,No Holiday
455,9,2.5,51,0,0,Winter,No Holiday
261,10,3.3,47,0,0,Winter,No Holiday
342,11,4.8,41,0,0,Winter,No Holiday
353,12,5.4,37,0,0,Winter,No Holiday
335,13,5.8,39,0,0,Winter,No Holiday
357,14,6.3,40,0,0,Winter,No Holiday
402,15,6.7,48,0,0,Winter,No Holiday
411,16,6.9,54,0,0,Winter,No Holiday
529,17,6.8,57,0,0,Winter,No Holiday
897,18,6.6,62,0,0,Winter,No Holiday
616,19,6.1,44,0,0,Winter,No Holiday
461,20,5.9,44,0,0,Winter,No Holiday
449,21,5.7,46,0,0,Winter,No Holiday
461,22,5.4,49,0,0,Winter,No Holiday
310,23,5.3,53,0,0,Winter,No Holiday
266,0,5.1,52,0,0,Winter,No Holiday
229,1,5,53,0,0,Winter,No Holiday
174,2,5.2,54,0,0,Winter,No Holiday
116,3,5.3,55,0,0,Winter,No Holiday
72,4,5.4,56,0,0,Winter,No Holiday
62,5,5.2,59,0,0,Winter,No Holiday
165,6,5.2,60,0,0,Winter,No Holiday
426,7,5.5,59,0,0,Winter,No Holiday
816,8,5.7,57,0,0,Winter,No Holiday
419,9,6.2,55,0,0,Winter,No Holiday
285,10,6.5,53,0,0,Winter,No Holiday
332,11,7.1,50,0,0,Winter,No Holiday
305,12,7.6,48,0,0,Winter,No Holiday
28,13,7.6,57,0,0,Winter,No Holiday
17,14,5.7,80,0,0,Winter,No Holiday
7,15,4.8,87,4.5,0,Winter,No Holiday
9,16,4.2,89,0,0,Winter,No Holiday
8,17,3.8,90,0,0,Winter,No Holiday
11,18,3.6,90,9.5,0,Winter,No Holiday
19,19,2.5,95,0,0,Winter,No Holiday
8,20,2.7,96,0,0,Winter,No Holiday
10,21,2.4,95,9,0,Winter,No Holiday
13,22,2.3,96,0,0,Winter,No Holiday
23,23,1.8,96,0,0,Winter,No Holiday
71,0,2,96,2,0,Spring,Holiday
147,1,2.1,97,0,0,Spring,Holiday
180,2,2,97,0,0,Spring,Holiday
92,3,1.6,97,0.1,0,Spring,Holiday
28,4,1.6,97,0,0,Spring,Holiday
11,5,2.2,97,0,0,Spring,Holiday
33,6,3,96,0.4,0,Spring,Holiday
61,7,2.6,89,0,0,Spring,Holiday
148,8,1.5,80,0,0,Spring,Holiday
160,9,0.1,78,0,0,Spring,Holiday
191,10,0.1,53,0,0,Spring,Holiday
239,11,0.8,52,0,0,Spring,Holiday
311,12,0.5,46,0,0,Spring,Holiday
358,13,1.4,37,0,0,Spring,Holiday
375,14,1.2,36,0,0,Spring,Holiday
458,15,1.6,35,0,0,Spring,Holiday
460,16,1.4,33,0,0,Spring,Holiday
423,17,0.4,37,0,0,Spring,Holiday
317,18,-0.8,40,0,0,Spring,Holiday
231,19,-1.7,45,0,0,Spring,Holiday
246,20,-2.2,49,0,0,Spring,Holiday
212,21,-3,50,0,0,Spring,Holiday
190,22,-3.6,52,0,0,Spring,Holiday
190,23,-4,52,0,0,Spring,Holiday
156,0,-4.3,53,0,0,Spring,No Holiday
108,1,-4.6,52,0,0,Spring,No Holiday
71,2,-5.3,52,0,0,Spring,No Holiday
49,3,-5.7,50,0,0,Spring,No Holiday
47,4,-5.8,48,0,0,Spring,No Holiday
65,5,-6.1,49,0,0,Spring,No Holiday
135,6,-6.4,50,0,0,Spring,No Holiday
401,7,-6.6,52,0,0,Spring,No Holiday
617,8,-6.2,45,0,0,Spring,No Holiday
343,9,-4.6,34,0,0,Spring,No Holiday
274,10,-1.8,30,0,0,Spring,No Holiday
343,11,0.1,30,0,0,Spring,No Holiday
388,12,1.8,26,0,0,Spring,No Holiday
375,13,2.3,22,0,0,Spring,No Holiday
450,14,3.4,23,0,0,Spring,No Holiday
463,15,4.3,22,0,0,Spring,No Holiday
574,16,5.2,21,0,0,Spring,No Holiday
631,17,4.3,21,0,0,Spring,No Holiday
854,18,3.5,22,0,0,Spring,No Holiday
568,19,2,26,0,0,Spring,No Holiday
427,20,1.2,35,0,0,Spring,No Holiday
396,21,1,34,0,0,Spring,No Holiday
414,22,0.5,38,0,0,Spring,No Holiday
284,23,0.3,38,0,0,Spring,No Holiday
218,0,0.5,34,0,0,Spring,No Holiday
229,1,0.6,36,0,0,Spring,No Holiday
176,2,0.9,35,0,0,Spring,No Holiday
149,3,0.8,38,0,0,Spring,No Holiday
93,4,0.6,43,0,0,Spring,No Holiday
55,5,0.8,39,0,0,Spring,No Holiday
71,6,0.5,42,0,0,Spring,No Holiday
159,7,0.1,43,0,0,Spring,No Holiday
306,8,0.4,38,0,0,Spring,No Holiday
329,9,2.2,30,0,0,Spring,No Holiday
354,10,5.1,27,0,0,Spring,No Holiday
431,11,8.1,21,0,0,Spring,No Holiday
605,12,10.7,16,0,0,Spring,No Holiday
771,13,12.2,14,0,0,Spring,No Holiday
1025,14,14.4,14,0,0,Spring,No Holiday
1238,15,16,14,0,0,Spring,No Holiday
1285,16,15.8,15,0,0,Spring,No Holiday
1197,17,15,22,0,0,Spring,No Holiday
920,18,13.9,26,0,0,Spring,No Holiday
630,19,12.7,32,0,0,Spring,No Holiday
631,20,11.1,51,0,0,Spring,No Holiday
588,21,10.3,52,0,0,Spring,No Holiday
516,22,10.2,49,0,0,Spring,No Holiday
215,23,9.4,74,0,0,Spring,No Holiday
161,0,8.5,87,0,0,Spring,No Holiday
118,1,8.3,91,0,0,Spring,No Holiday
95,2,8.3,95,0,0,Spring,No Holiday
90,3,8.5,96,0.1,0,Spring,No Holiday
34,4,8.8,95,0,0,Spring,No Holiday
15,5,8.8,96,0,0,Spring,No Holiday
20,6,8.6,96,0.2,0,Spring,No Holiday
23,7,8.4,97,0,0,Spring,No Holiday
70,8,8.3,97,0,0,Spring,No Holiday
157,9,8.8,97,0.2,0,Spring,No Holiday
239,10,9.8,90,0,0,Spring,No Holiday
273,11,10.1,88,0,0,Spring,No Holiday
358,12,10.7,85,0,0,Spring,No Holiday
429,13,10.8,84,0,0,Spring,No Holiday
475,14,11.2,83,0,0,Spring,No Holiday
468,15,11.7,81,0,0,Spring,No Holiday
396,16,11.7,82,0,0,Spring,No Holiday
492,17,11.8,82,0,0,Spring,No Holiday
436,18,11.5,81,0,0,Spring,No Holiday
289,19,11.2,81,0,0,Spring,No Holiday
26,20,11.3,80,0,0,Spring,No Holiday
7,21,10.6,89,2,0,Spring,No Holiday
8,22,9.6,92,0,0,Spring,No Holiday
9,23,8.7,91,0,0,Spring,No Holiday
22,0,7.6,88,9,0,Spring,No Holiday
23,1,7,88,0,0,Spring,No Holiday
9,2,6.3,89,0,0,Spring,No Holiday
2,3,5.7,92,1.5,0,Spring,No Holiday
4,4,5.1,90,0,0,Spring,No Holiday
22,5,4.7,89,0,0,Spring,No Holiday
20,6,4.2,87,2,0,Spring,No Holiday
85,7,3.8,87,0,0,Spring,No Holiday
184,8,3.6,88,0,0,Spring,No Holiday
211,9,3.7,85,0,0,Spring,No Holiday
232,10,4.4,80,0,0,Spring,No Holiday
322,11,6.1,66,0,0,Spring,No Holiday
438,12,7.6,58,0,0,Spring,No Holiday
465,13,8.3,51,0,0,Spring,No Holiday
550,14,10,44,0,0,Spring,No Holiday
637,15,10.3,43,0,0,Spring,No Holiday
718,16,11,39,0,0,Spring,No Holiday
865,17,10,43,0,0,Spring,No Holiday
1155,18,8.1,47,0,0,Spring,No Holiday
782,19,5.8,53,0,0,Spring,No Holiday
578,20,4.3,57,0,0,Spring,No Holiday
533,21,3.1,59,0,0,Spring,No Holiday
466,22,2.3,63,0,0,Spring,No Holiday
274,23,1.9,60,0,0,Spring,No Holiday
224,0,1.3,69,0,0,Spring,No Holiday
188,1,0.8,67,0,0,Spring,No Holiday
122,2,0.3,71,0,0,Spring,No Holiday
82,3,0.1,71,0,0,Spring,No Holiday
79,4,-0.5,75,0,0,Spring,No Holiday
80,5,-0.9,78,0,0,Spring,No Holiday
214,6,-1,77,0,0,Spring,No Holiday
583,7,-1,78,0,0,Spring,No Holiday
997,8,-0.7,76,0,0,Spring,No Holiday
556,9,1.2,62,0,0,Spring,No Holiday
380,10,3.7,51,0,0,Spring,No Holiday
475,11,6.3,41,0,0,Spring,No Holiday
504,12,8.5,34,0,0,Spring,No Holiday
528,13,9.3,27,0,0,Spring,No Holiday
567,14,9.2,27,0,0,Spring,No Holiday
616,15,10.1,24,0,0,Spring,No Holiday
680,16,10.6,26,0,0,Spring,No Holiday
883,17,10.2,27,0,0,Spring,No Holiday
1246,18,8.7,28,0,0,Spring,No Holiday
833,19,7.1,30,0,0,Spring,No Holiday
666,20,6.1,31,0,0,Spring,No Holiday
625,21,5.5,33,0,0,Spring,No Holiday
514,22,4.5,40,0,0,Spring,No Holiday
361,23,3.5,44,0,0,Spring,No Holiday
289,0,2.8,45,0,0,Spring,No Holiday
194,1,2.8,46,0,0,Spring,No Holiday
134,2,2.6,50,0,0,Spring,No Holiday
92,3,2.7,55,0,0,Spring,No Holiday
49,4,2.6,61,0,0,Spring,No Holiday
97,5,2.5,63,0,0,Spring,No Holiday
232,6,2.4,65,0,0,Spring,No Holiday
598,7,2.2,65,0,0,Spring,No Holiday
1032,8,2.6,63,0,0,Spring,No Holiday
566,9,3.8,58,0,0,Spring,No Holiday
410,10,5.2,52,0,0,Spring,No Holiday
441,11,8,43,0,0,Spring,No Holiday
550,12,9.6,39,0,0,Spring,No Holiday
509,13,9.9,39,0,0,Spring,No Holiday
505,14,9.8,38,0,0,Spring,No Holiday
620,15,10.2,34,0,0,Spring,No Holiday
646,16,10.4,36,0,0,Spring,No Holiday
849,17,10.4,37,0,0,Spring,No Holiday
1365,18,9.6,42,0,0,Spring,No Holiday
799,19,8.9,44,0,0,Spring,No Holiday
587,20,8.5,46,0,0,Spring,No Holiday
411,21,7.9,56,0,0,Spring,No Holiday
147,22,7.2,60,0,0,Spring,No Holiday
48,23,6,79,0,0,Spring,No Holiday
49,0,5.2,83,0.5,0,Spring,No Holiday
23,1,4.7,86,0,0,Spring,No Holiday
19,2,4.2,88,0,0,Spring,No Holiday
12,3,3.8,90,2,0,Spring,No Holiday
8,4,3.3,90,0,0,Spring,No Holiday
17,5,3.1,90,0,0,Spring,No Holiday
32,6,3.1,89,1.5,0,Spring,No Holiday
64,7,3,90,0,0,Spring,No Holiday
88,8,3,94,0,0,Spring,No Holiday
100,9,3.4,90,0.5,0,Spring,No Holiday
165,10,3.6,88,0,0,Spring,No Holiday
290,11,4.5,82,0,0,Spring,No Holiday
375,12,5.6,72,0,0,Spring,No Holiday
405,13,6.7,65,0,0,Spring,No Holiday
452,14,7.7,62,0,0,Spring,No Holiday
555,15,9.2,53,0,0,Spring,No Holiday
594,16,9.5,56,0,0,Spring,No Holiday
757,17,7.5,64,0,0,Spring,No Holiday
1091,18,5.9,68,0,0,Spring,No Holiday
683,19,4.5,72,0,0,Spring,No Holiday
586,20,3.3,74,0,0,Spring,No Holiday
533,21,3.1,74,0,0,Spring,No Holiday
498,22,2.8,74,0,0,Spring,No Holiday
315,23,2.8,73,0,0,Spring,No Holiday
272,0,3,72,0,0,Spring,No Holiday
228,1,2.8,73,0,0,Spring,No Holiday
155,2,2.8,74,0,0,Spring,No Holiday
105,3,2.7,75,0,0,Spring,No Holiday
66,4,2.5,76,0,0,Spring,No Holiday
88,5,2.5,76,0,0,Spring,No Holiday
195,6,2.5,71,0,0,Spring,No Holiday
574,7,1.6,76,0,0,Spring,No Holiday
1041,8,1.8,67,0,0,Spring,No Holiday
570,9,3.5,60,0,0,Spring,No Holiday
361,10,4.8,54,0,0,Spring,No Holiday
444,11,5.9,51,0,0,Spring,No Holiday
510,12,6.8,51,0,0,Spring,No Holiday
509,13,7.5,44,0,0,Spring,No Holiday
542,14,8,42,0,0,Spring,No Holiday
611,15,7.7,51,0,0,Spring,No Holiday
686,16,9.6,38,0,0,Spring,No Holiday
834,17,8.9,46,0,0,Spring,No Holiday
1231,18,7,55,0,0,Spring,No Holiday
718,19,5.4,60,0,0,Spring,No Holiday
535,20,4.3,67,0,0,Spring,No Holiday
537,21,3.5,69,0,0,Spring,No Holiday
521,22,2.9,69,0,0,Spring,No Holiday
309,23,2.5,72,0,0,Spring,No Holiday
328,0,2.1,74,0,0,Spring,No Holiday
305,1,2,75,0,0,Spring,No Holiday
241,2,1.6,79,0,0,Spring,No Holiday
139,3,1.3,80,0,0,Spring,No Holiday
91,4,0.9,81,0,0,Spring,No Holiday
79,5,0.8,80,0,0,Spring,No Holiday
74,6,1.1,78,0,0,Spring,No Holiday
208,7,0.9,78,0,0,Spring,No Holiday
340,8,1.5,73,0,0,Spring,No Holiday
381,9,2.7,71,0,0,Spring,No Holiday
416,10,3.5,65,0,0,Spring,No Holiday
497,11,5.7,58,0,0,Spring,No Holiday
650,12,7.1,50,0,0,Spring,No Holiday
757,13,8.2,42,0,0,Spring,No Holiday
906,14,9.2,38,0,0,Spring,No Holiday
931,15,8.1,36,0,0,Spring,No Holiday
972,16,8.3,37,0,0,Spring,No Holiday
829,17,7.7,46,0,0,Spring,No Holiday
664,18,6.2,61,0,0,Spring,No Holiday
573,19,5.3,67,0,0,Spring,No Holiday
447,20,5.2,69,0,0,Spring,No Holiday
470,21,5,73,0,0,Spring,No Holiday
421,22,5,75,0,0,Spring,No Holiday
345,23,5.1,75,0,0,Spring,No Holiday
376,0,5.1,77,0,0,Spring,No Holiday
222,1,4.8,80,0,0,Spring,No Holiday
171,2,4.7,78,0,0,Spring,No Holiday
115,3,4.4,80,0,0,Spring,No Holiday
80,4,4.2,81,0,0,Spring,No Holiday
45,5,3.9,85,0,0,Spring,No Holiday
63,6,3.4,85,0,0,Spring,No Holiday
119,7,2.9,84,0,0,Spring,No Holiday
212,8,2.8,82,0,0,Spring,No Holiday
289,9,3.9,77,0,0,Spring,No Holiday
394,10,5.9,69,0,0,Spring,No Holiday
425,11,7.6,54,0,0,Spring,No Holiday
666,12,9.2,40,0,0,Spring,No Holiday
843,13,10.3,31,0,0,Spring,No Holiday
1154,14,11.6,20,0,0,Spring,No Holiday
1294,15,11.9,26,0,0,Spring,No Holiday
1205,16,11.9,25,0,0,Spring,No Holiday
1028,17,11.1,25,0,0,Spring,No Holiday
776,18,9.4,22,0,0,Spring,No Holiday
596,19,7.8,28,0,0,Spring,No Holiday
530,20,6.7,32,0,0,Spring,No Holiday
533,21,5.7,34,0,0,Spring,No Holiday
419,22,5.3,31,0,0,Spring,No Holiday
288,23,4.2,34,0,0,Spring,No Holiday
222,0,3.5,46,0,0,Spring,No Holiday
163,1,2.9,51,0,0,Spring,No Holiday
95,2,2.7,46,0,0,Spring,No Holiday
60,3,2.3,48,0,0,Spring,No Holiday
47,4,2.8,52,0,0,Spring,No Holiday
106,5,3.3,53,0,0,Spring,No Holiday
261,6,2.8,57,0,0,Spring,No Holiday
662,7,3,53,0,0,Spring,No Holiday
1066,8,3.8,47,0,0,Spring,No Holiday
604,9,4.8,43,0,0,Spring,No Holiday
406,10,6.6,40,0,0,Spring,No Holiday
463,11,9.2,33,0,0,Spring,No Holiday
581,12,11.7,32,0,0,Spring,No Holiday
588,13,13.6,34,0,0,Spring,No Holiday
603,14,14.9,34,0,0,Spring,No Holiday
694,15,15.3,32,0,0,Spring,No Holiday
752,16,14.5,34,0,0,Spring,No Holiday
931,17,13.7,38,0,0,Spring,No Holiday
1425,18,12.2,43,0,0,Spring,No Holiday
946,19,10.6,47,0,0,Spring,No Holiday
801,20,9.4,50,0,0,Spring,No Holiday
771,21,8.7,49,0,0,Spring,No Holiday
695,22,7.8,49,0,0,Spring,No Holiday
397,23,6.8,56,0,0,Spring,No Holiday
309,0,6.4,62,0,0,Spring,No Holiday
231,1,5.9,65,0,0,Spring,No Holiday
161,2,5.4,66,0,0,Spring,No Holiday
103,3,5.5,62,0,0,Spring,No Holiday
88,4,6.2,59,0,0,Spring,No Holiday
97,5,6.8,56,0,0,Spring,No Holiday
252,6,7,58,0,0,Spring,No Holiday
668,7,7.2,56,0,0,Spring,No Holiday
1215,8,8,48,0,0,Spring,No Holiday
616,9,9.4,44,0,0,Spring,No Holiday
428,10,10.9,40,0,0,Spring,No Holiday
571,11,12.6,49,0,0,Spring,No Holiday
626,12,15.5,47,0,0,Spring,No Holiday
678,13,17.1,42,0,0,Spring,No Holiday
705,14,18.3,43,0,0,Spring,No Holiday
815,15,18.6,47,0,0,Spring,No Holiday
890,16,17.6,53,0,0,Spring,No Holiday
1085,17,16.9,62,0,0,Spring,No Holiday
1749,18,15.7,68,0,0,Spring,No Holiday
1224,19,14.1,77,0,0,Spring,No Holiday
986,20,13.9,77,0,0,Spring,No Holiday
982,21,13.7,79,0,0,Spring,No Holiday
912,22,13.5,81,0,0,Spring,No Holiday
572,23,13.4,81,0,0,Spring,No Holiday
412,0,13.6,79,0,0,Spring,No Holiday
309,1,13.7,73,0,0,Spring,No Holiday
226,2,13.8,70,0,0,Spring,No Holiday
142,3,14,67,0,0,Spring,No Holiday
82,4,14,70,0,0,Spring,No Holiday
123,5,14.1,69,0,0,Spring,No Holiday
290,6,14.1,69,0,0,Spring,No Holiday
786,7,14.1,69,0,0,Spring,No Holiday
1371,8,14.2,67,0,0,Spring,No Holiday
761,9,14.6,62,0,0,Spring,No Holiday
552,10,15.7,58,0,0,Spring,No Holiday
643,11,17.5,55,0,0,Spring,No Holiday
813,12,19.9,44,0,0,Spring,No Holiday
789,13,20.9,44,0,0,Spring,No Holiday
878,14,21.1,42,0,0,Spring,No Holiday
1025,15,21.7,39,0,0,Spring,No Holiday
1049,16,21.7,41,0,0,Spring,No Holiday
1325,17,20.5,49,0,0,Spring,No Holiday
2100,18,19.2,53,0,0,Spring,No Holiday
1478,19,17.9,54,0,0,Spring,No Holiday
1275,20,17.2,60,0,0,Spring,No Holiday
1181,21,16.8,67,0,0,Spring,No Holiday
983,22,16.2,71,0,0,Spring,No Holiday
587,23,16.1,69,0,0,Spring,No Holiday
466,0,16,69,0,0,Spring,No Holiday
355,1,16.3,68,0,0,Spring,No Holiday
203,2,16.5,68,0,0,Spring,No Holiday
51,3,16.5,69,0,0,Spring,No Holiday
9,4,15.1,86,0,0,Spring,No Holiday
8,5,14.5,94,0,0,Spring,No Holiday
10,6,14.4,96,8,0,Spring,No Holiday
15,7,14.3,97,0,0,Spring,No Holiday
39,8,14.1,97,0,0,Spring,No Holiday
32,9,14.1,98,17,0,Spring,No Holiday
27,10,14.2,98,0,0,Spring,No Holiday
65,11,13.9,98,0,0,Spring,No Holiday
204,12,13.3,97,2,0,Spring,No Holiday
269,13,12.7,97,0,0,Spring,No Holiday
289,14,12.1,97,0,0,Spring,No Holiday
329,15,11.6,97,0,0,Spring,No Holiday
214,16,10.7,98,0,0,Spring,No Holiday
411,17,10.9,98,0,0,Spring,No Holiday
676,18,10.4,98,0,0,Spring,No Holiday
606,19,10.4,98,0,0,Spring,No Holiday
533,20,10.5,97,0,0,Spring,No Holiday
567,21,10.4,96,0,0,Spring,No Holiday
506,22,9.8,90,0,0,Spring,No Holiday
343,23,9.3,90,0,0,Spring,No Holiday
287,0,8.4,86,0,0,Spring,No Holiday
278,1,7.2,83,0,0,Spring,No Holiday
178,2,6.7,72,0,0,Spring,No Holiday
102,3,6.1,67,0,0,Spring,No Holiday
85,4,5.7,62,0,0,Spring,No Holiday
85,5,5.2,60,0,0,Spring,No Holiday
222,6,4.4,61,0,0,Spring,No Holiday
652,7,3.7,59,0,0,Spring,No Holiday
1176,8,3.8,56,0,0,Spring,No Holiday
683,9,5.2,51,0,0,Spring,No Holiday
507,10,6.7,46,0,0,Spring,No Holiday
557,11,8.2,45,0,0,Spring,No Holiday
705,12,9.4,40,0,0,Spring,No Holiday
715,13,10.4,38,0,0,Spring,No Holiday
772,14,11,36,0,0,Spring,No Holiday
923,15,11.9,32,0,0,Spring,No Holiday
976,16,11.6,31,0,0,Spring,No Holiday
1160,17,11.2,30,0,0,Spring,No Holiday
1641,18,10,33,0,0,Spring,No Holiday
974,19,8.1,36,0,0,Spring,No Holiday
774,20,6.7,41,0,0,Spring,No Holiday
710,21,5.8,43,0,0,Spring,No Holiday
660,22,4.9,46,0,0,Spring,No Holiday
455,23,4.2,47,0,0,Spring,No Holiday
414,0,3.7,48,0,0,Spring,No Holiday
366,1,3,52,0,0,Spring,No Holiday
268,2,2.3,56,0,0,Spring,No Holiday
157,3,1.8,59,0,0,Spring,No Holiday
103,4,1.3,61,0,0,Spring,No Holiday
60,5,1,62,0,0,Spring,No Holiday
109,6,0.8,63,0,0,Spring,No Holiday
193,7,0.5,64,0,0,Spring,No Holiday
384,8,1.3,57,0,0,Spring,No Holiday
520,9,3.4,49,0,0,Spring,No Holiday
561,10,6,43,0,0,Spring,No Holiday
742,11,8,39,0,0,Spring,No Holiday
933,12,10,38,0,0,Spring,No Holiday
1111,13,10.9,32,0,0,Spring,No Holiday
1294,14,12.1,29,0,0,Spring,No Holiday
1514,15,13.2,23,0,0,Spring,No Holiday
1440,16,13.7,28,0,0,Spring,No Holiday
1272,17,12.1,34,0,0,Spring,No Holiday
934,18,10.6,42,0,0,Spring,No Holiday
718,19,8.8,49,0,0,Spring,No Holiday
688,20,7.9,54,0,0,Spring,No Holiday
624,21,7.4,54,0,0,Spring,No Holiday
562,22,7,55,0,0,Spring,No Holiday
422,23,6.4,59,0,0,Spring,No Holiday
407,0,5.9,56,0,0,Spring,No Holiday
309,1,5.7,55,0,0,Spring,No Holiday
226,2,5.5,56,0,0,Spring,No Holiday
174,3,5.5,57,0,0,Spring,No Holiday
106,4,5.6,55,0,0,Spring,No Holiday
67,5,5.6,55,0,0,Spring,No Holiday
73,6,5.7,54,0,0,Spring,No Holiday
152,7,5.5,58,0,0,Spring,No Holiday
293,8,5.9,58,0,0,Spring,No Holiday
398,9,6.3,53,0,0,Spring,No Holiday
460,10,7.2,53,0,0,Spring,No Holiday
587,11,8.5,49,0,0,Spring,No Holiday
751,12,9.8,46,0,0,Spring,No Holiday
881,13,10.6,43,0,0,Spring,No Holiday
993,14,11,41,0,0,Spring,No Holiday
1128,15,12,37,0,0,Spring,No Holiday
1059,16,12.3,30,0,0,Spring,No Holiday
603,17,11.1,42,0,0,Spring,No Holiday
365,18,10.4,47,0,0,Spring,No Holiday
237,19,10,53,0,0,Spring,No Holiday
146,20,9.2,66,0,0,Spring,No Holiday
71,21,8.8,72,0,0,Spring,No Holiday
70,22,8.1,76,0,0,Spring,No Holiday
53,23,7.4,80,0,0,Spring,No Holiday
67,0,7,81,0.5,0,Spring,No Holiday
38,1,6.7,84,0,0,Spring,No Holiday
28,2,6.6,86,0,0,Spring,No Holiday
12,3,6.5,88,0.3,0,Spring,No Holiday
9,4,6.3,90,0,0,Spring,No Holiday
27,5,6.2,89,0,0,Spring,No Holiday
91,6,6.5,88,0.2,0,Spring,No Holiday
370,7,6.5,88,0,0,Spring,No Holiday
592,8,7.3,84,0,0,Spring,No Holiday
387,9,8.2,81,0.5,0,Spring,No Holiday
292,10,9.1,77,0,0,Spring,No Holiday
393,11,10.2,65,0,0,Spring,No Holiday
403,12,10.2,58,0,0,Spring,No Holiday
387,13,10.1,61,0,0,Spring,No Holiday
326,14,10.1,59,0,0,Spring,No Holiday
263,15,9.8,57,0,0,Spring,No Holiday
271,16,8.9,63,0,0,Spring,No Holiday
605,17,8.5,59,0,0,Spring,No Holiday
1200,18,8.6,55,0,0,Spring,No Holiday
818,19,8.4,51,0,0,Spring,No Holiday
711,20,8.3,47,0,0,Spring,No Holiday
731,21,8,47,0,0,Spring,No Holiday
565,22,7.6,48,0,0,Spring,No Holiday
382,23,6.9,44,0,0,Spring,No Holiday
297,0,6.3,42,0,0,Spring,No Holiday
243,1,5.5,42,0,0,Spring,No Holiday
165,2,5.1,44,0,0,Spring,No Holiday
95,3,4.7,44,0,0,Spring,No Holiday
69,4,4.4,44,0,0,Spring,No Holiday
92,5,4.1,42,0,0,Spring,No Holiday
235,6,3.9,43,0,0,Spring,No Holiday
677,7,3.8,44,0,0,Spring,No Holiday
1212,8,4.3,43,0,0,Spring,No Holiday
661,9,5.7,38,0,0,Spring,No Holiday
418,10,7.4,35,0,0,Spring,No Holiday
488,11,8.4,34,0,0,Spring,No Holiday
522,12,9,33,0,0,Spring,No Holiday
516,13,8,37,0,0,Spring,No Holiday
478,14,7.3,38,0,0,Spring,No Holiday
492,15,6.5,39,0,0,Spring,No Holiday
518,16,5.6,42,0,0,Spring,No Holiday
719,17,4.9,43,0,0,Spring,No Holiday
1111,18,4.1,43,0,0,Spring,No Holiday
716,19,3.2,45,0,0,Spring,No Holiday
543,20,2.7,45,0,0,Spring,No Holiday
494,21,2.3,40,0,0,Spring,No Holiday
460,22,2,37,0,0,Spring,No Holiday
294,23,1.8,37,0,0,Spring,No Holiday
240,0,1.6,39,0,0,Spring,No Holiday
223,1,1.5,40,0,0,Spring,No Holiday
147,2,1.4,40,0,0,Spring,No Holiday
82,3,1.3,40,0,0,Spring,No Holiday
70,4,1.3,39,0,0,Spring,No Holiday
80,5,1.3,40,0,0,Spring,No Holiday
209,6,1.4,42,0,0,Spring,No Holiday
605,7,1.4,43,0,0,Spring,No Holiday
1097,8,1.6,42,0,0,Spring,No Holiday
614,9,2.5,40,0,0,Spring,No Holiday
374,10,3.6,37,0,0,Spring,No Holiday
339,11,4.8,35,0,0,Spring,No Holiday
333,12,4.8,51,0,0,Spring,No Holiday
196,13,4,64,0,0,Spring,No Holiday
117,14,1.9,89,0,0,Spring,No Holiday
184,15,2.2,85,0.5,0,Spring,No Holiday
241,16,2.4,79,0,0,Spring,No Holiday
319,17,2.5,78,0,0,Spring,No Holiday
615,18,2,77,0,0,Spring,No Holiday
402,19,2,81,0,0,Spring,No Holiday
120,20,1.7,85,0,0,Spring,No Holiday
231,21,1.2,92,0.5,0,Spring,No Holiday
320,22,1.2,87,0,0,Spring,No Holiday
226,23,1.5,86,0,0,Spring,No Holiday
243,0,1.6,86,0,0,Spring,No Holiday
247,1,1.6,85,0,0,Spring,No Holiday
173,2,1.5,86,0,0,Spring,No Holiday
107,3,1.3,87,0,0,Spring,No Holiday
75,4,1.3,87,0,0,Spring,No Holiday
81,5,1.1,88,0,0,Spring,No Holiday
212,6,0.8,88,0,0,Spring,No Holiday
600,7,0.6,85,0,0,Spring,No Holiday
1174,8,1.1,79,0,0,Spring,No Holiday
653,9,2.5,67,0,0,Spring,No Holiday
446,10,4.9,56,0,0,Spring,No Holiday
565,11,6.9,46,0,0,Spring,No Holiday
668,12,8.3,36,0,0,Spring,No Holiday
648,13,9.9,29,0,0,Spring,No Holiday
674,14,11.4,30,0,0,Spring,No Holiday
758,15,10.7,34,0,0,Spring,No Holiday
752,16,10.3,34,0,0,Spring,No Holiday
999,17,9.6,38,0,0,Spring,No Holiday
1495,18,7.9,46,0,0,Spring,No Holiday
923,19,6.2,54,0,0,Spring,No Holiday
739,20,5.1,56,0,0,Spring,No Holiday
726,21,4.5,62,0,0,Spring,No Holiday
621,22,3.9,66,0,0,Spring,No Holiday
428,23,3.4,69,0,0,Spring,No Holiday
335,0,2.9,72,0,0,Spring,No Holiday
283,1,2.5,75,0,0,Spring,No Holiday
216,2,2.2,80,0,0,Spring,No Holiday
128,3,1.9,81,0,0,Spring,No Holiday
92,4,2,80,0,0,Spring,No Holiday
95,5,2.2,79,0,0,Spring,No Holiday
243,6,2.3,80,0,0,Spring,No Holiday
661,7,2.5,79,0,0,Spring,No Holiday
1216,8,2.6,77,0,0,Spring,No Holiday
664,9,3.3,72,0,0,Spring,No Holiday
461,10,5.4,64,0,0,Spring,No Holiday
584,11,7.1,50,0,0,Spring,No Holiday
690,12,9.3,37,0,0,Spring,No Holiday
682,13,10.9,36,0,0,Spring,No Holiday
758,14,12.4,33,0,0,Spring,No Holiday
849,15,12.1,30,0,0,Spring,No Holiday
901,16,12.2,24,0,0,Spring,No Holiday
1108,17,11.2,27,0,0,Spring,No Holiday
1611,18,9.7,36,0,0,Spring,No Holiday
932,19,8.3,48,0,0,Spring,No Holiday
724,20,6.7,48,0,0,Spring,No Holiday
676,21,5.8,60,0,0,Spring,No Holiday
638,22,5.3,63,0,0,Spring,No Holiday
422,23,5,42,0,0,Spring,No Holiday
403,0,4.7,46,0,0,Spring,No Holiday
360,1,4.7,51,0,0,Spring,No Holiday
305,2,5,50,0,0,Spring,No Holiday
197,3,5,51,0,0,Spring,No Holiday
122,4,5.1,54,0,0,Spring,No Holiday
82,5,4.7,54,0,0,Spring,No Holiday
113,6,4.2,50,0,0,Spring,No Holiday
198,7,4,54,0,0,Spring,No Holiday
424,8,4.5,49,0,0,Spring,No Holiday
456,9,6.5,40,0,0,Spring,No Holiday
494,10,7.2,43,0,0,Spring,No Holiday
589,11,9,56,0,0,Spring,No Holiday
806,12,10.6,52,0,0,Spring,No Holiday
880,13,12.4,50,0,0,Spring,No Holiday
855,14,12.7,55,0,0,Spring,No Holiday
1025,15,12.4,58,0,0,Spring,No Holiday
947,16,12.3,61,0,0,Spring,No Holiday
916,17,11.1,66,0,0,Spring,No Holiday
736,18,9,76,0,0,Spring,No Holiday
521,19,7.7,80,0,0,Spring,No Holiday
513,20,7.1,83,0,0,Spring,No Holiday
487,21,6.7,84,0,0,Spring,No Holiday
460,22,6.5,85,0,0,Spring,No Holiday
354,23,6.4,85,0,0,Spring,No Holiday
372,0,6.4,84,0,0,Spring,No Holiday
267,1,6.4,82,0,0,Spring,No Holiday
195,2,6,82,0,0,Spring,No Holiday
139,3,5.5,83,0,0,Spring,No Holiday
90,4,5.3,82,0,0,Spring,No Holiday
60,5,5,83,0,0,Spring,No Holiday
71,6,4.6,84,0,0,Spring,No Holiday
137,7,4.7,82,0,0,Spring,No Holiday
225,8,5,79,0,0,Spring,No Holiday
331,9,6.3,73,0,0,Spring,No Holiday
359,10,8.4,65,0,0,Spring,No Holiday
466,11,10.7,56,0,0,Spring,No Holiday
626,12,12.7,45,0,0,Spring,No Holiday
784,13,14.6,38,0,0,Spring,No Holiday
882,14,16.1,37,0,0,Spring,No Holiday
960,15,16.7,38,0,0,Spring,No Holiday
1031,16,16.5,39,0,0,Spring,No Holiday
911,17,15.8,40,0,0,Spring,No Holiday
768,18,14.4,44,0,0,Spring,No Holiday
571,19,12.6,59,0,0,Spring,No Holiday
502,20,10.7,70,0,0,Spring,No Holiday
456,21,9.8,74,0,0,Spring,No Holiday
424,22,8.8,79,0,0,Spring,No Holiday
336,23,8,82,0,0,Spring,No Holiday
244,0,7.1,84,0,0,Spring,No Holiday
185,1,6.3,87,0,0,Spring,No Holiday
93,2,5.4,95,0,0,Spring,No Holiday
62,3,5.5,96,0,0,Spring,No Holiday
65,4,5.5,96,0,0,Spring,No Holiday
98,5,5.4,97,0,0,Spring,No Holiday
227,6,5.7,97,0,0,Spring,No Holiday
581,7,6,96,0,0,Spring,No Holiday
983,8,6.4,90,0,0,Spring,No Holiday
540,9,7.6,82,0,0,Spring,No Holiday
415,10,10,70,0,0,Spring,No Holiday
422,11,12.6,60,0,0,Spring,No Holiday
492,12,14.6,53,0,0,Spring,No Holiday
504,13,16,47,0,0,Spring,No Holiday
575,14,17.4,39,0,0,Spring,No Holiday
604,15,17.6,33,0,0,Spring,No Holiday
819,16,17.7,33,0,0,Spring,No Holiday
925,17,17.1,31,0,0,Spring,No Holiday
1477,18,16,33,0,0,Spring,No Holiday
1031,19,14.3,37,0,0,Spring,No Holiday
835,20,12.9,42,0,0,Spring,No Holiday
798,21,11.6,54,0,0,Spring,No Holiday
662,22,10.7,58,0,0,Spring,No Holiday
447,23,9.8,62,0,0,Spring,No Holiday
380,0,9,68,0,0,Spring,No Holiday
278,1,8.7,70,0,0,Spring,No Holiday
163,2,8.3,70,0,0,Spring,No Holiday
127,3,8.1,71,0,0,Spring,No Holiday
95,4,7.8,70,0,0,Spring,No Holiday
110,5,8,63,0,0,Spring,No Holiday
231,6,8.1,66,0,0,Spring,No Holiday
705,7,8.5,67,0,0,Spring,No Holiday
1201,8,9.3,62,0,0,Spring,No Holiday
699,9,11.6,51,0,0,Spring,No Holiday
462,10,13.9,40,0,0,Spring,No Holiday
560,11,15.8,40,0,0,Spring,No Holiday
586,12,16.7,47,0,0,Spring,No Holiday
563,13,18.6,46,0,0,Spring,No Holiday
618,14,19.4,45,0,0,Spring,No Holiday
636,15,19.9,45,0,0,Spring,No Holiday
774,16,19.5,50,0,0,Spring,No Holiday
960,17,18.4,54,0,0,Spring,No Holiday
1521,18,16.8,60,0,0,Spring,No Holiday
1020,19,15,67,0,0,Spring,No Holiday
864,20,13.9,72,0,0,Spring,No Holiday
866,21,13.4,73,0,0,Spring,No Holiday
764,22,12.9,75,0,0,Spring,No Holiday
527,23,12.4,74,0,0,Spring,No Holiday
400,0,12,76,0,0,Spring,No Holiday
337,1,11.6,74,0,0,Spring,No Holiday
225,2,11.5,75,0,0,Spring,No Holiday
150,3,10.9,79,0,0,Spring,No Holiday
104,4,10.6,77,0,0,Spring,No Holiday
107,5,10.2,80,0,0,Spring,No Holiday
258,6,9.6,84,0,0,Spring,No Holiday
741,7,9.6,82,0,0,Spring,No Holiday
1353,8,10.3,77,0,0,Spring,No Holiday
723,9,12.4,66,0,0,Spring,No Holiday
494,10,14.7,62,0,0,Spring,No Holiday
588,11,15.6,60,0,0,Spring,No Holiday
629,12,16.5,57,0,0,Spring,No Holiday
723,13,17.5,54,0,0,Spring,No Holiday
698,14,18.6,46,0,0,Spring,No Holiday
785,15,18.2,45,0,0,Spring,No Holiday
943,16,18.3,43,0,0,Spring,No Holiday
1221,17,17.6,45,0,0,Spring,No Holiday
1839,18,17,53,0,0,Spring,No Holiday
1288,19,16,60,0,0,Spring,No Holiday
1133,20,15.2,65,0,0,Spring,No Holiday
1035,21,14.2,70,0,0,Spring,No Holiday
907,22,13.6,73,0,0,Spring,No Holiday
614,23,13.5,74,0,0,Spring,No Holiday
466,0,13.4,77,0,0,Spring,No Holiday
390,1,13,81,0,0,Spring,No Holiday
254,2,12.9,83,0,0,Spring,No Holiday
170,3,12.7,80,0,0,Spring,No Holiday
109,4,12.8,81,0,0,Spring,No Holiday
106,5,12.7,83,0,0,Spring,No Holiday
274,6,12.6,83,0,0,Spring,No Holiday
781,7,12.8,82,0,0,Spring,No Holiday
1281,8,13.3,80,0,0,Spring,No Holiday
757,9,13.5,79,0,0,Spring,No Holiday
482,10,15,69,0,0,Spring,No Holiday
583,11,16.1,63,0,0,Spring,No Holiday
714,12,18.2,55,0,0,Spring,No Holiday
716,13,19.5,48,0,0,Spring,No Holiday
711,14,20.2,47,0,0,Spring,No Holiday
781,15,20.8,42,0,0,Spring,No Holiday
957,16,20.7,38,0,0,Spring,No Holiday
1194,17,20.3,48,0,0,Spring,No Holiday
1776,18,19.1,47,0,0,Spring,No Holiday
1260,19,17.5,61,0,0,Spring,No Holiday
1079,20,15.6,64,0,0,Spring,No Holiday
1046,21,14.4,66,0,0,Spring,No Holiday
949,22,13.3,71,0,0,Spring,No Holiday
614,23,12.7,75,0,0,Spring,No Holiday
490,0,11.8,78,0,0,Spring,No Holiday
401,1,11.4,77,0,0,Spring,No Holiday
261,2,10.8,72,0,0,Spring,No Holiday
184,3,10.3,68,0,0,Spring,No Holiday
115,4,9.9,67,0,0,Spring,No Holiday
117,5,10.4,62,0,0,Spring,No Holiday
284,6,10.3,70,0,0,Spring,No Holiday
747,7,10.5,70,0,0,Spring,No Holiday
1406,8,11.5,60,0,0,Spring,No Holiday
772,9,13.7,46,0,0,Spring,No Holiday
583,10,16,29,0,0,Spring,No Holiday
739,11,17.8,26,0,0,Spring,No Holiday
939,12,19.1,26,0,0,Spring,No Holiday
860,13,20.3,27,0,0,Spring,No Holiday
965,14,21,28,0,0,Spring,No Holiday
1068,15,21.8,28,0,0,Spring,No Holiday
1156,16,20.7,36,0,0,Spring,No Holiday
1460,17,19.4,45,0,0,Spring,No Holiday
1935,18,17.4,57,0,0,Spring,No Holiday
1268,19,15.2,60,0,0,Spring,No Holiday
1045,20,14.3,63,0,0,Spring,No Holiday
948,21,13.7,73,0,0,Spring,No Holiday
880,22,12.7,76,0,0,Spring,No Holiday
678,23,12.1,77,0,0,Spring,No Holiday
537,0,11.7,77,0,0,Spring,No Holiday
502,1,11.5,77,0,0,Spring,No Holiday
397,2,11,73,0,0,Spring,No Holiday
264,3,10.7,74,0,0,Spring,No Holiday
163,4,10.4,73,0,0,Spring,No Holiday
108,5,9.8,73,0,0,Spring,No Holiday
142,6,9.4,75,0,0,Spring,No Holiday
264,7,9.5,72,0,0,Spring,No Holiday
489,8,10.4,65,0,0,Spring,No Holiday
642,9,12.6,57,0,0,Spring,No Holiday
618,10,14.7,53,0,0,Spring,No Holiday
824,11,16.7,45,0,0,Spring,No Holiday
1072,12,18.2,38,0,0,Spring,No Holiday
1218,13,19.3,37,0,0,Spring,No Holiday
1381,14,20.1,30,0,0,Spring,No Holiday
1542,15,18.9,28,0,0,Spring,No Holiday
1578,16,18,32,0,0,Spring,No Holiday
1531,17,17.3,36,0,0,Spring,No Holiday
1391,18,16.6,33,0,0,Spring,No Holiday
1025,19,15.3,41,0,0,Spring,No Holiday
972,20,14,45,0,0,Spring,No Holiday
1010,21,13.3,48,0,0,Spring,No Holiday
922,22,12.8,52,0,0,Spring,No Holiday
655,23,12.4,63,0,0,Spring,No Holiday
579,0,12.1,70,0,0,Spring,No Holiday
453,1,11.7,74,0,0,Spring,No Holiday
322,2,11.7,72,0,0,Spring,No Holiday
221,3,11.9,71,0,0,Spring,No Holiday
147,4,12.1,69,0,0,Spring,No Holiday
96,5,12.3,65,0,0,Spring,No Holiday
110,6,12.4,61,0,0,Spring,No Holiday
169,7,12.5,62,0,0,Spring,No Holiday
342,8,12.9,64,0,0,Spring,No Holiday
485,9,13.5,66,0,0,Spring,No Holiday
566,10,14.7,61,0,0,Spring,No Holiday
737,11,16.7,55,0,0,Spring,No Holiday
926,12,18,53,0,0,Spring,No Holiday
1156,13,17.9,60,0,0,Spring,No Holiday
1201,14,17.5,67,0,0,Spring,No Holiday
1349,15,18.2,63,0,0,Spring,No Holiday
1409,16,18.2,69,0,0,Spring,No Holiday
1362,17,18,72,0,0,Spring,No Holiday
1296,18,17.7,75,0,0,Spring,No Holiday
1066,19,17.4,79,0,0,Spring,No Holiday
984,20,17.1,80,0,0,Spring,No Holiday
983,21,16.9,81,0,0,Spring,No Holiday
841,22,16.7,83,0,0,Spring,No Holiday
588,23,16.3,82,0,0,Spring,No Holiday
468,0,16.1,80,0,0,Spring,No Holiday
295,1,16,79,0,0,Spring,No Holiday
155,2,15.7,81,0,0,Spring,No Holiday
111,3,15.6,81,0,0,Spring,No Holiday
86,4,15.7,79,0,0,Spring,No Holiday
125,5,15.3,82,0,0,Spring,No Holiday
359,6,14.9,81,0,0,Spring,No Holiday
918,7,15.1,80,0,0,Spring,No Holiday
1469,8,15.7,75,0,0,Spring,No Holiday
806,9,16.6,70,0,0,Spring,No Holiday
579,10,17.5,66,0,0,Spring,No Holiday
662,11,18.5,61,0,0,Spring,No Holiday
818,12,20.8,50,0,0,Spring,No Holiday
818,13,21.9,48,0,0,Spring,No Holiday
920,14,23,42,0,0,Spring,No Holiday
993,15,23.7,43,0,0,Spring,No Holiday
1218,16,23,47,0,0,Spring,No Holiday
1569,17,22,49,0,0,Spring,No Holiday
2401,18,20.7,54,0,0,Spring,No Holiday
1779,19,19.1,60,0,0,Spring,No Holiday
1517,20,18.2,65,0,0,Spring,No Holiday
1503,21,17.9,64,0,0,Spring,No Holiday
1213,22,17.4,66,0,0,Spring,No Holiday
803,23,16.8,70,0,0,Spring,No Holiday
532,0,16.8,69,0,0,Spring,No Holiday
430,1,17.1,72,0,0,Spring,No Holiday
275,2,17,73,0,0,Spring,No Holiday
156,3,17,74,0,0,Spring,No Holiday
124,4,16.9,74,0,0,Spring,No Holiday
163,5,16.9,73,0,0,Spring,No Holiday
388,6,16.8,74,0,0,Spring,No Holiday
1033,7,16.8,73,0,0,Spring,No Holiday
1677,8,17.3,71,0,0,Spring,No Holiday
867,9,18.3,67,0,0,Spring,No Holiday
664,10,18.9,66,0,0,Spring,No Holiday
696,11,19,67,0,0,Spring,No Holiday
913,12,19.6,63,0,0,Spring,No Holiday
870,13,20.1,61,0,0,Spring,No Holiday
931,14,21,53,0,0,Spring,No Holiday
961,15,19.9,58,0,0,Spring,No Holiday
1173,16,19.7,58,0,0,Spring,No Holiday
1436,17,19.7,57,0,0,Spring,No Holiday
2134,18,18.9,68,0,0,Spring,No Holiday
1415,19,18,74,0,0,Spring,No Holiday
1470,20,17.3,80,0,0,Spring,No Holiday
1223,21,17,83,0,0,Spring,No Holiday
1030,22,16,85,0,0,Spring,No Holiday
454,23,15,94,0,0,Spring,No Holiday
355,0,15,96,0.1,0,Spring,No Holiday
113,1,14.8,96,0,0,Spring,No Holiday
15,2,14.5,97,3.5,0,Spring,No Holiday
22,3,14.3,97,7,0,Spring,No Holiday
14,4,14.1,97,3,0,Spring,No Holiday
19,5,11.9,97,3,0,Spring,No Holiday
172,6,11.7,95,2,0,Spring,No Holiday
665,7,10.3,90,0,0,Spring,No Holiday
1284,8,10.3,86,0,0,Spring,No Holiday
378,9,10.4,81,0,0,Spring,No Holiday
505,10,10.7,81,0,0,Spring,No Holiday
744,11,12.8,65,0,0,Spring,No Holiday
928,12,15.3,54,0,0,Spring,No Holiday
951,13,16.7,47,0,0,Spring,No Holiday
1096,14,17.9,42,0,0,Spring,No Holiday
1209,15,17.9,44,0,0,Spring,No Holiday
1413,16,17.9,42,0,0,Spring,No Holiday
1745,17,17.2,46,0,0,Spring,No Holiday
2402,18,16,47,0,0,Spring,No Holiday
1626,19,14.3,53,0,0,Spring,No Holiday
1374,20,12.8,56,0,0,Spring,No Holiday
1256,21,11.8,57,0,0,Spring,No Holiday
1041,22,10.9,58,0,0,Spring,No Holiday
668,23,10.2,58,0,0,Spring,No Holiday
436,0,9.5,61,0,0,Spring,No Holiday
373,1,9,62,0,0,Spring,No Holiday
220,2,9,63,0,0,Spring,No Holiday
150,3,8.9,64,0,0,Spring,No Holiday
87,4,8.8,65,0,0,Spring,No Holiday
18,5,8.3,81,0.1,0,Spring,No Holiday
21,6,7.5,94,0.4,0,Spring,No Holiday
38,7,7.1,94,1.5,0,Spring,No Holiday
207,8,6.7,94,2,0,Spring,No Holiday
129,9,6.8,89,0,0,Spring,No Holiday
95,10,7.1,87,0,0,Spring,No Holiday
47,11,7.1,93,0,0,Spring,No Holiday
70,12,7.3,95,0.5,0,Spring,No Holiday
84,13,7.7,95,0,0,Spring,No Holiday
46,14,8,95,0,0,Spring,No Holiday
37,15,8.1,96,0.5,0,Spring,No Holiday
31,16,8.1,96,1,0,Spring,No Holiday
46,17,8,96,1,0,Spring,No Holiday
75,18,7.6,96,0,0,Spring,No Holiday
75,19,7.6,96,1.5,0,Spring,No Holiday
56,20,7.3,96,0,0,Spring,No Holiday
99,21,7.3,96,1,0,Spring,No Holiday
77,22,7.2,96,0,0,Spring,No Holiday
79,23,7.1,96,0.5,0,Spring,No Holiday
56,0,7.2,95,0.5,0,Spring,No Holiday
50,1,7.2,95,0.5,0,Spring,No Holiday
27,2,7.3,96,1.5,0,Spring,No Holiday
18,3,7.2,96,2,0,Spring,No Holiday
9,4,6.8,97,2,0,Spring,No Holiday
54,5,6.3,97,0.5,0,Spring,No Holiday
178,6,6.1,96,0,0,Spring,No Holiday
591,7,5.7,95,0,0,Spring,No Holiday
1235,8,5.9,90,0,0,Spring,No Holiday
719,9,6.9,83,0,0,Spring,No Holiday
529,10,8,73,0,0,Spring,No Holiday
598,11,8.3,69,0,0,Spring,No Holiday
756,12,6.7,71,0,0,Spring,No Holiday
683,13,7.9,58,0,0,Spring,No Holiday
572,14,7.4,56,0,0,Spring,No Holiday
545,15,6.8,50,0,0,Spring,No Holiday
585,16,6.6,50,0,0,Spring,No Holiday
776,17,6.3,50,0,0,Spring,No Holiday
1114,18,5.9,43,0,0,Spring,No Holiday
659,19,4.8,48,0,0,Spring,No Holiday
508,20,4.3,59,0,0,Spring,No Holiday
447,21,4,67,0,0,Spring,No Holiday
499,22,3.9,68,0,0,Spring,No Holiday
312,23,3.8,75,0,0,Spring,No Holiday
282,0,3,67,0,0,Spring,No Holiday
225,1,2.6,67,0,0,Spring,No Holiday
123,2,1.8,81,0,0,Spring,No Holiday
122,3,1.5,82,0.1,0,Spring,No Holiday
80,4,1.6,70,0.1,0,Spring,No Holiday
57,5,1.6,62,0,0,Spring,No Holiday
108,6,1.7,58,0,0,Spring,No Holiday
206,7,1.9,51,0,0,Spring,No Holiday
399,8,2.4,44,0,0,Spring,No Holiday
426,9,3.4,37,0,0,Spring,No Holiday
453,10,4.3,31,0,0,Spring,No Holiday
553,11,4.7,26,0,0,Spring,No Holiday
697,12,6,23,0,0,Spring,No Holiday
852,13,7.4,22,0,0,Spring,No Holiday
919,14,8.1,24,0,0,Spring,No Holiday
925,15,7.6,36,0,0,Spring,No Holiday
897,16,7.9,34,0,0,Spring,No Holiday
908,17,7.6,36,0,0,Spring,No Holiday
714,18,6.4,43,0,0,Spring,No Holiday
518,19,4.9,47,0,0,Spring,No Holiday
458,20,4.2,44,0,0,Spring,No Holiday
443,21,3.8,39,0,0,Spring,No Holiday
426,22,3.5,41,0,0,Spring,No Holiday
368,23,3.1,39,0,0,Spring,No Holiday
325,0,2.9,46,0,0,Spring,No Holiday
224,1,2.4,46,0,0,Spring,No Holiday
191,2,2.2,49,0,0,Spring,No Holiday
141,3,2,50,0,0,Spring,No Holiday
90,4,1.7,51,0,0,Spring,No Holiday
59,5,1.3,51,0,0,Spring,No Holiday
101,6,0.9,52,0,0,Spring,No Holiday
159,7,0.9,54,0,0,Spring,No Holiday
332,8,2.9,53,0,0,Spring,No Holiday
405,9,5.1,46,0,0,Spring,No Holiday
494,10,6.3,39,0,0,Spring,No Holiday
586,11,6.4,29,0,0,Spring,No Holiday
709,12,6.9,30,0,0,Spring,No Holiday
847,13,7.4,27,0,0,Spring,No Holiday
777,14,7.9,27,0,0,Spring,No Holiday
343,15,7.3,38,0,0,Spring,No Holiday
137,16,6.1,65,0,0,Spring,No Holiday
58,17,4.3,80,0.1,0,Spring,No Holiday
22,18,3,89,1.9,0,Spring,No Holiday
44,19,2.5,94,1,0,Spring,No Holiday
93,20,2.7,90,0,0,Spring,No Holiday
170,21,2.8,88,0,0,Spring,No Holiday
177,22,2.7,88,0,0,Spring,No Holiday
182,23,2.9,85,0,0,Spring,No Holiday
197,0,3.2,84,0,0,Spring,No Holiday
140,1,2.8,87,0,0,Spring,No Holiday
97,2,2.2,88,0,0,Spring,No Holiday
52,3,1.6,94,0,0,Spring,No Holiday
43,4,1.1,95,0,0,Spring,No Holiday
91,5,0.7,96,0,0,Spring,No Holiday
239,6,0.1,97,0,0,Spring,No Holiday
651,7,0.6,97,0,0,Spring,No Holiday
1163,8,1,97,0,0,Spring,No Holiday
682,9,2.6,96,0,0,Spring,No Holiday
506,10,5.2,73,0,0,Spring,No Holiday
644,11,7.5,54,0,0,Spring,No Holiday
799,12,10.4,44,0,0,Spring,No Holiday
869,13,12.4,32,0,0,Spring,No Holiday
921,14,13.9,26,0,0,Spring,No Holiday
1038,15,14.2,24,0,0,Spring,No Holiday
1185,16,15.3,24,0,0,Spring,No Holiday
1479,17,15.3,26,0,0,Spring,No Holiday
2401,18,14.8,24,0,0,Spring,No Holiday
1599,19,13.4,33,0,0,Spring,No Holiday
1362,20,11.7,34,0,0,Spring,No Holiday
1232,21,10.3,38,0,0,Spring,No Holiday
1069,22,9.6,41,0,0,Spring,No Holiday
623,23,9.6,43,0,0,Spring,No Holiday
485,0,9,46,0,0,Spring,No Holiday
376,1,9,44,0,0,Spring,No Holiday
250,2,8.8,43,0,0,Spring,No Holiday
149,3,8.1,48,0,0,Spring,No Holiday
102,4,7.5,48,0,0,Spring,No Holiday
123,5,7.1,53,0,0,Spring,No Holiday
370,6,6.9,51,0,0,Spring,No Holiday
981,7,7.2,50,0,0,Spring,No Holiday
1702,8,9.6,38,0,0,Spring,No Holiday
982,9,11.9,35,0,0,Spring,No Holiday
703,10,15.2,31,0,0,Spring,No Holiday
839,11,18.5,27,0,0,Spring,No Holiday
1023,12,20.5,37,0,0,Spring,No Holiday
967,13,21.9,34,0,0,Spring,No Holiday
913,14,21.2,35,0,0,Spring,No Holiday
933,15,21.4,33,0,0,Spring,No Holiday
1080,16,20.9,34,0,0,Spring,No Holiday
1004,17,20.6,39,0,0,Spring,No Holiday
1805,18,19.7,52,0,0,Spring,No Holiday
1153,19,19.2,55,0,0,Spring,No Holiday
336,20,19.1,58,0,0,Spring,No Holiday
133,21,17.5,70,0.5,0,Spring,No Holiday
75,22,15.8,83,1.5,0,Spring,No Holiday
212,23,15.1,83,3,0,Spring,No Holiday
504,0,9.5,40,0,0,Spring,No Holiday
374,1,8.9,40,0,0,Spring,No Holiday
269,2,8.1,45,0,0,Spring,No Holiday
182,3,7.8,49,0,0,Spring,No Holiday
98,4,7.5,53,0,0,Spring,No Holiday
144,5,7.1,57,0,0,Spring,No Holiday
375,6,7.1,55,0,0,Spring,No Holiday
1054,7,7.6,54,0,0,Spring,No Holiday
1789,8,8.9,48,0,0,Spring,No Holiday
952,9,11.5,43,0,0,Spring,No Holiday
686,10,13.8,39,0,0,Spring,No Holiday
829,11,16.2,30,0,0,Spring,No Holiday
969,12,17.5,20,0,0,Spring,No Holiday
1029,13,18.1,18,0,0,Spring,No Holiday
990,14,18.8,27,0,0,Spring,No Holiday
1074,15,19.4,24,0,0,Spring,No Holiday
1273,16,18.8,23,0,0,Spring,No Holiday
1664,17,18.6,22,0,0,Spring,No Holiday
2359,18,17.9,16,0,0,Spring,No Holiday
1641,19,15.9,14,0,0,Spring,No Holiday
1319,20,14.2,15,0,0,Spring,No Holiday
1241,21,13.4,15,0,0,Spring,No Holiday
1142,22,13.5,15,0,0,Spring,No Holiday
772,23,12.6,16,0,0,Spring,No Holiday
525,0,11.4,22,0,0,Spring,No Holiday
432,1,10,23,0,0,Spring,No Holiday
257,2,9.7,23,0,0,Spring,No Holiday
167,3,9.9,27,0,0,Spring,No Holiday
112,4,9.7,29,0,0,Spring,No Holiday
156,5,9.1,34,0,0,Spring,No Holiday
368,6,8.3,35,0,0,Spring,No Holiday
999,7,8.8,33,0,0,Spring,No Holiday
1721,8,10.6,27,0,0,Spring,No Holiday
982,9,13.2,22,0,0,Spring,No Holiday
741,10,15.7,18,0,0,Spring,No Holiday
867,11,16.9,15,0,0,Spring,No Holiday
1095,12,18.2,15,0,0,Spring,No Holiday
973,13,19,15,0,0,Spring,No Holiday
1063,14,18.7,14,0,0,Spring,No Holiday
1108,15,18.6,15,0,0,Spring,No Holiday
1270,16,18.3,16,0,0,Spring,No Holiday
1662,17,18.1,16,0,0,Spring,No Holiday
2404,18,17.5,18,0,0,Spring,No Holiday
1641,19,16.9,19,0,0,Spring,No Holiday
1359,20,16.2,22,0,0,Spring,No Holiday
1311,21,16.4,24,0,0,Spring,No Holiday
1178,22,16.3,25,0,0,Spring,No Holiday
849,23,15.5,27,0,0,Spring,No Holiday
664,0,14.8,27,0,0,Spring,No Holiday
513,1,14.1,25,0,0,Spring,No Holiday
253,2,13.5,27,0,0,Spring,No Holiday
62,3,12.1,41,0.2,0,Spring,No Holiday
39,4,10.3,72,0.8,0,Spring,No Holiday
20,5,9.5,76,0,0,Spring,No Holiday
12,6,8.7,80,1,0,Spring,No Holiday
18,7,8.2,88,2,0,Spring,No Holiday
17,8,7.7,88,1,0,Spring,No Holiday
17,9,7.5,94,1.5,0,Spring,No Holiday
43,10,7.7,94,1.5,0,Spring,No Holiday
52,11,8.1,94,0.5,0,Spring,No Holiday
75,12,8.6,94,0,0,Spring,No Holiday
70,13,8.8,93,0,0,Spring,No Holiday
122,14,8.9,94,0.5,0,Spring,No Holiday
203,15,8.6,88,0,0,Spring,No Holiday
445,16,8.9,87,0,0,Spring,No Holiday
675,17,9.3,81,0,0,Spring,No Holiday
706,18,9.6,79,0,0,Spring,No Holiday
612,19,9.5,76,0,0,Spring,No Holiday
640,20,9.4,76,0,0,Spring,No Holiday
633,21,9.1,76,0,0,Spring,No Holiday
586,22,8.8,77,0,0,Spring,No Holiday
503,23,8.4,77,0,0,Spring,No Holiday
475,0,7.8,78,0,0,Spring,No Holiday
349,1,7.1,78,0,0,Spring,No Holiday
254,2,6.7,80,0,0,Spring,No Holiday
183,3,6.4,83,0,0,Spring,No Holiday
110,4,6,84,0,0,Spring,No Holiday
65,5,5.8,85,0,0,Spring,No Holiday
102,6,5.6,85,0,0,Spring,No Holiday
223,7,5.8,83,0,0,Spring,No Holiday
401,8,7,78,0,0,Spring,No Holiday
513,9,8.6,66,0,0,Spring,No Holiday
582,10,10.3,62,0,0,Spring,No Holiday
797,11,11.8,57,0,0,Spring,No Holiday
1105,12,12.5,53,0,0,Spring,No Holiday
1229,13,13.5,46,0,0,Spring,No Holiday
1083,14,13.7,50,0,0,Spring,No Holiday
62,15,13.1,54,0,0,Spring,No Holiday
124,16,12,61,0,0,Spring,No Holiday
42,17,11.8,60,0,0,Spring,No Holiday
343,18,11.9,58,0,0,Spring,No Holiday
317,19,11,62,0,0,Spring,No Holiday
297,20,10.3,62,0,0,Spring,No Holiday
464,21,9.6,66,0,0,Spring,No Holiday
620,22,9,65,0,0,Spring,No Holiday
467,23,8.6,69,0,0,Spring,No Holiday
401,0,8.3,59,0,0,Spring,No Holiday
226,1,7.6,62,0,0,Spring,No Holiday
126,2,7.1,64,0,0,Spring,No Holiday
107,3,6.4,67,0,0,Spring,No Holiday
75,4,5.9,68,0,0,Spring,No Holiday
132,5,5.3,73,0,0,Spring,No Holiday
405,6,5,70,0,0,Spring,No Holiday
1049,7,5,67,0,0,Spring,No Holiday
1713,8,6.9,54,0,0,Spring,No Holiday
922,9,10.1,42,0,0,Spring,No Holiday
700,10,12.4,34,0,0,Spring,No Holiday
855,11,14.1,32,0,0,Spring,No Holiday
1052,12,15.5,33,0,0,Spring,No Holiday
973,13,16.6,30,0,0,Spring,No Holiday
1016,14,18,28,0,0,Spring,No Holiday
1145,15,18.4,25,0,0,Spring,No Holiday
1452,16,18.5,24,0,0,Spring,No Holiday
1753,17,18.7,21,0,0,Spring,No Holiday
2692,18,17,28,0,0,Spring,No Holiday
1719,19,13.8,32,0,0,Spring,No Holiday
1498,20,12.1,35,0,0,Spring,No Holiday
1355,21,11.1,39,0,0,Spring,No Holiday
1099,22,10.8,33,0,0,Spring,No Holiday
733,23,9.7,33,0,0,Spring,No Holiday
503,0,9.6,31,0,0,Spring,No Holiday
421,1,9,36,0,0,Spring,No Holiday
237,2,8.4,45,0,0,Spring,No Holiday
164,3,7.8,49,0,0,Spring,No Holiday
110,4,7.6,52,0,0,Spring,No Holiday
143,5,7.4,56,0,0,Spring,No Holiday
406,6,6.9,57,0,0,Spring,No Holiday
1100,7,6.9,57,0,0,Spring,No Holiday
1920,8,8.7,49,0,0,Spring,No Holiday
1013,9,12,39,0,0,Spring,No Holiday
731,10,14.7,31,0,0,Spring,No Holiday
822,11,16.9,27,0,0,Spring,No Holiday
1112,12,18,26,0,0,Spring,No Holiday
1007,13,19.1,26,0,0,Spring,No Holiday
1037,14,19.8,23,0,0,Spring,No Holiday
1120,15,19.9,26,0,0,Spring,No Holiday
1312,16,19.5,28,0,0,Spring,No Holiday
1632,17,18.3,29,0,0,Spring,No Holiday
1727,18,17.1,31,0,0,Spring,No Holiday
1356,19,14.5,31,0,0,Spring,No Holiday
1290,20,12.5,31,0,0,Spring,No Holiday
1320,21,11.7,31,0,0,Spring,No Holiday
1071,22,11,34,0,0,Spring,No Holiday
680,23,10.1,41,0,0,Spring,No Holiday
515,0,9.6,44,0,0,Spring,No Holiday
375,1,8.9,45,0,0,Spring,No Holiday
260,2,8.7,44,0,0,Spring,No Holiday
164,3,7.9,45,0,0,Spring,No Holiday
105,4,7.2,49,0,0,Spring,No Holiday
154,5,6.7,50,0,0,Spring,No Holiday
395,6,6.2,52,0,0,Spring,No Holiday
1083,7,6.4,51,0,0,Spring,No Holiday
1815,8,8.3,36,0,0,Spring,No Holiday
987,9,11.2,31,0,0,Spring,No Holiday
761,10,13.7,26,0,0,Spring,No Holiday
845,11,15.5,22,0,0,Spring,No Holiday
1047,12,16.5,17,0,0,Spring,No Holiday
975,13,17.7,16,0,0,Spring,No Holiday
967,14,18.9,15,0,0,Spring,No Holiday
1149,15,19,21,0,0,Spring,No Holiday
1346,16,18.5,22,0,0,Spring,No Holiday
1738,17,17.8,26,0,0,Spring,No Holiday
1918,18,16.6,33,0,0,Spring,No Holiday
842,19,14.7,40,0,0,Spring,No Holiday
1346,20,13,41,0,0,Spring,No Holiday
1209,21,12.1,40,0,0,Spring,No Holiday
1003,22,11.3,42,0,0,Spring,No Holiday
671,23,10.7,42,0,0,Spring,No Holiday
520,0,9.8,44,0,0,Spring,No Holiday
42,1,9.3,45,0,0,Spring,No Holiday
281,2,8.8,49,0,0,Spring,No Holiday
206,3,8.6,53,0,0,Spring,No Holiday
125,4,8.3,53,0,0,Spring,No Holiday
153,5,7.9,59,0,0,Spring,No Holiday
367,6,7.6,55,0,0,Spring,No Holiday
254,7,7.7,48,0,0,Spring,No Holiday
20,8,9.6,39,0,0,Spring,No Holiday
316,9,12.4,29,0,0,Spring,No Holiday
139,10,14.7,29,0,0,Spring,No Holiday
795,11,16.1,23,0,0,Spring,No Holiday
919,12,17.8,21,0,0,Spring,No Holiday
930,13,19.2,17,0,0,Spring,No Holiday
996,14,20.5,17,0,0,Spring,No Holiday
1039,15,20.2,21,0,0,Spring,No Holiday
1198,16,19.8,25,0,0,Spring,No Holiday
1534,17,20.1,27,0,0,Spring,No Holiday
2198,18,19.1,31,0,0,Spring,No Holiday
1489,19,17.4,34,0,0,Spring,No Holiday
1313,20,15.5,38,0,0,Spring,No Holiday
1165,21,14.2,44,0,0,Spring,No Holiday
1054,22,13.4,49,0,0,Spring,No Holiday
677,23,12.9,51,0,0,Spring,No Holiday
553,0,12.4,56,0,0,Spring,No Holiday
436,1,11.8,60,0,0,Spring,No Holiday
305,2,11.7,63,0,0,Spring,No Holiday
188,3,11.3,61,0,0,Spring,No Holiday
134,4,11.4,60,0,0,Spring,No Holiday
168,5,11.4,60,0,0,Spring,No Holiday
414,6,11.2,63,0,0,Spring,No Holiday
979,7,11.3,62,0,0,Spring,No Holiday
1659,8,13,54,0,0,Spring,No Holiday
962,9,15.8,42,0,0,Spring,No Holiday
708,10,18.2,36,0,0,Spring,No Holiday
805,11,20.6,34,0,0,Spring,No Holiday
1019,12,22.5,33,0,0,Spring,No Holiday
973,13,24.2,30,0,0,Spring,No Holiday
970,14,25.9,28,0,0,Spring,No Holiday
1080,15,26.1,27,0,0,Spring,No Holiday
1206,16,25.7,30,0,0,Spring,No Holiday
1543,17,25.6,30,0,0,Spring,No Holiday
2268,18,24.7,33,0,0,Spring,No Holiday
1578,19,22.9,35,0,0,Spring,No Holiday
1358,20,21.1,43,0,0,Spring,No Holiday
1213,21,19.2,50,0,0,Spring,No Holiday
1183,22,18.2,52,0,0,Spring,No Holiday
891,23,17.3,57,0,0,Spring,No Holiday
707,0,16.3,59,0,0,Spring,No Holiday
628,1,15.5,60,0,0,Spring,No Holiday
436,2,14.7,63,0,0,Spring,No Holiday
307,3,14.2,62,0,0,Spring,No Holiday
166,4,13.6,67,0,0,Spring,No Holiday
122,5,13,70,0,0,Spring,No Holiday
184,6,12.3,67,0,0,Spring,No Holiday
324,7,12.5,68,0,0,Spring,No Holiday
600,8,14.6,54,0,0,Spring,No Holiday
647,9,18.1,33,0,0,Spring,No Holiday
702,10,20.6,24,0,0,Spring,No Holiday
872,11,23.1,19,0,0,Spring,No Holiday
1130,12,24.3,14,0,0,Spring,No Holiday
1315,13,24.6,10,0,0,Spring,No Holiday
1511,14,25,14,0,0,Spring,No Holiday
1730,15,25,13,0,0,Spring,No Holiday
1942,16,24.8,13,0,0,Spring,No Holiday
2032,17,23.2,12,0,0,Spring,No Holiday
1986,18,22.2,11,0,0,Spring,No Holiday
1711,19,20.7,15,0,0,Spring,No Holiday
1581,20,19.1,18,0,0,Spring,No Holiday
1491,21,17.8,21,0,0,Spring,No Holiday
1292,22,16.7,28,0,0,Spring,No Holiday
988,23,16,33,0,0,Spring,No Holiday
826,0,15.9,35,0,0,Spring,No Holiday
578,1,15.9,39,0,0,Spring,No Holiday
410,2,15.4,41,0,0,Spring,No Holiday
289,3,15.2,31,0,0,Spring,No Holiday
192,4,14.9,35,0,0,Spring,No Holiday
136,5,14.8,38,0,0,Spring,No Holiday
155,6,14.6,42,0,0,Spring,No Holiday
278,7,15,41,0,0,Spring,No Holiday
429,8,16.3,40,0,0,Spring,No Holiday
247,9,16.9,45,0,0,Spring,No Holiday
486,10,16.3,62,0.3,0,Spring,No Holiday
424,11,17.4,54,0,0,Spring,No Holiday
631,12,18.9,44,0,0,Spring,No Holiday
842,13,20.5,35,0,0,Spring,No Holiday
384,14,20.7,32,0,0,Spring,No Holiday
234,15,19.6,44,0.2,0,Spring,No Holiday
103,16,19.1,52,0,0,Spring,No Holiday
46,17,17.9,65,1,0,Spring,No Holiday
63,18,16.1,73,0.5,0,Spring,No Holiday
32,19,15.2,64,0.5,0,Spring,No Holiday
12,20,13.3,80,1.5,0,Spring,No Holiday
24,21,12,86,2.5,0,Spring,No Holiday
13,22,11.6,89,4,0,Spring,No Holiday
18,23,11.3,94,3,0,Spring,No Holiday
81,0,10.7,94,2,0,Spring,No Holiday
41,1,10.6,87,0.1,0,Spring,No Holiday
21,2,10.2,90,0.9,0,Spring,No Holiday
8,3,9.9,93,0.5,0,Spring,No Holiday
2,4,9.5,95,3.5,0,Spring,No Holiday
6,5,9.2,95,2.5,0,Spring,No Holiday
5,6,9.1,95,7,0,Spring,No Holiday
17,7,9,95,6,0,Spring,No Holiday
25,8,8.8,95,5,0,Spring,No Holiday
9,9,8.5,95,8,0,Spring,No Holiday
12,10,8.6,95,4,0,Spring,No Holiday
10,11,8.9,91,1.5,0,Spring,No Holiday
10,12,9,96,5.5,0,Spring,No Holiday
11,13,9.3,95,2.5,0,Spring,No Holiday
17,14,9.4,96,4,0,Spring,No Holiday
14,15,9.5,96,1.5,0,Spring,No Holiday
41,16,9.6,96,1,0,Spring,No Holiday
42,17,9.4,95,0.5,0,Spring,No Holiday
39,18,9.4,96,1,0,Spring,No Holiday
50,19,9.4,95,1.5,0,Spring,No Holiday
37,20,9.4,95,1,0,Spring,No Holiday
82,21,9.4,94,1.5,0,Spring,No Holiday
164,22,9.6,90,0,0,Spring,No Holiday
233,23,9.8,87,0,0,Spring,No Holiday
213,0,9.8,86,0,0,Spring,No Holiday
157,1,10.1,83,0,0,Spring,No Holiday
68,2,10.1,83,0.1,0,Spring,No Holiday
35,3,9.6,94,2.4,0,Spring,No Holiday
34,4,9.5,94,0.5,0,Spring,No Holiday
77,5,9.4,93,0,0,Spring,No Holiday
262,6,9.6,87,0,0,Spring,No Holiday
751,7,9.8,84,0,0,Spring,No Holiday
1502,8,10.5,79,0,0,Spring,No Holiday
814,9,12,71,0,0,Spring,No Holiday
638,10,12.9,68,0,0,Spring,No Holiday
710,11,14.1,62,0,0,Spring,No Holiday
925,12,15.2,57,0,0,Spring,No Holiday
923,13,15.9,53,0,0,Spring,No Holiday
942,14,16,52,0,0,Spring,No Holiday
971,15,16.1,52,0,0,Spring,No Holiday
1118,16,15.5,52,0,0,Spring,No Holiday
1462,17,15.1,52,0,0,Spring,No Holiday
2318,18,14.1,43,0,0,Spring,No Holiday
1580,19,13.3,37,0,0,Spring,No Holiday
1332,20,12.6,49,0,0,Spring,No Holiday
1372,21,11.5,47,0,0,Spring,No Holiday
1215,22,10.4,43,0,0,Spring,No Holiday
725,23,9.6,44,0,0,Spring,No Holiday
536,0,8.9,55,0,0,Spring,No Holiday
444,1,8.4,58,0,0,Spring,No Holiday
306,2,7.7,60,0,0,Spring,No Holiday
206,3,7.1,60,0,0,Spring,No Holiday
117,4,6.4,66,0,0,Spring,No Holiday
148,5,6,63,0,0,Spring,No Holiday
449,6,5.8,55,0,0,Spring,No Holiday
1123,7,6.4,51,0,0,Spring,No Holiday
1900,8,8.8,37,0,0,Spring,No Holiday
1066,9,11.7,32,0,0,Spring,No Holiday
756,10,14.8,29,0,0,Spring,No Holiday
938,11,17.5,25,0,0,Spring,No Holiday
1192,12,19.4,20,0,0,Spring,No Holiday
1141,13,20.8,23,0,0,Spring,No Holiday
1161,14,22.1,22,0,0,Spring,No Holiday
1180,15,22.8,21,0,0,Spring,No Holiday
1447,16,23.1,19,0,0,Spring,No Holiday
1878,17,22.9,23,0,0,Spring,No Holiday
2807,18,21.2,32,0,0,Spring,No Holiday
1958,19,18.2,36,0,0,Spring,No Holiday
1651,20,16.8,29,0,0,Spring,No Holiday
1593,21,15.9,35,0,0,Spring,No Holiday
1382,22,15.2,35,0,0,Spring,No Holiday
906,23,14,45,0,0,Spring,No Holiday
692,0,13.1,47,0,0,Spring,No Holiday
546,1,12.4,55,0,0,Spring,No Holiday
409,2,11.9,57,0,0,Spring,No Holiday
239,3,11.3,66,0,0,Spring,No Holiday
140,4,10.7,70,0,0,Spring,No Holiday
180,5,10.2,73,0,0,Spring,No Holiday
452,6,10,72,0,0,Spring,No Holiday
1124,7,10.7,68,0,0,Spring,No Holiday
1933,8,11.7,62,0,0,Spring,No Holiday
1027,9,14,54,0,0,Spring,No Holiday
745,10,16.7,47,0,0,Spring,No Holiday
930,11,18.1,42,0,0,Spring,No Holiday
1197,12,19.6,36,0,0,Spring,No Holiday
1084,13,20.6,30,0,0,Spring,No Holiday
1123,14,21.6,28,0,0,Spring,No Holiday
1227,15,21.9,23,0,0,Spring,No Holiday
1386,16,21.7,23,0,0,Spring,No Holiday
1796,17,20.7,30,0,0,Spring,No Holiday
2574,18,17.4,45,0,0,Spring,No Holiday
1891,19,15.2,45,0,0,Spring,No Holiday
1531,20,14.4,50,0,0,Spring,No Holiday
1447,21,13.4,60,0,0,Spring,No Holiday
1146,22,12.7,61,0,0,Spring,No Holiday
851,23,12.1,58,0,0,Spring,No Holiday
663,0,11.8,59,0,0,Spring,No Holiday
562,1,11.5,57,0,0,Spring,No Holiday
361,2,11.2,58,0,0,Spring,No Holiday
258,3,10.7,63,0,0,Spring,No Holiday
140,4,10.2,65,0,0,Spring,No Holiday
170,5,9.9,69,0,0,Spring,No Holiday
427,6,9.9,66,0,0,Spring,No Holiday
1129,7,10.1,63,0,0,Spring,No Holiday
1922,8,11.6,58,0,0,Spring,No Holiday
985,9,13.2,57,0,0,Spring,No Holiday
789,10,15.3,50,0,0,Spring,No Holiday
986,11,17.7,44,0,0,Spring,No Holiday
1142,12,19.5,40,0,0,Spring,No Holiday
1133,13,21,36,0,0,Spring,No Holiday
1115,14,22.2,32,0,0,Spring,No Holiday
1253,15,22.7,29,0,0,Spring,No Holiday
1446,16,23.2,33,0,0,Spring,No Holiday
1877,17,21.8,41,0,0,Spring,No Holiday
2577,18,20.3,47,0,0,Spring,No Holiday
1812,19,18.7,53,0,0,Spring,No Holiday
1499,20,16.9,41,0,0,Spring,No Holiday
1362,21,15.7,51,0,0,Spring,No Holiday
1278,22,14.7,63,0,0,Spring,No Holiday
975,23,14,66,0,0,Spring,No Holiday
777,0,13.3,70,0,0,Spring,No Holiday
672,1,12.7,74,0,0,Spring,No Holiday
522,2,12,76,0,0,Spring,No Holiday
325,3,11.6,76,0,0,Spring,No Holiday
166,4,11.4,78,0,0,Spring,No Holiday
152,5,10.9,81,0,0,Spring,No Holiday
230,6,10.6,84,0,0,Spring,No Holiday
376,7,10.8,78,0,0,Spring,No Holiday
647,8,12.7,67,0,0,Spring,No Holiday
795,9,15.1,56,0,0,Spring,No Holiday
808,10,17.4,46,0,0,Spring,No Holiday
1000,11,19,30,0,0,Spring,No Holiday
1278,12,20.5,31,0,0,Spring,No Holiday
1404,13,21.2,31,0,0,Spring,No Holiday
1597,14,21.3,25,0,0,Spring,No Holiday
1875,15,21.1,25,0,0,Spring,No Holiday
1945,16,20.4,25,0,0,Spring,No Holiday
2043,17,20.1,29,0,0,Spring,No Holiday
1882,18,18.9,30,0,0,Spring,No Holiday
1590,19,16.9,33,0,0,Spring,No Holiday
1435,20,15.1,34,0,0,Spring,No Holiday
1351,21,13.9,37,0,0,Spring,No Holiday
1165,22,13,45,0,0,Spring,No Holiday
905,23,12.3,51,0,0,Spring,No Holiday
790,0,11.7,53,0,0,Spring,No Holiday
554,1,11.2,57,0,0,Spring,No Holiday
425,2,10.9,56,0,0,Spring,No Holiday
263,3,10.6,60,0,0,Spring,No Holiday
183,4,10.3,63,0,0,Spring,No Holiday
138,5,9.7,63,0,0,Spring,No Holiday
183,6,9.5,65,0,0,Spring,No Holiday
307,7,9.9,59,0,0,Spring,No Holiday
485,8,12.2,50,0,0,Spring,No Holiday
716,9,14.9,39,0,0,Spring,No Holiday
787,10,17.5,35,0,0,Spring,No Holiday
1060,11,19.6,28,0,0,Spring,No Holiday
1375,12,20.5,31,0,0,Spring,No Holiday
1635,13,21.9,27,0,0,Spring,No Holiday
1814,14,21.6,28,0,0,Spring,No Holiday
2019,15,22.8,24,0,0,Spring,No Holiday
2044,16,22.2,23,0,0,Spring,No Holiday
2094,17,21.9,28,0,0,Spring,No Holiday
1950,18,20.1,28,0,0,Spring,No Holiday
1712,19,18.1,38,0,0,Spring,No Holiday
1485,20,16.9,42,0,0,Spring,No Holiday
1382,21,16.1,44,0,0,Spring,No Holiday
1128,22,15.6,43,0,0,Spring,No Holiday
820,23,15.2,51,0,0,Spring,No Holiday
569,0,14.7,54,0,0,Spring,No Holiday
362,1,14.4,60,0,0,Spring,No Holiday
246,2,14.1,62,0,0,Spring,No Holiday
157,3,14.3,61,0,0,Spring,No Holiday
132,4,14.6,57,0,0,Spring,No Holiday
185,5,14.8,63,0,0,Spring,No Holiday
397,6,14.9,64,0,0,Spring,No Holiday
1075,7,15.1,78,0,0,Spring,No Holiday
1791,8,15.8,73,0,0,Spring,No Holiday
983,9,17.5,65,0,0,Spring,No Holiday
742,10,19.5,54,0,0,Spring,No Holiday
901,11,20.3,52,0,0,Spring,No Holiday
1094,12,22.2,50,0,0,Spring,No Holiday
1019,13,23.3,45,0,0,Spring,No Holiday
1055,14,24,47,0,0,Spring,No Holiday
1168,15,24.1,48,0,0,Spring,No Holiday
1344,16,24.8,45,0,0,Spring,No Holiday
1706,17,24,53,0,0,Spring,No Holiday
2558,18,23,54,0,0,Spring,No Holiday
2064,19,21.2,65,0,0,Spring,No Holiday
1703,20,20,69,0,0,Spring,No Holiday
1711,21,19.1,73,0,0,Spring,No Holiday
1456,22,18.4,78,0,0,Spring,No Holiday
1044,23,17.9,79,0,0,Spring,No Holiday
782,0,18.3,78,0,0,Spring,Holiday
705,1,18.3,83,0,0,Spring,Holiday
534,2,18.2,85,0,0,Spring,Holiday
343,3,18.1,85,0,0,Spring,Holiday
187,4,18,85,0,0,Spring,Holiday
166,5,18,85,0,0,Spring,Holiday
306,6,17.8,85,0,0,Spring,Holiday
614,7,18,82,0,0,Spring,Holiday
1067,8,18.8,76,0,0,Spring,Holiday
1024,9,20.7,67,0,0,Spring,Holiday
1002,10,22.2,61,0,0,Spring,Holiday
1117,11,22.7,63,0,0,Spring,Holiday
1315,12,22.1,67,0,0,Spring,Holiday
1493,13,23,63,0,0,Spring,Holiday
1536,14,23,64,0,0,Spring,Holiday
1639,15,23.1,61,0,0,Spring,Holiday
1759,16,22.6,63,0,0,Spring,Holiday
1898,17,22,65,0,0,Spring,Holiday
2082,18,21.6,67,0,0,Spring,Holiday
1696,19,21.2,68,0,0,Spring,Holiday
1656,20,20.6,72,0,0,Spring,Holiday
1644,21,20.2,74,0,0,Spring,Holiday
1400,22,19.9,75,0,0,Spring,Holiday
855,23,19.8,73,0,0,Spring,Holiday
612,0,19.7,76,0,0,Spring,No Holiday
413,1,19.6,75,0,0,Spring,No Holiday
245,2,19,80,0,0,Spring,No Holiday
170,3,18.5,82,0,0,Spring,No Holiday
93,4,18.4,81,0,0,Spring,No Holiday
76,5,18.4,87,0.4,0,Spring,No Holiday
67,6,17.9,93,0.1,0,Spring,No Holiday
102,7,17.6,94,1,0,Spring,No Holiday
555,8,17.5,94,0,0,Spring,No Holiday
609,9,17.4,94,0,0,Spring,No Holiday
486,10,17.7,88,0,0,Spring,No Holiday
206,11,18,85,0,0,Spring,No Holiday
63,12,17.3,95,3.5,0,Spring,No Holiday
327,13,17.2,96,4,0,Spring,No Holiday
376,14,17.5,94,0,0,Spring,No Holiday
143,15,17,90,0,0,Spring,No Holiday
400,16,15.4,95,0.5,0,Spring,No Holiday
813,17,13.9,94,0,0,Spring,No Holiday
518,18,13.6,89,0,0,Spring,No Holiday
131,19,12.6,93,0,0,Spring,No Holiday
123,20,11.1,91,0.5,0,Spring,No Holiday
327,21,10.5,94,1,0,Spring,No Holiday
299,22,10.4,85,0,0,Spring,No Holiday
294,23,9.5,90,1,0,Spring,No Holiday
361,0,8.7,86,0,0,Spring,No Holiday
323,1,7.9,86,0,0,Spring,No Holiday
251,2,7.3,86,0,0,Spring,No Holiday
156,3,7,86,0,0,Spring,No Holiday
109,4,7,87,0,0,Spring,No Holiday
163,5,7,85,0,0,Spring,No Holiday
469,6,7.9,86,0,0,Spring,No Holiday
1160,7,8.4,83,0,0,Spring,No Holiday
1946,8,10.5,67,0,0,Spring,No Holiday
1061,9,12.8,52,0,0,Spring,No Holiday
762,10,13.8,47,0,0,Spring,No Holiday
794,11,14.7,45,0,0,Spring,No Holiday
871,12,14.1,59,0,0,Spring,No Holiday
516,13,13.4,56,0.1,0,Spring,No Holiday
367,14,12.7,75,0.4,0,Spring,No Holiday
590,15,12.2,56,0.5,0,Spring,No Holiday
911,16,12.8,53,0,0,Spring,No Holiday
1421,17,13.2,49,0,0,Spring,No Holiday
2310,18,13.4,49,0,0,Spring,No Holiday
1663,19,13.3,49,0,0,Spring,No Holiday
1401,20,12.6,47,0,0,Spring,No Holiday
1388,21,11.9,48,0,0,Spring,No Holiday
1202,22,11.2,60,0,0,Spring,No Holiday
832,23,10.6,62,0,0,Spring,No Holiday
624,0,10,63,0,0,Spring,No Holiday
480,1,9.7,63,0,0,Spring,No Holiday
352,2,9.6,65,0,0,Spring,No Holiday
224,3,9.6,66,0,0,Spring,No Holiday
138,4,9.5,66,0,0,Spring,No Holiday
186,5,9.2,63,0,0,Spring,No Holiday
521,6,9,57,0,0,Spring,No Holiday
1260,7,9.5,55,0,0,Spring,No Holiday
2041,8,11.3,46,0,0,Spring,No Holiday
1155,9,14.1,42,0,0,Spring,No Holiday
864,10,16.1,37,0,0,Spring,No Holiday
1021,11,17.2,35,0,0,Spring,No Holiday
1206,12,17.9,32,0,0,Spring,No Holiday
1222,13,18.9,30,0,0,Spring,No Holiday
1266,14,18.8,31,0,0,Spring,No Holiday
1323,15,19.9,26,0,0,Spring,No Holiday
1501,16,18.6,30,0,0,Spring,No Holiday
1857,17,18.1,30,0,0,Spring,No Holiday
2661,18,17.1,35,0,0,Spring,No Holiday
1890,19,15.5,46,0,0,Spring,No Holiday
1389,20,14.1,46,0,0,Spring,No Holiday
1298,21,13.3,47,0,0,Spring,No Holiday
1256,22,12.7,55,0,0,Spring,No Holiday
935,23,12.4,58,0,0,Spring,No Holiday
796,0,12.2,59,0,0,Spring,No Holiday
716,1,12.1,54,0,0,Spring,No Holiday
508,2,12.1,53,0,0,Spring,No Holiday
392,3,11.6,53,0,0,Spring,No Holiday
252,4,12.1,51,0,0,Spring,No Holiday
190,5,12.2,52,0,0,Spring,No Holiday
247,6,12.3,55,0,0,Spring,No Holiday
352,7,12.9,55,0,0,Spring,No Holiday
579,8,14.4,51,0,0,Spring,No Holiday
759,9,16.1,50,0,0,Spring,No Holiday
877,10,18.1,46,0,0,Spring,No Holiday
1024,11,20.2,41,0,0,Spring,No Holiday
1258,12,21.9,35,0,0,Spring,No Holiday
1408,13,22.7,35,0,0,Spring,No Holiday
1669,14,23.6,34,0,0,Spring,No Holiday
1837,15,23.8,29,0,0,Spring,No Holiday
1223,16,23.2,30,0,0,Spring,No Holiday
2014,17,23.6,29,0,0,Spring,No Holiday
1929,18,22.5,31,0,0,Spring,No Holiday
1753,19,20.7,47,0,0,Spring,No Holiday
1562,20,19.7,53,0,0,Spring,No Holiday
1551,21,19.3,57,0,0,Spring,No Holiday
1360,22,19.1,61,0,0,Spring,No Holiday
1097,23,19.1,62,0,0,Spring,No Holiday
733,0,18.7,64,0,0,Spring,No Holiday
181,1,18.2,71,0,0,Spring,No Holiday
74,2,17.3,82,0.5,0,Spring,No Holiday
43,3,16.2,94,1.5,0,Spring,No Holiday
16,4,15.8,93,1.5,0,Spring,No Holiday
11,5,15.4,96,2,0,Spring,No Holiday
7,6,15.1,97,3,0,Spring,No Holiday
16,7,15.1,97,2.5,0,Spring,No Holiday
16,8,15.2,97,2,0,Spring,No Holiday
12,9,15.4,97,1,0,Spring,No Holiday
13,10,15.4,97,1.5,0,Spring,No Holiday
10,11,15.5,97,3.5,0,Spring,No Holiday
71,12,15.7,96,3,0,Spring,No Holiday
211,13,16.4,94,0,0,Spring,No Holiday
384,14,17.2,85,0,0,Spring,No Holiday
770,15,17.8,77,0,0,Spring,No Holiday
1482,16,19.5,66,0,0,Spring,No Holiday
1737,17,20.2,62,0,0,Spring,No Holiday
1848,18,20.2,66,0,0,Spring,No Holiday
1639,19,19,70,0,0,Spring,No Holiday
1526,20,17.6,77,0,0,Spring,No Holiday
1450,21,16.8,79,0,0,Spring,No Holiday
1290,22,16.4,80,0,0,Spring,No Holiday
1016,23,15.9,83,0,0,Spring,No Holiday
778,0,15.5,85,0,0,Spring,No Holiday
609,1,15.1,84,0,0,Spring,No Holiday
404,2,14.8,85,0,0,Spring,No Holiday
249,3,14.7,82,0,0,Spring,No Holiday
185,4,14.4,85,0,0,Spring,No Holiday
170,5,14.2,85,0,0,Spring,No Holiday
221,6,14,87,0,0,Spring,No Holiday
389,7,14.2,81,0,0,Spring,No Holiday
600,8,14.8,80,0,0,Spring,No Holiday
737,9,15.9,72,0,0,Spring,No Holiday
895,10,17.5,63,0,0,Spring,No Holiday
1167,11,20.2,45,0,0,Spring,No Holiday
1414,12,22.9,35,0,0,Spring,No Holiday
1665,13,23.7,44,0,0,Spring,No Holiday
1970,14,24.1,42,0,0,Spring,No Holiday
2191,15,24.6,38,0,0,Spring,No Holiday
2213,16,24.5,38,0,0,Spring,No Holiday
2392,17,25.5,31,0,0,Spring,No Holiday
2268,18,25.1,32,0,0,Spring,No Holiday
1664,19,23.5,48,0,0,Spring,No Holiday
1912,20,20.9,61,0,0,Spring,No Holiday
1717,21,19.6,64,0,0,Spring,No Holiday
1336,22,18.6,69,0,0,Spring,No Holiday
994,23,17.5,69,0,0,Spring,No Holiday
712,0,16.4,72,0,0,Spring,No Holiday
430,1,16,64,0,0,Spring,No Holiday
287,2,15.5,65,0,0,Spring,No Holiday
194,3,15.6,63,0,0,Spring,No Holiday
155,4,15.4,63,0,0,Spring,No Holiday
200,5,15,64,0,0,Spring,No Holiday
555,6,14.8,64,0,0,Spring,No Holiday
1280,7,15.3,60,0,0,Spring,No Holiday
1976,8,16.9,54,0,0,Spring,No Holiday
1128,9,18.5,51,0,0,Spring,No Holiday
792,10,20,48,0,0,Spring,No Holiday
956,11,21,45,0,0,Spring,No Holiday
1135,12,21.5,44,0,0,Spring,No Holiday
1117,13,21.7,44,0,0,Spring,No Holiday
1096,14,22.2,42,0,0,Spring,No Holiday
1267,15,22.4,39,0,0,Spring,No Holiday
1457,16,22,41,0,0,Spring,No Holiday
2020,17,21.7,38,0,0,Spring,No Holiday
2142,18,20.7,40,0,0,Spring,No Holiday
2241,19,17.9,42,0,0,Spring,No Holiday
1726,20,15.8,47,0,0,Spring,No Holiday
1513,21,14.5,49,0,0,Spring,No Holiday
1283,22,13.2,54,0,0,Spring,No Holiday
767,23,12.2,57,0,0,Spring,No Holiday
552,0,11.6,57,0,0,Spring,No Holiday
34,1,11.3,58,0,0,Spring,No Holiday
245,2,10.9,59,0,0,Spring,No Holiday
187,3,10.5,59,0,0,Spring,No Holiday
114,4,10,64,0,0,Spring,No Holiday
203,5,9.5,65,0,0,Spring,No Holiday
556,6,9.2,64,0,0,Spring,No Holiday
1333,7,10,59,0,0,Spring,No Holiday
2068,8,12.3,53,0,0,Spring,No Holiday
928,9,14.4,46,0,0,Spring,No Holiday
954,10,16.1,43,0,0,Spring,No Holiday
1015,11,17.6,40,0,0,Spring,No Holiday
1242,12,18.7,39,0,0,Spring,No Holiday
1188,13,20.1,36,0,0,Spring,No Holiday
1186,14,20.7,36,0,0,Spring,No Holiday
1324,15,21.2,35,0,0,Spring,No Holiday
1603,16,21.4,35,0,0,Spring,No Holiday
2034,17,21.3,34,0,0,Spring,No Holiday
3130,18,20.6,41,0,0,Spring,No Holiday
2405,19,18.8,47,0,0,Spring,No Holiday
1979,20,17.3,53,0,0,Spring,No Holiday
1940,21,16.4,56,0,0,Spring,No Holiday
1602,22,15.9,60,0,0,Spring,No Holiday
1073,23,15.2,62,0,0,Spring,No Holiday
724,0,12.5,84,0,0,Spring,No Holiday
565,1,12.4,84,0,0,Spring,No Holiday
378,2,12.1,85,0,0,Spring,No Holiday
252,3,12,86,0,0,Spring,No Holiday
154,4,11.9,85,0,0,Spring,No Holiday
223,5,11.9,84,0,0,Spring,No Holiday
486,6,12,83,0,0,Spring,No Holiday
1156,7,12.4,82,0,0,Spring,No Holiday
1881,8,13.1,78,0,0,Spring,No Holiday
850,9,14.3,72,0,0,Spring,No Holiday
816,10,16.4,64,0,0,Spring,No Holiday
972,11,18.3,56,0,0,Spring,No Holiday
1161,12,20,47,0,0,Spring,No Holiday
1177,13,20.8,45,0,0,Spring,No Holiday
1174,14,21,47,0,0,Spring,No Holiday
1295,15,19.9,47,0,0,Spring,No Holiday
1496,16,19.1,54,0,0,Spring,No Holiday
1863,17,18.9,45,0,0,Spring,No Holiday
2701,18,17.9,37,0,0,Spring,No Holiday
1999,19,17.1,51,0,0,Spring,No Holiday
941,20,16.7,52,0,0,Spring,No Holiday
1644,21,16.4,52,0,0,Spring,No Holiday
1556,22,16.2,54,0,0,Spring,No Holiday
1185,23,16.2,50,0,0,Spring,No Holiday
862,0,16.1,54,0,0,Spring,No Holiday
669,1,15.9,51,0,0,Spring,No Holiday
416,2,15.5,62,0,0,Spring,No Holiday
358,3,15.2,63,0,0,Spring,No Holiday
207,4,15,61,0,0,Spring,No Holiday
70,5,15,61,0,0,Spring,No Holiday
37,6,14.4,71,0.4,0,Spring,No Holiday
43,7,13.3,81,0.1,0,Spring,No Holiday
20,8,12,87,1,0,Spring,No Holiday
16,9,11.8,95,3,0,Spring,No Holiday
6,10,11.8,96,2.5,0,Spring,No Holiday
18,11,12,96,3.5,0,Spring,No Holiday
11,12,12.3,97,2,0,Spring,No Holiday
19,13,12.6,97,3,0,Spring,No Holiday
22,14,13,97,2,0,Spring,No Holiday
17,15,13.3,97,3,0,Spring,No Holiday
34,16,13.8,97,1.5,0,Spring,No Holiday
24,17,14.3,98,1.5,0,Spring,No Holiday
22,18,15.4,97,2,0,Spring,No Holiday
29,19,15.5,97,2,0,Spring,No Holiday
29,20,15.7,97,1,0,Spring,No Holiday
25,21,15.8,97,0.5,0,Spring,No Holiday
30,22,15.8,98,1.5,0,Spring,No Holiday
50,23,15.8,98,1,0,Spring,No Holiday
145,0,15.5,97,0.5,0,Spring,No Holiday
178,1,15.1,97,0.2,0,Spring,No Holiday
189,2,14.5,97,0.1,0,Spring,No Holiday
141,3,14.2,98,0.2,0,Spring,No Holiday
83,4,13.8,98,0,0,Spring,No Holiday
72,5,13.5,98,0,0,Spring,No Holiday
139,6,13.5,98,0,0,Spring,No Holiday
220,7,13.7,98,0,0,Spring,No Holiday
397,8,14.1,98,0,0,Spring,No Holiday
579,9,14.8,95,0,0,Spring,No Holiday
716,10,15.2,88,0,0,Spring,No Holiday
993,11,16.4,78,0,0,Spring,No Holiday
1434,12,18.3,65,0,0,Spring,No Holiday
1839,13,19.1,65,0,0,Spring,No Holiday
2055,14,19.7,64,0,0,Spring,No Holiday
2329,15,19.7,63,0,0,Spring,No Holiday
2379,16,19.5,65,0,0,Spring,No Holiday
2410,17,19.4,63,0,0,Spring,No Holiday
2338,18,19,66,0,0,Spring,No Holiday
2023,19,17.6,73,0,0,Spring,No Holiday
1714,20,15.6,81,0,0,Spring,No Holiday
1571,21,14.1,86,0,0,Spring,No Holiday
1155,22,13.5,87,0,0,Spring,No Holiday
814,23,13,89,0,0,Spring,No Holiday
581,0,12.7,89,0,0,Spring,No Holiday
377,1,12.4,94,0,0,Spring,No Holiday
241,2,12.1,94,0,0,Spring,No Holiday
167,3,11.9,95,0,0,Spring,No Holiday
121,4,11.9,94,0,0,Spring,No Holiday
199,5,11.9,93,0,0,Spring,No Holiday
552,6,12.1,89,0,0,Spring,No Holiday
1251,7,12.6,85,0,0,Spring,No Holiday
1997,8,13.8,79,0,0,Spring,No Holiday
1106,9,15.1,74,0,0,Spring,No Holiday
779,10,16.6,67,0,0,Spring,No Holiday
946,11,18.5,65,0,0,Spring,No Holiday
1095,12,20,62,0,0,Spring,No Holiday
1051,13,21.8,59,0,0,Spring,No Holiday
1124,14,23.1,56,0,0,Spring,No Holiday
1171,15,24,59,0,0,Spring,No Holiday
1433,16,24.3,54,0,0,Spring,No Holiday
1891,17,24.4,51,0,0,Spring,No Holiday
2906,18,23.6,48,0,0,Spring,No Holiday
2236,19,22.7,56,0,0,Spring,No Holiday
1965,20,21.4,64,0,0,Spring,No Holiday
1885,21,20.5,67,0,0,Spring,No Holiday
1648,22,19.6,71,0,0,Spring,No Holiday
1071,23,18.8,73,0,0,Spring,No Holiday
764,0,18.1,77,0,0,Spring,No Holiday
563,1,17.5,78,0,0,Spring,No Holiday
372,2,17.1,74,0,0,Spring,No Holiday
241,3,16.6,74,0,0,Spring,No Holiday
170,4,16.1,74,0,0,Spring,No Holiday
182,5,15.7,76,0,0,Spring,No Holiday
562,6,15.4,84,0,0,Spring,No Holiday
1239,7,16.2,79,0,0,Spring,No Holiday
2059,8,18.4,68,0,0,Spring,No Holiday
1148,9,20.8,53,0,0,Spring,No Holiday
832,10,22.7,37,0,0,Spring,No Holiday
944,11,24.8,36,0,0,Spring,No Holiday
1058,12,26.3,36,0,0,Spring,No Holiday
1080,13,27.8,34,0,0,Spring,No Holiday
1092,14,28.5,33,0,0,Spring,No Holiday
1210,15,29.1,38,0,0,Spring,No Holiday
1458,16,28.8,37,0,0,Spring,No Holiday
1951,17,28.5,43,0,0,Spring,No Holiday
2915,18,27.5,47,0,0,Spring,No Holiday
2248,19,26.9,49,0,0,Spring,No Holiday
1958,20,26.3,53,0,0,Spring,No Holiday
1944,21,25.6,56,0,0,Spring,No Holiday
1640,22,25,59,0,0,Spring,No Holiday
848,23,24.8,60,0,0,Spring,No Holiday
662,0,24.4,63,0,0,Spring,No Holiday
502,1,24.1,67,0,0,Spring,No Holiday
145,2,23.9,69,0.2,0,Spring,No Holiday
166,3,22.6,89,0.8,0,Spring,No Holiday
124,4,22.3,86,0,0,Spring,No Holiday
52,5,22.3,87,0,0,Spring,No Holiday
135,6,22.1,94,2,0,Spring,No Holiday
367,7,22,95,0,0,Spring,No Holiday
291,8,22.4,93,0,0,Spring,No Holiday
97,9,22.8,93,4,0,Spring,No Holiday
81,10,22.8,95,1,0,Spring,No Holiday
243,11,22.7,93,0,0,Spring,No Holiday
59,12,22.9,87,0,0,Spring,No Holiday
151,13,21.8,97,35,0,Spring,No Holiday
248,14,22,96,0,0,Spring,No Holiday
240,15,22,96,0,0,Spring,No Holiday
223,16,21.8,97,0,0,Spring,No Holiday
304,17,21.9,97,0.5,0,Spring,No Holiday
562,18,21.9,97,0,0,Spring,No Holiday
404,19,21.9,97,0,0,Spring,No Holiday
338,20,21.8,97,0.5,0,Spring,No Holiday
398,21,21.8,97,0.5,0,Spring,No Holiday
399,22,21.9,97,0,0,Spring,No Holiday
225,23,22,97,0,0,Spring,No Holiday
118,0,22,97,0.5,0,Spring,No Holiday
144,1,22,97,0.5,0,Spring,No Holiday
78,2,21.8,97,1,0,Spring,No Holiday
38,3,21.8,98,2.5,0,Spring,No Holiday
51,4,19.2,98,19,0,Spring,No Holiday
54,5,18.8,97,0,0,Spring,No Holiday
69,6,18.9,98,0,0,Spring,No Holiday
80,7,19.1,98,0,0,Spring,No Holiday
152,8,19.7,98,13.5,0,Spring,No Holiday
28,9,19.7,98,10,0,Spring,No Holiday
141,10,20.1,98,2,0,Spring,No Holiday
182,11,20.4,98,2.5,0,Spring,No Holiday
467,12,21.7,96,1.5,0,Spring,No Holiday
592,13,23.4,83,0,0,Spring,No Holiday
352,14,23.4,81,0,0,Spring,No Holiday
186,15,22.8,95,0.5,0,Spring,No Holiday
102,16,22.9,95,0,0,Spring,No Holiday
131,17,22.7,96,2.5,0,Spring,No Holiday
431,18,22.6,97,1.5,0,Spring,No Holiday
29,19,22.3,96,0,0,Spring,No Holiday
17,20,21.3,97,12.5,0,Spring,No Holiday
18,21,20.5,97,4,0,Spring,No Holiday
26,22,20.2,98,6,0,Spring,No Holiday
35,23,20,98,2.5,0,Spring,No Holiday
129,0,19.3,97,1,0,Spring,No Holiday
116,1,19,97,1,0,Spring,No Holiday
48,2,18.8,98,0.5,0,Spring,No Holiday
47,3,18.3,98,2,0,Spring,No Holiday
22,4,18.1,98,1,0,Spring,No Holiday
29,5,17.8,98,0.5,0,Spring,No Holiday
77,6,17.4,98,0,0,Spring,No Holiday
210,7,16.6,98,0.5,0,Spring,No Holiday
400,8,16.4,98,0,0,Spring,No Holiday
427,9,16.6,98,0.5,0,Spring,No Holiday
454,10,16.3,97,0,0,Spring,No Holiday
352,11,16.6,96,0,0,Spring,No Holiday
185,12,16.6,96,0,0,Spring,No Holiday
509,13,16.7,93,0.5,0,Spring,No Holiday
697,14,16.7,88,0,0,Spring,No Holiday
906,15,16.7,85,0,0,Spring,No Holiday
1182,16,17,82,0,0,Spring,No Holiday
1551,17,17.2,81,0,0,Spring,No Holiday
2261,18,17.5,79,0,0,Spring,No Holiday
1751,19,17,76,0,0,Spring,No Holiday
1386,20,16.2,76,0,0,Spring,No Holiday
1263,21,15.3,73,0,0,Spring,No Holiday
1221,22,14.2,73,0,0,Spring,No Holiday
864,23,13.2,68,0,0,Spring,No Holiday
689,0,12.2,67,0,0,Spring,No Holiday
676,1,11.4,74,0,0,Spring,No Holiday
526,2,11.1,74,0,0,Spring,No Holiday
320,3,10.7,73,0,0,Spring,No Holiday
213,4,10.5,73,0,0,Spring,No Holiday
198,5,10.4,71,0,0,Spring,No Holiday
234,6,10.5,70,0,0,Spring,No Holiday
766,8,13.7,57,0,0,Spring,No Holiday
932,9,15.7,49,0,0,Spring,No Holiday
1051,10,17.2,45,0,0,Spring,No Holiday
1290,11,19,44,0,0,Spring,No Holiday
1573,12,20.5,42,0,0,Spring,No Holiday
1865,13,21.9,39,0,0,Spring,No Holiday
2128,14,22.8,39,0,0,Spring,No Holiday
2268,15,23.9,37,0,0,Spring,No Holiday
2479,16,24.5,34,0,0,Spring,No Holiday
2355,17,24.5,35,0,0,Spring,No Holiday
2439,18,24,34,0,0,Spring,No Holiday
2140,19,22.6,34,0,0,Spring,No Holiday
1872,20,20.9,34,0,0,Spring,No Holiday
1780,21,19.5,34,0,0,Spring,No Holiday
1595,22,18.4,34,0,0,Spring,No Holiday
1169,23,17.1,37,0,0,Spring,No Holiday
986,0,15.8,41,0,0,Spring,No Holiday
713,1,14.7,43,0,0,Spring,No Holiday
473,2,13.9,43,0,0,Spring,No Holiday
347,3,13.5,41,0,0,Spring,No Holiday
205,4,12.8,44,0,0,Spring,No Holiday
160,5,12.1,47,0,0,Spring,No Holiday
190,6,11.6,46,0,0,Spring,No Holiday
341,7,12.3,43,0,0,Spring,No Holiday
524,8,14.1,38,0,0,Spring,No Holiday
676,9,16,34,0,0,Spring,No Holiday
899,10,17,37,0,0,Spring,No Holiday
1013,11,18.7,30,0,0,Spring,No Holiday
1313,12,18.8,31,0,0,Spring,No Holiday
1559,13,19.9,33,0,0,Spring,No Holiday
1680,14,20.3,30,0,0,Spring,No Holiday
1999,15,21,28,0,0,Spring,No Holiday
2143,16,22.2,23,0,0,Spring,No Holiday
2310,17,22.4,23,0,0,Spring,No Holiday
2403,18,22.2,22,0,0,Spring,No Holiday
2145,19,20.8,24,0,0,Spring,No Holiday
1846,20,19,26,0,0,Spring,No Holiday
1636,21,17.8,26,0,0,Spring,No Holiday
1325,22,16.8,29,0,0,Spring,No Holiday
943,23,15.8,30,0,0,Spring,No Holiday
666,0,15.3,29,0,0,Spring,No Holiday
420,1,14.5,31,0,0,Spring,No Holiday
1785,8,15.3,30,0,0,Spring,No Holiday
1118,9,17.7,27,0,0,Spring,No Holiday
962,10,19.3,27,0,0,Spring,No Holiday
1129,11,20.9,27,0,0,Spring,No Holiday
1373,12,21.8,31,0,0,Spring,No Holiday
1456,13,22.8,31,0,0,Spring,No Holiday
1483,14,23.4,36,0,0,Spring,No Holiday
1612,15,23.3,38,0,0,Spring,No Holiday
1820,16,22.7,42,0,0,Spring,No Holiday
2214,17,22.2,45,0,0,Spring,No Holiday
3069,18,21.6,48,0,0,Spring,No Holiday
2450,19,19.5,56,0,0,Spring,No Holiday
2167,20,18.4,59,0,0,Spring,No Holiday
2065,21,17.7,63,0,0,Spring,No Holiday
1832,22,16.9,65,0,0,Spring,No Holiday
1273,23,16.3,70,0,0,Spring,No Holiday
957,0,16,71,0,0,Spring,Holiday
810,1,15.9,71,0,0,Spring,Holiday
590,2,15.7,74,0,0,Spring,Holiday
443,7,16.3,69,0,0,Spring,Holiday
694,8,18.2,63,0,0,Spring,Holiday
912,9,19.3,62,0,0,Spring,Holiday
1119,10,20.7,55,0,0,Spring,Holiday
1438,11,21.9,55,0,0,Spring,Holiday
1798,12,22.9,51,0,0,Spring,Holiday
2000,13,22.7,52,0,0,Spring,Holiday
1407,14,22.8,53,0,0,Spring,Holiday
163,15,21.1,72,0.1,0,Spring,Holiday
86,16,19.5,80,0.4,0,Spring,Holiday
50,17,18.6,84,1,0,Spring,Holiday
30,18,17.9,93,2,0,Spring,Holiday
45,19,17.6,93,1.5,0,Spring,Holiday
30,20,17.2,85,0.5,0,Spring,Holiday
58,21,17,85,0.5,0,Spring,Holiday
29,22,16.8,87,0.5,0,Spring,Holiday
18,23,16.3,96,2.5,0,Spring,Holiday
32,0,15.8,97,3.5,0,Spring,No Holiday
25,1,15.3,97,3,0,Spring,No Holiday
34,2,15,97,3,0,Spring,No Holiday
43,3,14.9,96,0.5,0,Spring,No Holiday
59,4,15,97,0,0,Spring,No Holiday
152,5,14.6,87,0,0,Spring,No Holiday
436,6,13.9,83,0,0,Spring,No Holiday
1241,7,13.6,75,0,0,Spring,No Holiday
2035,8,14.6,70,0,0,Spring,No Holiday
1125,9,16,60,0,0,Spring,No Holiday
871,10,17.9,56,0,0,Spring,No Holiday
1012,11,18.9,42,0,0,Spring,No Holiday
1216,12,20.1,37,0,0,Spring,No Holiday
1167,13,20.9,33,0,0,Spring,No Holiday
1183,14,22,33,0,0,Spring,No Holiday
1332,15,23,29,0,0,Spring,No Holiday
1563,16,23,33,0,0,Spring,No Holiday
2069,17,22.4,39,0,0,Spring,No Holiday
3123,18,21.7,40,0,0,Spring,No Holiday
2454,19,18.8,52,0,0,Spring,No Holiday
2001,20,16.7,61,0,0,Spring,No Holiday
1833,21,15.4,61,0,0,Spring,No Holiday
1588,22,14.8,59,0,0,Spring,No Holiday
1080,23,14.6,54,0,0,Spring,No Holiday
778,0,13.7,51,0,0,Spring,No Holiday
578,1,12.9,62,0,0,Spring,No Holiday
385,2,12.5,54,0,0,Spring,No Holiday
265,3,12.1,64,0,0,Spring,No Holiday
161,4,11.7,64,0,0,Spring,No Holiday
205,5,11.3,64,0,0,Spring,No Holiday
530,6,11.4,67,0,0,Spring,No Holiday
1390,7,12.5,61,0,0,Spring,No Holiday
2081,8,15.2,50,0,0,Spring,No Holiday
1226,9,17.6,30,0,0,Spring,No Holiday
880,10,19.9,27,0,0,Spring,No Holiday
922,11,21.5,30,0,0,Spring,No Holiday
1087,12,22.1,36,0,0,Spring,No Holiday
1078,13,23.3,35,0,0,Spring,No Holiday
1059,14,23.2,36,0,0,Spring,No Holiday
1174,15,23.5,36,0,0,Spring,No Holiday
1455,16,23.5,36,0,0,Spring,No Holiday
1863,17,23.4,38,0,0,Spring,No Holiday
2825,18,22.6,39,0,0,Spring,No Holiday
2334,19,21.1,44,0,0,Spring,No Holiday
1902,20,20,46,0,0,Spring,No Holiday
1838,21,19.3,50,0,0,Spring,No Holiday
1678,22,18.6,54,0,0,Spring,No Holiday
1087,23,18.1,56,0,0,Spring,No Holiday
831,0,17.6,57,0,0,Spring,No Holiday
610,1,16.9,61,0,0,Spring,No Holiday
437,2,16.1,70,0,0,Spring,No Holiday
286,3,15.4,71,0,0,Spring,No Holiday
188,4,14.8,71,0,0,Spring,No Holiday
201,5,14.3,75,0,0,Spring,No Holiday
531,6,13.8,74,0,0,Spring,No Holiday
1250,7,14.4,66,0,0,Spring,No Holiday
1996,8,17.1,57,0,0,Spring,No Holiday
1121,9,19.5,44,0,0,Spring,No Holiday
819,10,21.4,30,0,0,Spring,No Holiday
959,11,23.1,30,0,0,Spring,No Holiday
1082,12,24.4,24,0,0,Spring,No Holiday
1106,13,25.6,26,0,0,Spring,No Holiday
1161,14,26,23,0,0,Spring,No Holiday
1306,15,25.1,25,0,0,Spring,No Holiday
1533,16,24.3,27,0,0,Spring,No Holiday
2013,17,23.6,28,0,0,Spring,No Holiday
2916,18,23.3,32,0,0,Spring,No Holiday
2227,19,22,40,0,0,Spring,No Holiday
1905,20,20.4,45,0,0,Spring,No Holiday
1740,21,19.1,50,0,0,Spring,No Holiday
1630,22,18.3,54,0,0,Spring,No Holiday
1209,23,17.6,55,0,0,Spring,No Holiday
987,0,17,59,0,0,Spring,No Holiday
837,1,16.2,63,0,0,Spring,No Holiday
572,2,15.8,66,0,0,Spring,No Holiday
419,3,15.3,69,0,0,Spring,No Holiday
232,4,14.8,73,0,0,Spring,No Holiday
198,5,14.4,73,0,0,Spring,No Holiday
299,6,14.2,72,0,0,Spring,No Holiday
503,7,15,64,0,0,Spring,No Holiday
763,8,17.8,52,0,0,Spring,No Holiday
992,9,20.6,43,0,0,Spring,No Holiday
1010,10,23.2,41,0,0,Spring,No Holiday
1164,11,24.8,34,0,0,Spring,No Holiday
1285,12,26.2,31,0,0,Spring,No Holiday
1441,13,27.8,31,0,0,Spring,No Holiday
1448,14,28.3,30,0,0,Spring,No Holiday
1575,15,29.4,30,0,0,Spring,No Holiday
1690,16,29,31,0,0,Spring,No Holiday
1886,17,27.9,34,0,0,Spring,No Holiday
2020,18,27,33,0,0,Spring,No Holiday
1985,19,24.9,46,0,0,Spring,No Holiday
1909,20,22.3,50,0,0,Spring,No Holiday
1851,21,21.7,58,0,0,Spring,No Holiday
1683,22,21.2,60,0,0,Spring,No Holiday
1330,23,20.7,63,0,0,Spring,No Holiday
1089,0,20.1,65,0,0,Spring,No Holiday
799,1,19.8,61,0,0,Spring,No Holiday
555,2,19,62,0,0,Spring,No Holiday
423,3,18.5,62,0,0,Spring,No Holiday
208,4,17.9,59,0,0,Spring,No Holiday
234,6,17.3,62,0,0,Spring,No Holiday
608,8,18.3,51,0,0,Spring,No Holiday
762,9,19.5,43,0,0,Spring,No Holiday
821,10,21.6,33,0,0,Spring,No Holiday
1004,11,22.3,33,0,0,Spring,No Holiday
1404,12,23.4,38,0,0,Spring,No Holiday
1579,13,24.3,37,0,0,Spring,No Holiday
1730,14,24.2,36,0,0,Spring,No Holiday
2019,15,23.9,37,0,0,Spring,No Holiday
2242,16,24,36,0,0,Spring,No Holiday
2307,17,23.5,32,0,0,Spring,No Holiday
2267,18,23,36,0,0,Spring,No Holiday
2207,19,21.7,38,0,0,Spring,No Holiday
2044,20,20.6,41,0,0,Spring,No Holiday
1729,21,19.5,46,0,0,Spring,No Holiday
1374,22,18.6,50,0,0,Spring,No Holiday
1071,23,17.9,53,0,0,Spring,No Holiday
770,0,17.3,55,0,0,Spring,No Holiday
440,1,16.7,60,0,0,Spring,No Holiday
335,2,16.5,58,0,0,Spring,No Holiday
185,3,17.1,56,0,0,Spring,No Holiday
2194,8,19.5,50,0,0,Spring,No Holiday
1131,9,21.7,48,0,0,Spring,No Holiday
828,10,23.3,49,0,0,Spring,No Holiday
986,11,25.1,45,0,0,Spring,No Holiday
1139,12,26.3,44,0,0,Spring,No Holiday
1124,13,27.7,39,0,0,Spring,No Holiday
1128,14,28.7,36,0,0,Spring,No Holiday
1258,15,28.4,43,0,0,Spring,No Holiday
1497,16,28.1,43,0,0,Spring,No Holiday
2060,17,26.9,45,0,0,Spring,No Holiday
3245,18,26,39,0,0,Spring,No Holiday
2656,19,24.4,44,0,0,Spring,No Holiday
2252,20,23,49,0,0,Spring,No Holiday
2140,21,21.8,50,0,0,Spring,No Holiday
1881,22,21.1,54,0,0,Spring,No Holiday
1247,23,20.9,53,0,0,Spring,No Holiday
841,0,20.6,54,0,0,Spring,No Holiday
721,1,20.3,55,0,0,Spring,No Holiday
466,2,20.2,56,0,0,Spring,No Holiday
285,3,20,58,0,0,Spring,No Holiday
204,4,19.8,60,0,0,Spring,No Holiday
252,5,19.6,64,0,0,Spring,No Holiday
625,6,19.5,64,0,0,Spring,No Holiday
1427,7,19.9,63,0,0,Spring,No Holiday
2234,8,20.5,66,0,0,Spring,No Holiday
1192,9,21,67,0,0,Spring,No Holiday
893,10,21.6,68,0,0,Spring,No Holiday
949,11,23.1,63,0,0,Spring,No Holiday
1184,12,23.1,64,0,0,Spring,No Holiday
1103,13,24.2,58,0,0,Spring,No Holiday
1174,14,25.5,53,0,0,Spring,No Holiday
1234,15,25.7,56,0,0,Spring,No Holiday
1592,16,23.6,66,0,0,Spring,No Holiday
2022,17,23.9,65,0,0,Spring,No Holiday
2154,18,23.1,68,0,0,Spring,No Holiday
477,19,22.3,71,0,0,Spring,No Holiday
422,20,20.1,88,1,0,Spring,No Holiday
1041,21,19.9,93,0,0,Spring,No Holiday
1121,22,19.9,85,0,0,Spring,No Holiday
742,23,19.5,89,0,0,Spring,No Holiday
507,0,19.1,84,0,0,Spring,No Holiday
570,1,18.8,84,0,0,Spring,No Holiday
422,2,18.7,83,0,0,Spring,No Holiday
238,3,18.4,86,0,0,Spring,No Holiday
167,4,18.3,84,0,0,Spring,No Holiday
239,5,18.4,84,0,0,Spring,No Holiday
505,6,18.6,84,0,0,Spring,No Holiday
1150,7,18.9,85,0,0,Spring,No Holiday
1937,8,19.3,83,0,0,Spring,No Holiday
1200,9,19.8,79,0,0,Spring,No Holiday
916,10,21.4,71,0,0,Spring,No Holiday
975,11,22.8,66,0,0,Spring,No Holiday
1187,12,23.2,64,0,0,Spring,No Holiday
1134,13,24,56,0,0,Spring,No Holiday
1119,14,24.3,58,0,0,Spring,No Holiday
1280,15,24.3,52,0,0,Spring,No Holiday
1571,16,24.7,47,0,0,Spring,No Holiday
2166,17,24.1,41,0,0,Spring,No Holiday
3251,18,23.6,42,0,0,Spring,No Holiday
2650,19,21.2,52,0,0,Spring,No Holiday
2224,20,19.1,64,0,0,Spring,No Holiday
2074,21,18.2,69,0,0,Spring,No Holiday
1732,22,17.3,76,0,0,Spring,No Holiday
1158,23,16.4,80,0,0,Spring,No Holiday
844,0,15.8,82,0,0,Spring,No Holiday
610,1,15.5,82,0,0,Spring,No Holiday
470,2,15.2,84,0,0,Spring,No Holiday
328,3,15,84,0,0,Spring,No Holiday
188,4,14.8,85,0,0,Spring,No Holiday
265,5,14.4,82,0,0,Spring,No Holiday
646,6,14.3,82,0,0,Spring,No Holiday
1401,7,14.9,71,0,0,Spring,No Holiday
2281,8,16.9,65,0,0,Spring,No Holiday
1277,9,18.8,59,0,0,Spring,No Holiday
936,10,20.8,54,0,0,Spring,No Holiday
979,11,22,54,0,0,Spring,No Holiday
1134,12,23.7,44,0,0,Spring,No Holiday
1151,13,25,47,0,0,Spring,No Holiday
1164,14,25.9,43,0,0,Spring,No Holiday
1280,15,26.9,37,0,0,Spring,No Holiday
1550,16,27.3,38,0,0,Spring,No Holiday
2047,17,27.2,42,0,0,Spring,No Holiday
3119,18,26.4,42,0,0,Spring,No Holiday
2534,19,25.2,53,0,0,Spring,No Holiday
2164,20,23.1,58,0,0,Spring,No Holiday
2070,21,21.9,60,0,0,Spring,No Holiday
1900,22,21.1,59,0,0,Spring,No Holiday
1343,23,20.5,62,0,0,Spring,No Holiday
963,0,20.1,63,0,0,Summer,No Holiday
776,1,19.5,65,0,0,Summer,No Holiday
554,2,19,72,0,0,Summer,No Holiday
366,3,18.6,72,0,0,Summer,No Holiday
265,4,18.1,76,0,0,Summer,No Holiday
306,5,17.8,75,0,0,Summer,No Holiday
672,6,17.5,76,0,0,Summer,No Holiday
1421,7,18.1,64,0,0,Summer,No Holiday
2149,8,20.6,55,0,0,Summer,No Holiday
1219,9,23.1,52,0,0,Summer,No Holiday
862,10,25.3,45,0,0,Summer,No Holiday
1036,11,26.8,38,0,0,Summer,No Holiday
1076,12,28.2,34,0,0,Summer,No Holiday
1093,13,29.4,33,0,0,Summer,No Holiday
1071,14,29.6,31,0,0,Summer,No Holiday
1235,15,29.9,36,0,0,Summer,No Holiday
1488,16,29.9,34,0,0,Summer,No Holiday
2123,17,29.2,35,0,0,Summer,No Holiday
3088,18,28.5,36,0,0,Summer,No Holiday
2505,19,26.8,35,0,0,Summer,No Holiday
2163,20,25,39,0,0,Summer,No Holiday
2066,21,23.5,44,0,0,Summer,No Holiday
1991,22,22.7,44,0,0,Summer,No Holiday
1440,23,21.8,49,0,0,Summer,No Holiday
1165,0,20.9,53,0,0,Summer,No Holiday
989,1,20.2,57,0,0,Summer,No Holiday
677,2,19.6,60,0,0,Summer,No Holiday
475,3,18.9,63,0,0,Summer,No Holiday
312,4,18.3,66,0,0,Summer,No Holiday
264,5,17.8,69,0,0,Summer,No Holiday
342,6,17.7,68,0,0,Summer,No Holiday
560,7,18.1,59,0,0,Summer,No Holiday
898,8,20.4,54,0,0,Summer,No Holiday
1005,9,23.3,43,0,0,Summer,No Holiday
1044,10,25.5,33,0,0,Summer,No Holiday
1094,11,27.3,35,0,0,Summer,No Holiday
1253,12,28.3,30,0,0,Summer,No Holiday
1334,13,29.6,24,0,0,Summer,No Holiday
1396,14,29.8,23,0,0,Summer,No Holiday
1535,15,29.8,24,0,0,Summer,No Holiday
1707,16,29.6,26,0,0,Summer,No Holiday
2025,17,28.9,22,0,0,Summer,No Holiday
2246,18,27.4,29,0,0,Summer,No Holiday
2337,19,25.4,33,0,0,Summer,No Holiday
2338,20,23.4,38,0,0,Summer,No Holiday
2238,21,22.1,44,0,0,Summer,No Holiday
1969,22,21.4,48,0,0,Summer,No Holiday
1490,23,20.6,52,0,0,Summer,No Holiday
1248,0,19.7,55,0,0,Summer,No Holiday
902,1,19.2,57,0,0,Summer,No Holiday
673,2,18.6,60,0,0,Summer,No Holiday
437,3,18,64,0,0,Summer,No Holiday
294,4,17.4,65,0,0,Summer,No Holiday
193,5,17.1,66,0,0,Summer,No Holiday
228,6,16.9,62,0,0,Summer,No Holiday
423,7,18,54,0,0,Summer,No Holiday
659,8,20.3,47,0,0,Summer,No Holiday
831,9,22.7,39,0,0,Summer,No Holiday
938,10,24.8,34,0,0,Summer,No Holiday
977,11,26.7,30,0,0,Summer,No Holiday
1134,12,28.7,27,0,0,Summer,No Holiday
1393,13,29.4,24,0,0,Summer,No Holiday
1399,14,29.8,26,0,0,Summer,No Holiday
1556,15,30.7,21,0,0,Summer,No Holiday
1834,16,30.4,28,0,0,Summer,No Holiday
2131,17,29.5,29,0,0,Summer,No Holiday
2349,18,29.3,25,0,0,Summer,No Holiday
2514,19,27.4,29,0,0,Summer,No Holiday
2460,20,25.3,32,0,0,Summer,No Holiday
2173,21,24.2,32,0,0,Summer,No Holiday
1741,22,23,38,0,0,Summer,No Holiday
1274,23,22,44,0,0,Summer,No Holiday
938,0,21.4,45,0,0,Summer,No Holiday
596,1,20.7,47,0,0,Summer,No Holiday
351,2,20.1,49,0,0,Summer,No Holiday
244,3,19.6,51,0,0,Summer,No Holiday
172,4,19.4,56,0,0,Summer,No Holiday
299,5,19.2,56,0,0,Summer,No Holiday
742,6,18.9,53,0,0,Summer,No Holiday
1505,7,19.5,52,0,0,Summer,No Holiday
2287,8,22.1,44,0,0,Summer,No Holiday
1243,9,23.3,37,0,0,Summer,No Holiday
970,10,25.1,40,0,0,Summer,No Holiday
1008,11,26.1,37,0,0,Summer,No Holiday
1152,12,26.3,36,0,0,Summer,No Holiday
1085,13,27.4,30,0,0,Summer,No Holiday
1148,14,26.5,43,0,0,Summer,No Holiday
1249,15,25.5,43,0,0,Summer,No Holiday
1671,16,25.5,43,0,0,Summer,No Holiday
2190,17,24.9,46,0,0,Summer,No Holiday
3380,18,24.4,48,0,0,Summer,No Holiday
2788,19,23.9,51,0,0,Summer,No Holiday
2508,20,23.4,43,0,0,Summer,No Holiday
2377,21,22.6,62,0,0,Summer,No Holiday
2000,22,22,64,0,0,Summer,No Holiday
1354,23,21.4,68,0,0,Summer,No Holiday
927,0,20.5,71,0,0,Summer,No Holiday
742,1,20,67,0,0,Summer,No Holiday
448,2,19.7,66,0,0,Summer,No Holiday
314,3,19.1,72,0,0,Summer,No Holiday
214,4,18.5,72,0,0,Summer,No Holiday
282,5,18.1,73,0,0,Summer,No Holiday
733,6,17.8,73,0,0,Summer,No Holiday
1602,7,18.8,64,0,0,Summer,No Holiday
2322,8,21.5,58,0,0,Summer,No Holiday
1344,9,23.5,51,0,0,Summer,No Holiday
959,10,25.5,43,0,0,Summer,No Holiday
974,11,26.8,37,0,0,Summer,No Holiday
1111,12,28.2,35,0,0,Summer,No Holiday
1058,13,28.6,34,0,0,Summer,No Holiday
1120,14,28.9,34,0,0,Summer,No Holiday
1250,15,29,38,0,0,Summer,No Holiday
1434,16,28.8,38,0,0,Summer,No Holiday
2115,17,28.1,37,0,0,Summer,No Holiday
3227,18,27.1,40,0,0,Summer,No Holiday
2615,19,25.5,43,0,0,Summer,No Holiday
2346,20,24,46,0,0,Summer,No Holiday
2404,21,23.3,51,0,0,Summer,No Holiday
2237,22,22.4,54,0,0,Summer,No Holiday
1646,23,21.9,56,0,0,Summer,No Holiday
1268,0,21.2,60,0,0,Summer,Holiday
1031,1,20.6,63,0,0,Summer,Holiday
792,2,20.1,65,0,0,Summer,Holiday
562,3,19.6,68,0,0,Summer,Holiday
332,4,19.2,68,0,0,Summer,Holiday
218,5,18.7,73,0,0,Summer,Holiday
351,6,18.5,73,0,0,Summer,Holiday
536,7,19.3,63,0,0,Summer,Holiday
799,8,21.2,59,0,0,Summer,Holiday
925,9,22.9,56,0,0,Summer,Holiday
1087,10,24.3,53,0,0,Summer,Holiday
1152,11,25.8,52,0,0,Summer,Holiday
1400,12,27.3,51,0,0,Summer,Holiday
1444,13,27.3,52,0,0,Summer,Holiday
1603,14,27.4,50,0,0,Summer,Holiday
1674,15,27.6,49,0,0,Summer,Holiday
1940,16,27.9,47,0,0,Summer,Holiday
2104,17,27.4,48,0,0,Summer,Holiday
2162,18,26.6,52,0,0,Summer,Holiday
2163,19,24.9,56,0,0,Summer,Holiday
2145,20,23.4,64,0,0,Summer,Holiday
1935,21,22.1,72,0,0,Summer,Holiday
1624,22,20.8,78,0,0,Summer,Holiday
1251,23,20.1,77,0,0,Summer,Holiday
978,0,19.6,82,0,0,Summer,No Holiday
606,1,19.1,86,0,0,Summer,No Holiday
418,2,18.8,88,0,0,Summer,No Holiday
275,3,18.4,88,0,0,Summer,No Holiday
191,4,18.1,88,0,0,Summer,No Holiday
288,5,17.8,91,0,0,Summer,No Holiday
716,6,18.1,88,0,0,Summer,No Holiday
1551,7,18.6,85,0,0,Summer,No Holiday
2317,8,18.9,82,0,0,Summer,No Holiday
1342,9,20.5,73,0,0,Summer,No Holiday
914,10,22,69,0,0,Summer,No Holiday
967,11,23.4,62,0,0,Summer,No Holiday
1099,12,25,56,0,0,Summer,No Holiday
1071,13,26.7,47,0,0,Summer,No Holiday
1116,14,28.2,44,0,0,Summer,No Holiday
1171,15,29.3,41,0,0,Summer,No Holiday
1442,16,29.3,41,0,0,Summer,No Holiday
2002,17,28.2,51,0,0,Summer,No Holiday
3221,18,25.6,57,0,0,Summer,No Holiday
2649,19,24,60,0,0,Summer,No Holiday
2278,20,22.8,67,0,0,Summer,No Holiday
2161,21,21.5,69,0,0,Summer,No Holiday
1939,22,20.9,71,0,0,Summer,No Holiday
1290,23,20.3,77,0,0,Summer,No Holiday
926,0,19.1,82,0,0,Summer,No Holiday
769,1,18.8,84,0,0,Summer,No Holiday
525,2,18.6,84,0,0,Summer,No Holiday
365,3,18.6,83,0,0,Summer,No Holiday
255,4,18.5,82,0,0,Summer,No Holiday
299,5,18.6,81,0,0,Summer,No Holiday
744,6,18.8,78,0,0,Summer,No Holiday
1544,7,19.1,73,0,0,Summer,No Holiday
2348,8,19.7,69,0,0,Summer,No Holiday
1283,9,21.2,62,0,0,Summer,No Holiday
1002,10,21.9,62,0,0,Summer,No Holiday
1095,11,21.9,64,0,0,Summer,No Holiday
1256,12,23.1,56,0,0,Summer,No Holiday
1314,13,24.2,58,0,0,Summer,No Holiday
1249,14,25,54,0,0,Summer,No Holiday
1416,15,26.2,51,0,0,Summer,No Holiday
1668,16,26.6,49,0,0,Summer,No Holiday
2314,17,26.9,49,0,0,Summer,No Holiday
3309,18,26.2,54,0,0,Summer,No Holiday
2797,19,24.5,63,0,0,Summer,No Holiday
2476,20,22.6,71,0,0,Summer,No Holiday
2337,21,21.2,77,0,0,Summer,No Holiday
2140,22,20.5,78,0,0,Summer,No Holiday
1672,23,20,79,0,0,Summer,No Holiday
1247,0,19.7,83,0,0,Summer,No Holiday
1029,1,19.7,81,0,0,Summer,No Holiday
732,2,19.4,84,0,0,Summer,No Holiday
535,3,19.1,84,0,0,Summer,No Holiday
352,4,19,83,0,0,Summer,No Holiday
262,5,19,85,0,0,Summer,No Holiday
381,6,19,84,0,0,Summer,No Holiday
616,7,20.2,73,0,0,Summer,No Holiday
963,8,21.9,62,0,0,Summer,No Holiday
1102,9,24,55,0,0,Summer,No Holiday
1156,10,25.8,49,0,0,Summer,No Holiday
1200,11,27.2,46,0,0,Summer,No Holiday
1462,12,28.2,42,0,0,Summer,No Holiday
1583,13,28.8,42,0,0,Summer,No Holiday
1744,14,30.1,35,0,0,Summer,No Holiday
1890,15,29.6,40,0,0,Summer,No Holiday
2297,16,28.7,40,0,0,Summer,No Holiday
2355,17,28.2,39,0,0,Summer,No Holiday
1934,18,27.3,42,0,0,Summer,No Holiday
1058,19,25.7,47,0,0,Summer,No Holiday
246,20,23.7,62,0.4,0,Summer,No Holiday
225,21,22.4,72,0.1,0,Summer,No Holiday
776,22,21,75,0,0,Summer,No Holiday
766,23,20.7,66,0,0,Summer,No Holiday
483,0,20.2,66,0,0,Summer,No Holiday
375,1,19.7,71,0.5,0,Summer,No Holiday
162,2,19.2,69,0,0,Summer,No Holiday
150,3,18.6,78,0,0,Summer,No Holiday
174,4,18.3,72,0,0,Summer,No Holiday
138,5,18.4,70,0,0,Summer,No Holiday
216,6,18.3,71,0,0,Summer,No Holiday
313,7,18.4,68,0,0,Summer,No Holiday
619,8,19,65,0,0,Summer,No Holiday
786,9,19.2,65,0,0,Summer,No Holiday
942,10,20.2,62,0,0,Summer,No Holiday
1074,11,21.3,56,0,0,Summer,No Holiday
1442,12,23.2,50,0,0,Summer,No Holiday
1752,13,24.2,48,0,0,Summer,No Holiday
1985,14,24.1,51,0,0,Summer,No Holiday
2182,15,24.8,49,0,0,Summer,No Holiday
2333,16,24.8,51,0,0,Summer,No Holiday
2431,17,24.6,52,0,0,Summer,No Holiday
2367,18,24.1,53,0,0,Summer,No Holiday
2267,19,23.4,55,0,0,Summer,No Holiday
2300,20,22.8,55,0,0,Summer,No Holiday
2026,21,22.1,55,0,0,Summer,No Holiday
1634,22,21.5,55,0,0,Summer,No Holiday
1191,23,20.9,56,0,0,Summer,No Holiday
918,0,20.3,58,0,0,Summer,No Holiday
555,1,19.8,59,0,0,Summer,No Holiday
353,2,19.2,60,0,0,Summer,No Holiday
232,3,18.8,61,0,0,Summer,No Holiday
194,4,18.8,60,0,0,Summer,No Holiday
324,5,18.8,61,0,0,Summer,No Holiday
807,6,18.6,61,0,0,Summer,No Holiday
1629,7,19.1,59,0,0,Summer,No Holiday
2375,8,20.7,55,0,0,Summer,No Holiday
1307,9,22.2,48,0,0,Summer,No Holiday
992,10,23.7,47,0,0,Summer,No Holiday
1107,11,23.2,52,0,0,Summer,No Holiday
1204,12,23.2,52,0,0,Summer,No Holiday
1033,13,23.7,49,0,0,Summer,No Holiday
1075,14,23.9,47,0,0,Summer,No Holiday
1240,15,22.2,60,0,0,Summer,No Holiday
1220,16,22,60,0,0,Summer,No Holiday
1475,17,20.7,72,0,0,Summer,No Holiday
1491,18,19.8,80,0,0,Summer,No Holiday
873,19,19.4,85,0.5,0,Summer,No Holiday
1280,20,19.1,84,0,0,Summer,No Holiday
1647,21,19,82,0,0,Summer,No Holiday
1117,22,19,76,0,0,Summer,No Holiday
384,23,18.2,93,3.5,0,Summer,No Holiday
470,0,18,94,1,0,Summer,No Holiday
454,1,17.7,92,0,0,Summer,No Holiday
385,2,17.7,87,0,0,Summer,No Holiday
206,3,17.5,87,0,0,Summer,No Holiday
144,4,17.5,84,0,0,Summer,No Holiday
296,5,17.2,87,0,0,Summer,No Holiday
740,6,16.7,85,0,0,Summer,No Holiday
1573,7,17.1,77,0,0,Summer,No Holiday
2495,8,19,67,0,0,Summer,No Holiday
1317,9,21.1,60,0,0,Summer,No Holiday
971,10,22.1,53,0,0,Summer,No Holiday
1092,11,22.9,54,0,0,Summer,No Holiday
1202,12,24,51,0,0,Summer,No Holiday
1215,13,25.7,46,0,0,Summer,No Holiday
1246,14,25.6,45,0,0,Summer,No Holiday
1427,15,26.2,42,0,0,Summer,No Holiday
1714,16,26.2,47,0,0,Summer,No Holiday
2270,17,26.4,47,0,0,Summer,No Holiday
3404,18,24.9,53,0,0,Summer,No Holiday
2873,19,23.1,58,0,0,Summer,No Holiday
2579,20,21.6,62,0,0,Summer,No Holiday
2505,21,20.6,70,0,0,Summer,No Holiday
2309,22,20,70,0,0,Summer,No Holiday
1657,23,19.5,72,0,0,Summer,No Holiday
1274,0,19.3,76,0,0,Summer,No Holiday
1088,1,18.9,77,0,0,Summer,No Holiday
847,2,18.4,75,0,0,Summer,No Holiday
591,3,18.5,73,0,0,Summer,No Holiday
421,4,18.7,74,0,0,Summer,No Holiday
290,5,18.6,76,0,0,Summer,No Holiday
416,6,18.7,75,0,0,Summer,No Holiday
657,7,19.4,69,0,0,Summer,No Holiday
959,8,20.7,65,0,0,Summer,No Holiday
1111,9,22.6,59,0,0,Summer,No Holiday
1269,10,23,57,0,0,Summer,No Holiday
1478,11,24.5,51,0,0,Summer,No Holiday
1747,12,24.5,56,0,0,Summer,No Holiday
1834,13,24.9,52,0,0,Summer,No Holiday
2088,14,26.6,50,0,0,Summer,No Holiday
2288,15,25.5,50,0,0,Summer,No Holiday
2474,16,25.8,50,0,0,Summer,No Holiday
2664,17,25.6,57,0,0,Summer,No Holiday
2479,18,23.4,63,0,0,Summer,No Holiday
2404,19,22.8,64,0,0,Summer,No Holiday
2276,20,22.1,65,0,0,Summer,No Holiday
2166,21,21.8,67,0,0,Summer,No Holiday
1934,22,21.6,66,0,0,Summer,No Holiday
1394,23,21.5,62,0,0,Summer,No Holiday
1047,0,21.1,69,0,0,Summer,No Holiday
715,1,20.8,72,0,0,Summer,No Holiday
453,2,20.8,73,0,0,Summer,No Holiday
289,3,20.8,73,0,0,Summer,No Holiday
193,4,21,72,0,0,Summer,No Holiday
154,5,20.3,84,0,0,Summer,No Holiday
100,6,19.5,95,1.5,0,Summer,No Holiday
94,7,19.4,97,13.5,0,Summer,No Holiday
187,8,18.9,97,11.5,0,Summer,No Holiday
175,9,19.1,96,1.5,0,Summer,No Holiday
532,10,19.7,94,1,0,Summer,No Holiday
735,11,20.5,79,0,0,Summer,No Holiday
945,12,21.2,75,0,0,Summer,No Holiday
1056,13,22.8,67,0,0,Summer,No Holiday
1153,14,23.8,62,0,0,Summer,No Holiday
1292,15,24.6,57,0,0,Summer,No Holiday
1550,16,25,56,0,0,Summer,No Holiday
1934,17,24.6,57,0,0,Summer,No Holiday
2962,18,24,61,0,0,Summer,No Holiday
1856,19,23.6,63,0,0,Summer,No Holiday
1557,20,22.6,74,0,0,Summer,No Holiday
1807,21,22.2,72,0,0,Summer,No Holiday
1737,22,21.8,72,0,0,Summer,No Holiday
1295,23,21.6,68,0,0,Summer,No Holiday
986,0,21,70,0,0,Summer,No Holiday
717,1,20.6,65,0,0,Summer,No Holiday
403,2,20.1,67,0.1,0,Summer,No Holiday
154,3,18.8,93,5.4,0,Summer,No Holiday
72,4,18,93,10.5,0,Summer,No Holiday
161,5,17.4,86,0.5,0,Summer,No Holiday
609,6,17.2,83,0,0,Summer,No Holiday
1467,7,18.2,75,0,0,Summer,No Holiday
2328,8,18.7,71,0,0,Summer,No Holiday
1170,9,20.1,65,0,0,Summer,No Holiday
1004,10,22,56,0,0,Summer,No Holiday
1118,11,22.9,57,0,0,Summer,No Holiday
1193,12,24.4,50,0,0,Summer,No Holiday
1035,13,25.3,48,0,0,Summer,No Holiday
1027,14,26.4,43,0,0,Summer,No Holiday
1461,15,26.7,40,0,0,Summer,No Holiday
1726,16,26.5,45,0,0,Summer,No Holiday
2460,17,26.1,45,0,0,Summer,No Holiday
2891,18,25.9,44,0,0,Summer,No Holiday
2984,19,24.3,48,0,0,Summer,No Holiday
2441,20,22.6,51,0,0,Summer,No Holiday
2337,21,21.4,54,0,0,Summer,No Holiday
2155,22,20.4,54,0,0,Summer,No Holiday
1593,23,19.6,55,0,0,Summer,No Holiday
1217,0,19,57,0,0,Summer,No Holiday
1056,1,18.4,59,0,0,Summer,No Holiday
764,2,17.9,60,0,0,Summer,No Holiday
518,3,17.4,61,0,0,Summer,No Holiday
317,4,16.9,63,0,0,Summer,No Holiday
277,5,16.6,65,0,0,Summer,No Holiday
381,6,16.3,66,0,0,Summer,No Holiday
583,7,17,60,0,0,Summer,No Holiday
892,8,18.7,57,0,0,Summer,No Holiday
1144,9,20.4,54,0,0,Summer,No Holiday
1166,10,21.8,46,0,0,Summer,No Holiday
1330,11,23.4,46,0,0,Summer,No Holiday
1525,12,24.8,43,0,0,Summer,No Holiday
1704,13,26.2,37,0,0,Summer,No Holiday
1783,14,27.1,40,0,0,Summer,No Holiday
1861,15,27.8,41,0,0,Summer,No Holiday
1991,16,28.3,41,0,0,Summer,No Holiday
2383,17,28.4,43,0,0,Summer,No Holiday
2451,18,28,46,0,0,Summer,No Holiday
2475,19,27.2,48,0,0,Summer,No Holiday
2497,20,25,60,0,0,Summer,No Holiday
2435,21,23.7,64,0,0,Summer,No Holiday
1995,22,22.8,69,0,0,Summer,No Holiday
1615,23,22.1,73,0,0,Summer,No Holiday
1394,0,21.5,76,0,0,Summer,No Holiday
929,1,20.9,79,0,0,Summer,No Holiday
755,2,20.5,76,0,0,Summer,No Holiday
491,3,19.9,80,0,0,Summer,No Holiday
304,4,19.4,82,0,0,Summer,No Holiday
238,5,19,85,0,0,Summer,No Holiday
324,6,18.9,83,0,0,Summer,No Holiday
475,7,19.6,75,0,0,Summer,No Holiday
715,8,21.1,70,0,0,Summer,No Holiday
944,9,22.5,66,0,0,Summer,No Holiday
953,10,23,66,0,0,Summer,No Holiday
1146,11,23.6,63,0,0,Summer,No Holiday
1422,12,24.8,56,0,0,Summer,No Holiday
1563,13,25.7,52,0,0,Summer,No Holiday
1709,14,26.8,44,0,0,Summer,No Holiday
1979,15,27.3,51,0,0,Summer,No Holiday
2235,16,26.6,51,0,0,Summer,No Holiday
2330,17,25.6,58,0,0,Summer,No Holiday
2474,18,25,59,0,0,Summer,No Holiday
2481,19,24.2,62,0,0,Summer,No Holiday
2429,20,23.1,67,0,0,Summer,No Holiday
2055,21,22.7,66,0,0,Summer,No Holiday
1819,22,22.2,70,0,0,Summer,No Holiday
1323,23,21.7,74,0,0,Summer,No Holiday
917,0,21.3,74,0,0,Summer,No Holiday
547,1,21,74,0,0,Summer,No Holiday
436,2,20.7,76,0,0,Summer,No Holiday
202,3,20.5,77,0,0,Summer,No Holiday
164,4,20.2,78,0,0,Summer,No Holiday
383,5,20,80,0,0,Summer,No Holiday
779,6,20,78,0,0,Summer,No Holiday
1590,7,20.6,76,0,0,Summer,No Holiday
2357,8,22.7,65,0,0,Summer,No Holiday
1263,9,24.7,59,0,0,Summer,No Holiday
822,10,26.1,53,0,0,Summer,No Holiday
915,11,27.3,45,0,0,Summer,No Holiday
988,12,28.4,45,0,0,Summer,No Holiday
938,13,29.4,42,0,0,Summer,No Holiday
997,14,29.8,36,0,0,Summer,No Holiday
1177,15,30.5,34,0,0,Summer,No Holiday
1401,16,30.5,34,0,0,Summer,No Holiday
2040,17,29.5,36,0,0,Summer,No Holiday
746,18,29.2,35,0,0,Summer,No Holiday
1557,19,28.1,38,0,0,Summer,No Holiday
2515,20,25.7,43,0,0,Summer,No Holiday
1702,21,23.8,48,0,0,Summer,No Holiday
1373,22,22.9,56,0,0,Summer,No Holiday
1732,23,22.3,59,0,0,Summer,No Holiday
1055,0,21.5,63,0,0,Summer,No Holiday
766,1,20.9,66,0,0,Summer,No Holiday
527,2,20.2,71,0,0,Summer,No Holiday
369,3,19.9,69,0,0,Summer,No Holiday
268,4,19.7,73,0,0,Summer,No Holiday
317,5,19.4,77,0,0,Summer,No Holiday
746,6,19.1,75,0,0,Summer,No Holiday
1616,7,19.9,72,0,0,Summer,No Holiday
2430,8,21.1,66,0,0,Summer,No Holiday
1381,9,22.4,62,0,0,Summer,No Holiday
937,10,23.7,56,0,0,Summer,No Holiday
1014,11,24.6,53,0,0,Summer,No Holiday
1224,12,25.8,48,0,0,Summer,No Holiday
1230,13,26.6,46,0,0,Summer,No Holiday
1258,14,27.2,44,0,0,Summer,No Holiday
1363,15,26.7,42,0,0,Summer,No Holiday
1700,16,26.1,46,0,0,Summer,No Holiday
2328,17,25.1,51,0,0,Summer,No Holiday
3556,18,24.1,57,0,0,Summer,No Holiday
2809,19,23.3,59,0,0,Summer,No Holiday
2525,20,22.4,62,0,0,Summer,No Holiday
2378,21,21.6,66,0,0,Summer,No Holiday
2096,22,20.8,71,0,0,Summer,No Holiday
1456,23,20.1,73,0,0,Summer,No Holiday
1030,0,19.7,71,0,0,Summer,No Holiday
803,1,19.6,73,0,0,Summer,No Holiday
576,2,19.6,78,0,0,Summer,No Holiday
340,3,19.4,79,0,0,Summer,No Holiday
249,4,19.1,82,0,0,Summer,No Holiday
336,5,19.1,83,0,0,Summer,No Holiday
714,6,19.4,83,0,0,Summer,No Holiday
1629,7,20,77,0,0,Summer,No Holiday
2440,8,20.6,77,0,0,Summer,No Holiday
1401,9,21.1,73,0,0,Summer,No Holiday
1002,10,22.2,70,0,0,Summer,No Holiday
1100,11,23.7,56,0,0,Summer,No Holiday
1252,12,25.2,53,0,0,Summer,No Holiday
1184,13,26.2,51,0,0,Summer,No Holiday
1158,14,27.5,47,0,0,Summer,No Holiday
1266,15,27.9,45,0,0,Summer,No Holiday
1600,16,28.2,48,0,0,Summer,No Holiday
2289,17,28,50,0,0,Summer,No Holiday
3384,18,27,55,0,0,Summer,No Holiday
2741,19,25.6,61,0,0,Summer,No Holiday
2519,20,23.3,68,0,0,Summer,No Holiday
2246,21,21.6,74,0,0,Summer,No Holiday
1979,22,20.6,78,0,0,Summer,No Holiday
1401,23,20.1,82,0,0,Summer,No Holiday
1083,0,20,83,0,0,Summer,No Holiday
794,1,20.1,82,0,0,Summer,No Holiday
539,2,20.2,82,0,0,Summer,No Holiday
394,3,20,83,0,0,Summer,No Holiday
215,4,19.6,87,0,0,Summer,No Holiday
308,5,19.4,82,0,0,Summer,No Holiday
709,6,19.5,80,0,0,Summer,No Holiday
1543,7,19.9,74,0,0,Summer,No Holiday
2370,8,21.4,65,0,0,Summer,No Holiday
1360,9,22.7,59,0,0,Summer,No Holiday
922,10,23.9,57,0,0,Summer,No Holiday
1066,11,25.5,57,0,0,Summer,No Holiday
1197,12,26.4,46,0,0,Summer,No Holiday
1147,13,27.3,33,0,0,Summer,No Holiday
1152,14,28,39,0,0,Summer,No Holiday
1276,15,28.3,40,0,0,Summer,No Holiday
1473,16,28.5,42,0,0,Summer,No Holiday
2176,17,28.4,43,0,0,Summer,No Holiday
3418,18,27.8,43,0,0,Summer,No Holiday
2811,19,26.9,42,0,0,Summer,No Holiday
2556,20,25.1,55,0,0,Summer,No Holiday
2436,21,23.8,63,0,0,Summer,No Holiday
2179,22,22.8,67,0,0,Summer,No Holiday
1497,23,21.9,59,0,0,Summer,No Holiday
1137,0,20.7,67,0,0,Summer,No Holiday
912,1,20.2,75,0,0,Summer,No Holiday
602,2,19.8,80,0,0,Summer,No Holiday
413,3,19.3,85,0,0,Summer,No Holiday
268,4,19.1,86,0,0,Summer,No Holiday
336,5,18.6,85,0,0,Summer,No Holiday
710,6,18.2,83,0,0,Summer,No Holiday
1529,7,18.8,66,0,0,Summer,No Holiday
2283,8,21.9,58,0,0,Summer,No Holiday
1284,9,24.2,47,0,0,Summer,No Holiday
902,10,26.3,34,0,0,Summer,No Holiday
1020,11,28.1,35,0,0,Summer,No Holiday
1116,12,29.8,28,0,0,Summer,No Holiday
1073,13,30.6,26,0,0,Summer,No Holiday
1087,14,31.6,25,0,0,Summer,No Holiday
1203,15,31.9,23,0,0,Summer,No Holiday
1466,16,30.8,31,0,0,Summer,No Holiday
2146,17,30.4,28,0,0,Summer,No Holiday
3365,18,29.3,27,0,0,Summer,No Holiday
2732,19,27.1,32,0,0,Summer,No Holiday
2493,20,25.4,31,0,0,Summer,No Holiday
2251,21,24.2,32,0,0,Summer,No Holiday
2103,22,23.3,32,0,0,Summer,No Holiday
1648,23,22.9,34,0,0,Summer,No Holiday
1322,0,22.7,36,0,0,Summer,No Holiday
1073,1,22.5,39,0,0,Summer,No Holiday
818,2,22.3,37,0,0,Summer,No Holiday
540,3,22,42,0,0,Summer,No Holiday
375,4,21.6,47,0,0,Summer,No Holiday
339,5,21.1,48,0,0,Summer,No Holiday
417,6,21,48,0,0,Summer,No Holiday
622,7,21.3,44,0,0,Summer,No Holiday
934,8,22.6,42,0,0,Summer,No Holiday
1072,9,24.3,37,0,0,Summer,No Holiday
1064,10,25.8,35,0,0,Summer,No Holiday
1229,11,27.5,31,0,0,Summer,No Holiday
1374,12,28.4,31,0,0,Summer,No Holiday
1483,13,27.9,41,0,0,Summer,No Holiday
1445,14,28,46,0,0,Summer,No Holiday
1589,15,28.4,43,0,0,Summer,No Holiday
1837,16,28.3,48,0,0,Summer,No Holiday
2101,17,28.1,49,0,0,Summer,No Holiday
2256,18,26.3,55,0,0,Summer,No Holiday
2288,19,25.7,59,0,0,Summer,No Holiday
2262,20,24.6,65,0,0,Summer,No Holiday
2175,21,23.8,68,0,0,Summer,No Holiday
1932,22,23,74,0,0,Summer,No Holiday
1402,23,22.5,77,0,0,Summer,No Holiday
849,0,22,81,0,0,Summer,No Holiday
545,1,21.5,83,0,0,Summer,No Holiday
1254,2,20.9,87,0,0,Summer,No Holiday
644,3,20.6,91,0,0,Summer,No Holiday
286,4,20.5,90,0,0,Summer,No Holiday
235,5,20.3,87,0,0,Summer,No Holiday
258,6,20.2,87,0,0,Summer,No Holiday
369,7,20.5,82,0,0,Summer,No Holiday
561,8,21.3,78,0,0,Summer,No Holiday
734,9,23.1,68,0,0,Summer,No Holiday
763,10,25,60,0,0,Summer,No Holiday
870,11,27.1,52,0,0,Summer,No Holiday
1042,12,28.9,40,0,0,Summer,No Holiday
1062,13,30.6,31,0,0,Summer,No Holiday
1064,14,31.6,34,0,0,Summer,No Holiday
1213,15,31.8,31,0,0,Summer,No Holiday
1471,16,31.3,32,0,0,Summer,No Holiday
1754,17,30.9,34,0,0,Summer,No Holiday
2094,18,29.8,35,0,0,Summer,No Holiday
2290,19,27.8,41,0,0,Summer,No Holiday
2387,20,26.1,49,0,0,Summer,No Holiday
2153,21,24.5,71,0,0,Summer,No Holiday
1801,22,23.9,72,0,0,Summer,No Holiday
1329,23,23.3,75,0,0,Summer,No Holiday
962,0,22.9,79,0,0,Summer,No Holiday
585,1,22.5,80,0,0,Summer,No Holiday
424,2,22.3,80,0,0,Summer,No Holiday
264,3,22,83,0,0,Summer,No Holiday
199,4,21.8,82,0,0,Summer,No Holiday
338,5,21.5,84,0,0,Summer,No Holiday
785,6,21.3,81,0,0,Summer,No Holiday
1620,7,22.1,74,0,0,Summer,No Holiday
2331,8,23.8,66,0,0,Summer,No Holiday
1293,9,25.4,61,0,0,Summer,No Holiday
878,10,26.4,55,0,0,Summer,No Holiday
968,11,27.8,46,0,0,Summer,No Holiday
1039,12,29.8,42,0,0,Summer,No Holiday
1073,13,31.2,36,0,0,Summer,No Holiday
1016,14,32.3,35,0,0,Summer,No Holiday
1184,15,32.7,31,0,0,Summer,No Holiday
1407,16,32.2,39,0,0,Summer,No Holiday
2008,17,31.5,42,0,0,Summer,No Holiday
3238,18,30.7,43,0,0,Summer,No Holiday
2779,19,29.8,45,0,0,Summer,No Holiday
2456,20,28.8,54,0,0,Summer,No Holiday
2372,21,27.9,55,0,0,Summer,No Holiday
2046,22,27.4,55,0,0,Summer,No Holiday
1437,23,27.2,55,0,0,Summer,No Holiday
1052,0,26.9,61,0,0,Summer,No Holiday
783,1,26.7,50,0,0,Summer,No Holiday
524,2,26.1,51,0,0,Summer,No Holiday
353,3,25.4,50,0,0,Summer,No Holiday
143,4,24.7,49,0,0,Summer,No Holiday
45,5,23.7,64,0.1,0,Summer,No Holiday
37,6,22.5,83,0.4,0,Summer,No Holiday
49,7,21.2,87,1.5,0,Summer,No Holiday
53,8,20.8,94,3.5,0,Summer,No Holiday
19,9,20.3,96,6.5,0,Summer,No Holiday
9,10,20.3,97,9.5,0,Summer,No Holiday
11,11,20.4,97,16,0,Summer,No Holiday
10,12,20.5,97,5,0,Summer,No Holiday
24,13,20.5,97,14.5,0,Summer,No Holiday
26,14,21,97,2.5,0,Summer,No Holiday
65,15,21.5,97,4.5,0,Summer,No Holiday
56,16,23.3,96,1,0,Summer,No Holiday
113,17,24,95,2,0,Summer,No Holiday
156,18,24.1,95,1,0,Summer,No Holiday
203,19,24.2,94,1.5,0,Summer,No Holiday
199,20,24.1,94,0.5,0,Summer,No Holiday
275,21,23.5,94,1.5,0,Summer,No Holiday
443,22,22.4,95,0,0,Summer,No Holiday
552,23,21.6,89,0,0,Summer,No Holiday
513,0,20.5,94,0,0,Summer,No Holiday
254,1,20,96,0.1,0,Summer,No Holiday
164,2,19.6,97,0.4,0,Summer,No Holiday
152,3,19.4,97,0,0,Summer,No Holiday
110,4,19.2,97,0.5,0,Summer,No Holiday
162,5,19.1,97,0,0,Summer,No Holiday
417,6,19.2,97,0,0,Summer,No Holiday
1084,7,19.3,98,0,0,Summer,No Holiday
1995,8,19.7,97,0,0,Summer,No Holiday
1238,9,20,96,0,0,Summer,No Holiday
862,10,21.4,85,0,0,Summer,No Holiday
1015,11,23.4,73,0,0,Summer,No Holiday
1145,12,24.1,73,0,0,Summer,No Holiday
1234,13,24.9,69,0,0,Summer,No Holiday
1243,14,24.7,72,0,0,Summer,No Holiday
1362,15,25.5,68,0,0,Summer,No Holiday
1618,16,25,74,0,0,Summer,No Holiday
2115,17,25.1,70,0,0,Summer,No Holiday
3172,18,25,69,0,0,Summer,No Holiday
2487,19,24.9,70,0,0,Summer,No Holiday
2274,20,24.2,72,0,0,Summer,No Holiday
2200,21,23.3,71,0,0,Summer,No Holiday
1959,22,22.7,77,0,0,Summer,No Holiday
980,23,22.3,83,0,0,Summer,No Holiday
561,0,22.2,84,0,0,Summer,No Holiday
1068,1,22.2,84,0,0,Summer,No Holiday
652,2,22.4,84,0,0,Summer,No Holiday
344,3,22.4,86,0,0,Summer,No Holiday
233,4,22.3,88,0,0,Summer,No Holiday
266,5,22.1,93,0,0,Summer,No Holiday
594,6,22,90,0.1,0,Summer,No Holiday
1391,7,22.7,81,0,0,Summer,No Holiday
2288,8,24.2,73,0,0,Summer,No Holiday
1246,9,24.8,75,0,0,Summer,No Holiday
826,10,25.3,70,0,0,Summer,No Holiday
938,11,26.5,64,0,0,Summer,No Holiday
1158,12,27,68,0,0,Summer,No Holiday
1040,13,27.2,68,0,0,Summer,No Holiday
1030,14,27.1,72,0,0,Summer,No Holiday
1209,15,26.4,76,0,0,Summer,No Holiday
766,16,25.2,81,0,0,Summer,No Holiday
65,17,22.2,92,4.9,0,Summer,No Holiday
596,18,20.6,97,21.5,0,Summer,No Holiday
944,19,20.9,97,0,0,Summer,No Holiday
1039,20,21,96,0,0,Summer,No Holiday
1223,21,21.3,94,0,0,Summer,No Holiday
1239,22,21.6,94,0,0,Summer,No Holiday
931,23,21.7,96,0,0,Summer,No Holiday
470,0,21.9,95,0,0,Summer,No Holiday
460,1,22,96,0.1,0,Summer,No Holiday
345,2,22.2,96,0.2,0,Summer,No Holiday
227,3,22.3,96,0.1,0,Summer,No Holiday
123,4,22.3,96,0.1,0,Summer,No Holiday
133,5,22.1,97,1.5,0,Summer,No Holiday
308,6,21.9,97,4.5,0,Summer,No Holiday
883,7,22,97,0,0,Summer,No Holiday
2028,8,22.2,95,0,0,Summer,No Holiday
1195,9,22.9,86,0,0,Summer,No Holiday
913,10,24.4,76,0,0,Summer,No Holiday
956,11,24.8,74,0,0,Summer,No Holiday
1168,12,26.1,67,0,0,Summer,No Holiday
1117,13,26.8,65,0,0,Summer,No Holiday
1175,14,27.8,57,0,0,Summer,No Holiday
1209,15,28.4,63,0,0,Summer,No Holiday
1554,16,29,57,0,0,Summer,No Holiday
2099,17,28.5,60,0,0,Summer,No Holiday
3113,18,28.1,60,0,0,Summer,No Holiday
2602,19,27.1,64,0,0,Summer,No Holiday
2339,20,26.2,70,0,0,Summer,No Holiday
2225,21,25.2,75,0,0,Summer,No Holiday
2103,22,24.2,80,0,0,Summer,No Holiday
1552,23,23.5,83,0,0,Summer,No Holiday
1275,0,23,84,0,0,Summer,No Holiday
1070,1,22.6,85,0,0,Summer,No Holiday
859,2,22.2,88,0,0,Summer,No Holiday
625,3,21.9,88,0,0,Summer,No Holiday
382,4,21.7,93,0,0,Summer,No Holiday
247,5,21.7,88,0,0,Summer,No Holiday
310,6,22.1,85,0.1,0,Summer,No Holiday
468,7,22.5,86,0,0,Summer,No Holiday
825,8,23.4,81,0,0,Summer,No Holiday
862,9,24.2,81,0,0,Summer,No Holiday
933,10,25.1,73,0,0,Summer,No Holiday
871,11,26.4,71,0,0,Summer,No Holiday
858,12,25.2,94,6.4,0,Summer,No Holiday
1144,13,25.6,87,3.5,0,Summer,No Holiday
1235,14,27.5,69,0,0,Summer,No Holiday
1311,15,27.8,71,0,0,Summer,No Holiday
1317,16,27.9,69,0,0,Summer,No Holiday
1291,17,27.4,75,0,0,Summer,No Holiday
306,18,27.5,79,0.5,0,Summer,No Holiday
481,19,24.3,95,4,0,Summer,No Holiday
778,20,24.2,88,0,0,Summer,No Holiday
1005,21,23.9,84,0,0,Summer,No Holiday
1107,22,23.4,88,0,0,Summer,No Holiday
919,23,22.9,92,0,0,Summer,No Holiday
865,0,22.6,88,0,0,Summer,No Holiday
740,1,22.7,87,0,0,Summer,No Holiday
586,2,22.7,87,0,0,Summer,No Holiday
368,3,22.7,86,0,0,Summer,No Holiday
211,4,22.7,85,0,0,Summer,No Holiday
54,5,22.6,86,0.1,0,Summer,No Holiday
60,6,22.3,93,0.4,0,Summer,No Holiday
25,7,22.1,89,0.5,0,Summer,No Holiday
20,8,22.1,93,1,0,Summer,No Holiday
9,9,22.1,94,1.5,0,Summer,No Holiday
13,10,21.6,97,12,0,Summer,No Holiday
11,11,21.2,97,18.5,0,Summer,No Holiday
9,12,21.1,97,7.5,0,Summer,No Holiday
30,13,21.2,97,3.5,0,Summer,No Holiday
14,14,21.5,97,1,0,Summer,No Holiday
51,15,21.8,97,5.5,0,Summer,No Holiday
41,16,22.2,97,1,0,Summer,No Holiday
25,17,22.4,96,1.5,0,Summer,No Holiday
17,18,22.2,96,3.5,0,Summer,No Holiday
18,19,21.9,96,5.5,0,Summer,No Holiday
16,20,21.9,97,6,0,Summer,No Holiday
17,21,21.8,97,3.5,0,Summer,No Holiday
16,22,21.7,97,3.5,0,Summer,No Holiday
15,23,21.5,97,5,0,Summer,No Holiday
26,0,21.4,97,2.5,0,Summer,No Holiday
28,1,21.3,97,3,0,Summer,No Holiday
17,2,21.2,97,2,0,Summer,No Holiday
23,3,21.1,96,4.5,0,Summer,No Holiday
58,4,20.8,97,4,0,Summer,No Holiday
28,5,20.7,97,0.5,0,Summer,No Holiday
40,6,20.7,97,1,0,Summer,No Holiday
126,7,20.7,97,0.5,0,Summer,No Holiday
104,8,20.8,96,1.5,0,Summer,No Holiday
128,9,21,97,3,0,Summer,No Holiday
27,10,21.4,97,1,0,Summer,No Holiday
153,11,21.7,97,8,0,Summer,No Holiday
218,12,22.4,97,0,0,Summer,No Holiday
304,13,22.6,97,0.5,0,Summer,No Holiday
381,14,23.3,96,0,0,Summer,No Holiday
619,15,24.2,93,0,0,Summer,No Holiday
839,16,25.2,87,0,0,Summer,No Holiday
861,17,25.3,87,0,0,Summer,No Holiday
832,18,24.9,87,0,0,Summer,No Holiday
44,19,24.1,93,1.5,0,Summer,No Holiday
61,20,23.5,97,24,0,Summer,No Holiday
72,21,23.4,98,1,0,Summer,No Holiday
83,22,23.4,98,2.5,0,Summer,No Holiday
168,23,23.4,98,0.5,0,Summer,No Holiday
349,0,23.2,98,0.5,0,Summer,No Holiday
407,1,23.1,98,0,0,Summer,No Holiday
354,2,23,98,0,0,Summer,No Holiday
233,3,22.8,98,0,0,Summer,No Holiday
149,4,22.7,97,0,0,Summer,No Holiday
224,5,22.6,97,0,0,Summer,No Holiday
600,6,22.6,95,0,0,Summer,No Holiday
1308,7,23.5,86,0,0,Summer,No Holiday
2135,8,24.3,83,0,0,Summer,No Holiday
1156,9,25.7,76,0,0,Summer,No Holiday
818,10,27.6,71,0,0,Summer,No Holiday
906,11,29.2,66,0,0,Summer,No Holiday
944,12,30.1,64,0,0,Summer,No Holiday
994,13,31.2,54,0,0,Summer,No Holiday
1001,14,31,56,0,0,Summer,No Holiday
1069,15,32,54,0,0,Summer,No Holiday
1325,16,31.3,52,0,0,Summer,No Holiday
1783,17,32.4,50,0,0,Summer,No Holiday
2965,18,32.2,57,0,0,Summer,No Holiday
2598,19,30.4,62,0.1,0,Summer,No Holiday
2398,20,28.8,72,0,0,Summer,No Holiday
2264,21,27.8,72,0,0,Summer,No Holiday
1948,22,26.9,78,0,0,Summer,No Holiday
1365,23,26.4,78,0,0,Summer,No Holiday
971,0,25.9,79,0,0,Summer,No Holiday
796,1,25.4,79,0,0,Summer,No Holiday
555,2,25.1,82,0,0,Summer,No Holiday
372,3,24.9,83,0,0,Summer,No Holiday
234,4,24.7,82,0,0,Summer,No Holiday
316,5,24.2,86,0,0,Summer,No Holiday
747,6,24,84,0,0,Summer,No Holiday
1450,7,24.6,78,0,0,Summer,No Holiday
2215,8,26.4,64,0,0,Summer,No Holiday
1191,9,27.4,68,0,0,Summer,No Holiday
831,10,28.5,65,0,0,Summer,No Holiday
941,11,30,60,0,0,Summer,No Holiday
1021,12,30.5,58,0,0,Summer,No Holiday
1007,13,31,60,0,0,Summer,No Holiday
1005,14,31.3,58,0,0,Summer,No Holiday
1038,15,31.1,57,0,0,Summer,No Holiday
1306,16,31.6,57,0,0,Summer,No Holiday
1856,17,31.2,56,0,0,Summer,No Holiday
3080,18,30,60,0,0,Summer,No Holiday
2637,19,28.2,64,0,0,Summer,No Holiday
2415,20,27.1,67,0,0,Summer,No Holiday
2274,21,26.2,70,0,0,Summer,No Holiday
2091,22,25.1,73,0,0,Summer,No Holiday
1432,23,24.7,74,0,0,Summer,No Holiday
1078,0,24.2,77,0,0,Summer,No Holiday
846,1,23.9,79,0,0,Summer,No Holiday
568,2,23.6,80,0,0,Summer,No Holiday
376,3,23.5,81,0,0,Summer,No Holiday
267,4,23.5,80,0,0,Summer,No Holiday
326,5,23.5,80,0,0,Summer,No Holiday
438,6,23.5,80,0,0,Summer,No Holiday
828,7,23.5,90,0.5,0,Summer,No Holiday
1836,8,23.6,93,0,0,Summer,No Holiday
1112,9,24.2,84,0,0,Summer,No Holiday
827,10,25.6,75,0,0,Summer,No Holiday
890,11,26.3,71,0,0,Summer,No Holiday
996,12,27,68,0,0,Summer,No Holiday
929,13,28.1,67,0,0,Summer,No Holiday
933,14,28.3,67,0,0,Summer,No Holiday
1011,15,28.8,66,0,0,Summer,No Holiday
1105,16,28.2,71,0,0,Summer,No Holiday
1381,17,27.3,76,0,0,Summer,No Holiday
2594,18,26.8,71,0,0,Summer,No Holiday
2309,19,26.7,69,0,0,Summer,No Holiday
2122,20,25.8,68,0,0,Summer,No Holiday
2063,21,25.2,67,0,0,Summer,No Holiday
1941,22,24.4,67,0,0,Summer,No Holiday
1406,23,23.9,66,0,0,Summer,No Holiday
1075,0,23.5,65,0,0,Summer,No Holiday
839,1,23.1,66,0,0,Summer,No Holiday
558,2,22.8,65,0,0,Summer,No Holiday
403,3,22.6,66,0,0,Summer,No Holiday
273,4,22.6,66,0,0,Summer,No Holiday
311,5,22.5,66,0,0,Summer,No Holiday
723,6,22.4,65,0,0,Summer,No Holiday
1449,7,22.6,63,0,0,Summer,No Holiday
2273,8,23.2,60,0,0,Summer,No Holiday
1318,9,23.3,61,0,0,Summer,No Holiday
998,10,23.7,59,0,0,Summer,No Holiday
1024,11,23.9,59,0,0,Summer,No Holiday
1216,12,25.7,57,0,0,Summer,No Holiday
1210,13,26.2,53,0,0,Summer,No Holiday
1209,14,27,52,0,0,Summer,No Holiday
1346,15,26.9,51,0,0,Summer,No Holiday
1635,16,26.6,54,0,0,Summer,No Holiday
2282,17,26.6,52,0,0,Summer,No Holiday
3196,18,25.9,52,0,0,Summer,No Holiday
2557,19,25,52,0,0,Summer,No Holiday
2223,20,23.8,55,0,0,Summer,No Holiday
2183,21,23.1,54,0,0,Summer,No Holiday
1917,22,22.5,54,0,0,Summer,No Holiday
1458,23,22,55,0,0,Summer,No Holiday
1191,0,21.5,56,0,0,Summer,No Holiday
1079,1,21.1,57,0,0,Summer,No Holiday
760,2,20.7,58,0,0,Summer,No Holiday
545,3,20.4,59,0,0,Summer,No Holiday
331,4,20,63,0,0,Summer,No Holiday
273,5,19.8,63,0,0,Summer,No Holiday
396,6,19.5,61,0,0,Summer,No Holiday
567,7,19.6,57,0,0,Summer,No Holiday
832,8,21.2,52,0,0,Summer,No Holiday
1009,9,22.6,51,0,0,Summer,No Holiday
1050,10,24,49,0,0,Summer,No Holiday
1129,11,25,48,0,0,Summer,No Holiday
1328,12,26.4,47,0,0,Summer,No Holiday
1399,13,27.5,43,0,0,Summer,No Holiday
1430,14,28.3,43,0,0,Summer,No Holiday
1579,15,28.7,42,0,0,Summer,No Holiday
1764,16,28.9,44,0,0,Summer,No Holiday
2020,17,28.9,45,0,0,Summer,No Holiday
2238,18,27.8,48,0,0,Summer,No Holiday
2352,19,26.1,51,0,0,Summer,No Holiday
2232,20,24.6,51,0,0,Summer,No Holiday
2235,21,23.4,52,0,0,Summer,No Holiday
1921,22,22.6,51,0,0,Summer,No Holiday
1416,23,21.7,51,0,0,Summer,No Holiday
1208,0,20.7,51,0,0,Summer,No Holiday
946,1,19.9,52,0,0,Summer,No Holiday
648,2,19.3,54,0,0,Summer,No Holiday
460,3,18.8,56,0,0,Summer,No Holiday
277,4,18.4,57,0,0,Summer,No Holiday
253,5,18.1,57,0,0,Summer,No Holiday
267,6,17.8,58,0,0,Summer,No Holiday
410,7,18.2,54,0,0,Summer,No Holiday
684,8,19.1,53,0,0,Summer,No Holiday
787,9,20.8,51,0,0,Summer,No Holiday
867,10,22.5,48,0,0,Summer,No Holiday
1053,11,23.8,47,0,0,Summer,No Holiday
1237,12,25,46,0,0,Summer,No Holiday
1442,13,26.1,45,0,0,Summer,No Holiday
1517,14,27.1,41,0,0,Summer,No Holiday
1693,15,27.6,37,0,0,Summer,No Holiday
2070,16,27.9,39,0,0,Summer,No Holiday
2266,17,27.4,44,0,0,Summer,No Holiday
2351,18,26.7,48,0,0,Summer,No Holiday
2272,19,26.3,51,0,0,Summer,No Holiday
2348,20,25.7,53,0,0,Summer,No Holiday
2055,21,25.3,55,0,0,Summer,No Holiday
1717,22,25,57,0,0,Summer,No Holiday
1252,23,24.6,60,0,0,Summer,No Holiday
900,0,24.2,61,0,0,Summer,No Holiday
554,1,23.7,64,0,0,Summer,No Holiday
387,2,22.7,63,0,0,Summer,No Holiday
285,3,21.9,63,0,0,Summer,No Holiday
206,4,21.4,63,0,0,Summer,No Holiday
301,5,21.1,64,0,0,Summer,No Holiday
486,6,21,64,0,0,Summer,No Holiday
451,7,20.9,66,0,0,Summer,No Holiday
670,8,20.7,73,0.2,0,Summer,No Holiday
575,9,21.1,72,0,0,Summer,No Holiday
217,10,21.1,73,0,0,Summer,No Holiday
186,11,20.6,82,0.3,0,Summer,No Holiday
71,12,20.7,83,0,0,Summer,No Holiday
99,13,20.3,87,0.5,0,Summer,No Holiday
110,14,20.2,89,0.5,0,Summer,No Holiday
59,15,20.3,90,0,0,Summer,No Holiday
68,16,20.2,91,1,0,Summer,No Holiday
104,17,20.3,93,1,0,Summer,No Holiday
140,18,20.3,93,0.5,0,Summer,No Holiday
68,19,20.4,94,0.5,0,Summer,No Holiday
48,20,20.3,95,1,0,Summer,No Holiday
95,21,20.3,96,1.5,0,Summer,No Holiday
71,22,20.4,96,0.5,0,Summer,No Holiday
40,23,20.4,96,1,0,Summer,No Holiday
29,0,20.4,97,5.5,0,Summer,No Holiday
39,1,20.4,97,8.5,0,Summer,No Holiday
84,2,20.5,98,6.5,0,Summer,No Holiday
136,3,20.6,98,0.5,0,Summer,No Holiday
133,4,20.6,97,0,0,Summer,No Holiday
174,5,20.6,97,0,0,Summer,No Holiday
534,6,20.7,97,0,0,Summer,No Holiday
1209,7,21.1,95,0,0,Summer,No Holiday
2017,8,21.7,89,0,0,Summer,No Holiday
1061,9,22.3,86,0,0,Summer,No Holiday
768,10,22.6,85,0,0,Summer,No Holiday
909,11,23.2,82,0,0,Summer,No Holiday
1035,12,24.1,80,0,0,Summer,No Holiday
1074,13,25.2,77,0,0,Summer,No Holiday
1142,14,25.5,77,0,0,Summer,No Holiday
1169,15,25.7,77,0,0,Summer,No Holiday
1462,16,26.3,74,0,0,Summer,No Holiday
1603,17,26.5,76,0,0,Summer,No Holiday
1665,18,26.2,82,0,0,Summer,No Holiday
794,19,25.7,83,0.5,0,Summer,No Holiday
908,20,25.3,89,0,0,Summer,No Holiday
1352,21,25.1,86,0,0,Summer,No Holiday
971,22,25,86,0,0,Summer,No Holiday
373,23,24.9,87,0,0,Summer,No Holiday
240,0,24.6,96,0.5,0,Summer,No Holiday
240,1,24.6,96,0.5,0,Summer,No Holiday
236,2,24.5,96,0,0,Summer,No Holiday
157,3,24.5,97,0.5,0,Summer,No Holiday
71,4,24.5,97,0,0,Summer,No Holiday
76,5,24.5,97,0.5,0,Summer,No Holiday
187,6,24.5,97,0.5,0,Summer,No Holiday
303,7,24.6,97,0.5,0,Summer,No Holiday
827,8,25.1,97,0,0,Summer,No Holiday
634,9,25.6,96,0,0,Summer,No Holiday
581,10,26.3,91,0.5,0,Summer,No Holiday
792,11,27.2,82,0,0,Summer,No Holiday
964,12,28.1,73,0,0,Summer,No Holiday
991,13,28.7,69,0,0,Summer,No Holiday
1052,14,29.2,67,0,0,Summer,No Holiday
1106,15,29.4,68,0,0,Summer,No Holiday
1344,16,28.7,70,0,0,Summer,No Holiday
1923,17,28.7,71,0,0,Summer,No Holiday
2931,18,28.4,75,0,0,Summer,No Holiday
2328,19,28.2,72,0,0,Summer,No Holiday
2048,20,27.7,76,0,0,Summer,No Holiday
1936,21,27.3,78,0,0,Summer,No Holiday
1870,22,27.1,79,0,0,Summer,No Holiday
1298,23,26.9,79,0,0,Summer,No Holiday
938,0,26.7,79,0,0,Summer,No Holiday
787,1,26.6,80,0,0,Summer,No Holiday
517,2,26.3,84,0,0,Summer,No Holiday
322,3,26.2,83,0,0,Summer,No Holiday
159,4,26.1,85,0,0,Summer,No Holiday
231,5,25.9,91,0.5,0,Summer,No Holiday
593,6,25.6,93,0,0,Summer,No Holiday
1279,7,25.9,87,0,0,Summer,No Holiday
1811,8,26.3,84,0,0,Summer,No Holiday
982,9,26.5,82,0,0,Summer,No Holiday
746,10,26.7,88,0.5,0,Summer,No Holiday
805,11,27.4,78,0,0,Summer,No Holiday
991,12,27.4,80,0,0,Summer,No Holiday
959,13,27.7,76,0,0,Summer,No Holiday
976,14,27.8,76,0,0,Summer,No Holiday
1163,15,28,76,0,0,Summer,No Holiday
1296,16,28.1,74,0,0,Summer,No Holiday
1915,17,27.9,75,0,0,Summer,No Holiday
3016,18,27.5,77,0,0,Summer,No Holiday
2313,19,27.4,78,0,0,Summer,No Holiday
2214,20,26.9,80,0,0,Summer,No Holiday
2115,21,26.3,81,0,0,Summer,No Holiday
1945,22,25.9,83,0,0,Summer,No Holiday
1355,23,25.5,84,0,0,Summer,No Holiday
1006,0,25.1,87,0,0,Summer,No Holiday
760,1,24.8,89,0,0,Summer,No Holiday
600,2,24.9,86,0,0,Summer,No Holiday
377,3,24.9,86,0,0,Summer,No Holiday
241,4,24.8,86,0,0,Summer,No Holiday
301,5,24.8,84,0,0,Summer,No Holiday
665,6,24.8,84,0,0,Summer,No Holiday
1321,7,25,83,0,0,Summer,No Holiday
2114,8,25.5,80,0,0,Summer,No Holiday
1240,9,26.6,73,0,0,Summer,No Holiday
836,10,27.4,70,0,0,Summer,No Holiday
887,11,27.5,70,0,0,Summer,No Holiday
1013,12,28.3,68,0,0,Summer,No Holiday
1046,13,28.9,68,0,0,Summer,No Holiday
999,14,29.5,62,0,0,Summer,No Holiday
1094,15,30.2,62,0,0,Summer,No Holiday
1291,16,30,67,0,0,Summer,No Holiday
1782,17,30.1,65,0,0,Summer,No Holiday
2884,18,30.8,60,0,0,Summer,No Holiday
2320,19,29.8,68,0,0,Summer,No Holiday
2069,20,28.2,76,0,0,Summer,No Holiday
1924,21,27.2,80,0,0,Summer,No Holiday
1879,22,26.7,82,0,0,Summer,No Holiday
1439,23,26.2,84,0,0,Summer,No Holiday
1169,0,25.7,85,0,0,Summer,No Holiday
1062,1,25.4,85,0,0,Summer,No Holiday
783,2,25.3,85,0,0,Summer,No Holiday
545,3,25.2,83,0,0,Summer,No Holiday
307,4,25.1,82,0,0,Summer,No Holiday
266,5,24.8,86,0,0,Summer,No Holiday
356,6,24.6,86,0,0,Summer,No Holiday
537,7,24.9,81,0,0,Summer,No Holiday
787,8,26.1,74,0,0,Summer,No Holiday
909,9,27,70,0,0,Summer,No Holiday
910,10,27.8,68,0,0,Summer,No Holiday
945,11,29,65,0,0,Summer,No Holiday
1039,12,30.2,58,0,0,Summer,No Holiday
1078,13,30.7,59,0,0,Summer,No Holiday
1038,14,30.7,59,0,0,Summer,No Holiday
1058,15,31.1,59,0,0,Summer,No Holiday
1177,16,31.7,55,0,0,Summer,No Holiday
1433,17,31.5,53,0,0,Summer,No Holiday
1624,18,31.1,55,0,0,Summer,No Holiday
1797,19,30.4,59,0,0,Summer,No Holiday
2023,20,29.2,63,0,0,Summer,No Holiday
2011,21,28.2,64,0,0,Summer,No Holiday
1682,22,27.6,70,0,0,Summer,No Holiday
1278,23,26.6,80,0,0,Summer,No Holiday
1143,0,26,82,0,0,Summer,No Holiday
868,1,25.5,83,0,0,Summer,No Holiday
632,2,25.1,85,0,0,Summer,No Holiday
443,3,24.8,86,0,0,Summer,No Holiday
278,4,24.6,86,0,0,Summer,No Holiday
223,5,24.5,85,0,0,Summer,No Holiday
292,6,24.8,83,0,0,Summer,No Holiday
402,7,25.2,80,0,0,Summer,No Holiday
613,8,26.2,75,0,0,Summer,No Holiday
715,9,27,71,0,0,Summer,No Holiday
701,10,28.5,66,0,0,Summer,No Holiday
712,11,28.7,64,0,0,Summer,No Holiday
803,12,30.1,58,0,0,Summer,No Holiday
810,13,31.4,53,0,0,Summer,No Holiday
822,14,32.4,50,0,0,Summer,No Holiday
946,15,32.9,49,0,0,Summer,No Holiday
1125,16,32.8,52,0,0,Summer,No Holiday
1247,17,32.7,52,0,0,Summer,No Holiday
1466,18,32.2,55,0,0,Summer,No Holiday
1847,19,31.2,62,0,0,Summer,No Holiday
2058,20,29.2,72,0,0,Summer,No Holiday
1924,21,28.1,74,0,0,Summer,No Holiday
1607,22,27.5,77,0,0,Summer,No Holiday
1113,23,27,78,0,0,Summer,No Holiday
732,0,26.5,81,0,0,Summer,No Holiday
498,1,25.9,83,0,0,Summer,No Holiday
469,2,25.4,84,0,0,Summer,No Holiday
276,3,25.1,85,0,0,Summer,No Holiday
211,4,24.6,84,0,0,Summer,No Holiday
324,5,24.3,85,0,0,Summer,No Holiday
703,6,24,85,0,0,Summer,No Holiday
1344,7,24.5,73,0,0,Summer,No Holiday
1935,8,26.4,69,0,0,Summer,No Holiday
1014,9,28,64,0,0,Summer,No Holiday
678,10,29.8,54,0,0,Summer,No Holiday
688,11,31.5,51,0,0,Summer,No Holiday
719,12,32.4,49,0,0,Summer,No Holiday
727,13,33,51,0,0,Summer,No Holiday
691,14,33.7,45,0,0,Summer,No Holiday
745,15,33.4,44,0,0,Summer,No Holiday
818,16,33.3,46,0,0,Summer,No Holiday
1425,17,33,46,0,0,Summer,No Holiday
2636,18,32.3,47,0,0,Summer,No Holiday
2368,19,31.2,52,0,0,Summer,No Holiday
2362,20,29.3,58,0,0,Summer,No Holiday
2241,21,28,64,0,0,Summer,No Holiday
1934,22,27.2,69,0,0,Summer,No Holiday
1285,23,26.6,75,0,0,Summer,No Holiday
1003,0,26.4,76,0,0,Summer,No Holiday
692,1,25.8,78,0,0,Summer,No Holiday
497,2,25.3,78,0,0,Summer,No Holiday
372,3,24.8,80,0,0,Summer,No Holiday
222,4,24.4,80,0,0,Summer,No Holiday
372,5,24.1,81,0,0,Summer,No Holiday
713,6,24,81,0,0,Summer,No Holiday
1356,7,24.4,75,0,0,Summer,No Holiday
1955,8,25.8,69,0,0,Summer,No Holiday
1031,9,27.5,60,0,0,Summer,No Holiday
719,10,29.2,55,0,0,Summer,No Holiday
797,11,30.4,53,0,0,Summer,No Holiday
803,12,30.8,57,0,0,Summer,No Holiday
763,13,31.1,53,0,0,Summer,No Holiday
786,14,31.8,49,0,0,Summer,No Holiday
878,15,31.9,51,0,0,Summer,No Holiday
1062,16,32,51,0,0,Summer,No Holiday
1591,17,31.8,52,0,0,Summer,No Holiday
2770,18,31.3,55,0,0,Summer,No Holiday
2326,19,30.6,57,0,0,Summer,No Holiday
2174,20,28.9,64,0,0,Summer,No Holiday
2273,21,27.9,69,0,0,Summer,No Holiday
1940,22,27.2,70,0,0,Summer,No Holiday
1340,23,26.6,76,0,0,Summer,No Holiday
1002,0,26.2,79,0,0,Summer,No Holiday
741,1,25.7,80,0,0,Summer,No Holiday
526,2,25.2,82,0,0,Summer,No Holiday
381,3,24.7,84,0,0,Summer,No Holiday
266,4,24.3,83,0,0,Summer,No Holiday
327,5,23.9,83,0,0,Summer,No Holiday
695,6,23.7,83,0,0,Summer,No Holiday
1308,7,24.2,74,0,0,Summer,No Holiday
1944,8,25.8,71,0,0,Summer,No Holiday
982,9,27.2,59,0,0,Summer,No Holiday
722,10,28.9,61,0,0,Summer,No Holiday
701,11,30.2,53,0,0,Summer,No Holiday
780,12,31.2,51,0,0,Summer,No Holiday
778,13,32.1,51,0,0,Summer,No Holiday
762,14,32.7,49,0,0,Summer,No Holiday
776,15,32.9,46,0,0,Summer,No Holiday
912,16,33.1,42,0,0,Summer,No Holiday
1596,17,32.6,46,0,0,Summer,No Holiday
2692,18,32,50,0,0,Summer,No Holiday
2281,19,30.6,54,0,0,Summer,No Holiday
2202,20,28.8,66,0,0,Summer,No Holiday
2188,21,28,69,0,0,Summer,No Holiday
1980,22,27.2,73,0,0,Summer,No Holiday
1354,23,26.4,76,0,0,Summer,No Holiday
1068,0,25.9,76,0,0,Summer,No Holiday
824,1,25.4,79,0,0,Summer,No Holiday
591,2,24.8,80,0,0,Summer,No Holiday
393,3,24.4,85,0,0,Summer,No Holiday
231,4,24,87,0,0,Summer,No Holiday
329,5,23.6,88,0,0,Summer,No Holiday
672,6,23.3,83,0,0,Summer,No Holiday
1315,7,23.6,75,0,0,Summer,No Holiday
1993,8,25.5,65,0,0,Summer,No Holiday
985,9,27.6,62,0,0,Summer,No Holiday
695,10,29.4,56,0,0,Summer,No Holiday
687,11,30.7,48,0,0,Summer,No Holiday
828,12,31.7,42,0,0,Summer,No Holiday
798,13,32.6,47,0,0,Summer,No Holiday
722,14,33.1,47,0,0,Summer,No Holiday
827,15,33.7,41,0,0,Summer,No Holiday
1017,16,33.7,43,0,0,Summer,No Holiday
1536,17,34,44,0,0,Summer,No Holiday
2640,18,33,51,0,0,Summer,No Holiday
2245,19,31.6,58,0,0,Summer,No Holiday
2114,20,29.8,62,0,0,Summer,No Holiday
2122,21,28.8,69,0,0,Summer,No Holiday
1870,22,28,76,0,0,Summer,No Holiday
1318,23,27.2,78,0,0,Summer,No Holiday
1041,0,26.7,80,0,0,Summer,No Holiday
773,1,26.1,81,0,0,Summer,No Holiday
557,2,25.7,84,0,0,Summer,No Holiday
428,3,25.4,84,0,0,Summer,No Holiday
267,4,25.1,83,0,0,Summer,No Holiday
327,5,24.9,83,0,0,Summer,No Holiday
672,6,24.6,82,0,0,Summer,No Holiday
1251,7,25.2,75,0,0,Summer,No Holiday
1896,8,26.6,70,0,0,Summer,No Holiday
1029,9,28.4,65,0,0,Summer,No Holiday
641,10,29.8,59,0,0,Summer,No Holiday
791,11,31.6,54,0,0,Summer,No Holiday
822,12,32.6,51,0,0,Summer,No Holiday
805,13,32.4,54,0,0,Summer,No Holiday
741,14,33.4,52,0,0,Summer,No Holiday
794,15,34.1,45,0,0,Summer,No Holiday
928,16,34.3,45,0,0,Summer,No Holiday
1468,17,34.3,44,0,0,Summer,No Holiday
2419,18,33.9,42,0,0,Summer,No Holiday
2084,19,32.9,44,0,0,Summer,No Holiday
1888,20,30.9,51,0,0,Summer,No Holiday
1869,21,29.8,59,0,0,Summer,No Holiday
1782,22,28.8,65,0,0,Summer,No Holiday
1426,23,28.2,70,0,0,Summer,No Holiday
1132,0,27.5,73,0,0,Summer,No Holiday
945,1,27,74,0,0,Summer,No Holiday
684,2,26.4,72,0,0,Summer,No Holiday
477,3,26.1,74,0,0,Summer,No Holiday
347,4,25.6,77,0,0,Summer,No Holiday
292,5,25,78,0,0,Summer,No Holiday
381,6,24.9,76,0,0,Summer,No Holiday
491,7,25.3,71,0,0,Summer,No Holiday
720,8,27.4,63,0,0,Summer,No Holiday
729,9,29.6,57,0,0,Summer,No Holiday
699,10,31.4,51,0,0,Summer,No Holiday
676,11,32.9,45,0,0,Summer,No Holiday
735,12,34.2,35,0,0,Summer,No Holiday
727,13,35.2,34,0,0,Summer,No Holiday
682,14,36.3,34,0,0,Summer,No Holiday
785,15,36.5,35,0,0,Summer,No Holiday
883,16,36.8,30,0,0,Summer,No Holiday
1011,17,36.3,36,0,0,Summer,No Holiday
1202,18,35,42,0,0,Summer,No Holiday
1423,19,33.4,51,0,0,Summer,No Holiday
1655,20,31.5,53,0,0,Summer,No Holiday
1731,21,30.2,54,0,0,Summer,No Holiday
1588,22,29.4,55,0,0,Summer,No Holiday
1288,23,28.8,56,0,0,Summer,No Holiday
1088,0,28.1,56,0,0,Summer,No Holiday
772,1,27.3,60,0,0,Summer,No Holiday
587,2,26.8,63,0,0,Summer,No Holiday
438,3,26.3,63,0,0,Summer,No Holiday
270,4,25.9,71,0,0,Summer,No Holiday
256,5,25.5,72,0,0,Summer,No Holiday
286,6,25.3,73,0,0,Summer,No Holiday
360,7,25.8,67,0,0,Summer,No Holiday
477,8,27.9,60,0,0,Summer,No Holiday
526,9,30.5,54,0,0,Summer,No Holiday
522,10,32.2,50,0,0,Summer,No Holiday
499,11,33.8,45,0,0,Summer,No Holiday
560,12,35.5,39,0,0,Summer,No Holiday
569,13,36.7,33,0,0,Summer,No Holiday
565,14,37.4,34,0,0,Summer,No Holiday
632,15,37.5,33,0,0,Summer,No Holiday
771,16,37.8,31,0,0,Summer,No Holiday
965,17,37.6,33,0,0,Summer,No Holiday
1212,18,36.3,35,0,0,Summer,No Holiday
1478,19,34.5,47,0,0,Summer,No Holiday
1688,20,33.3,50,0,0,Summer,No Holiday
1666,21,32.3,50,0,0,Summer,No Holiday
1346,22,31.7,51,0,0,Summer,No Holiday
1030,23,31.2,52,0,0,Summer,No Holiday
792,0,30.6,50,0,0,Summer,No Holiday
542,1,30,52,0,0,Summer,No Holiday
382,2,29.7,53,0,0,Summer,No Holiday
238,3,29.6,50,0,0,Summer,No Holiday
174,4,29.3,51,0,0,Summer,No Holiday
310,5,29.3,55,0,0,Summer,No Holiday
652,6,29.2,58,0,0,Summer,No Holiday
1241,7,29.3,58,0,0,Summer,No Holiday
1889,8,30,56,0,0,Summer,No Holiday
985,9,31,55,0,0,Summer,No Holiday
636,10,31.8,51,0,0,Summer,No Holiday
611,11,32.7,48,0,0,Summer,No Holiday
655,12,34.1,47,0,0,Summer,No Holiday
688,13,33.8,47,0,0,Summer,No Holiday
670,14,34.3,45,0,0,Summer,No Holiday
739,15,35.4,46,0,0,Summer,No Holiday
960,16,34.8,47,0,0,Summer,No Holiday
1310,17,34.8,49,0,0,Summer,No Holiday
2405,18,33.9,53,0,0,Summer,No Holiday
2112,19,32.6,58,0,0,Summer,No Holiday
2051,20,31.5,61,0,0,Summer,No Holiday
1994,21,30.8,60,0,0,Summer,No Holiday
1697,22,30.3,60,0,0,Summer,No Holiday
1157,23,30,58,0,0,Summer,No Holiday
874,0,29.6,61,0,0,Summer,No Holiday
715,1,29.1,64,0,0,Summer,No Holiday
487,2,28.6,66,0,0,Summer,No Holiday
332,3,28.2,65,0,0,Summer,No Holiday
218,4,27.8,67,0,0,Summer,No Holiday
306,5,27.5,70,0,0,Summer,No Holiday
673,6,27.2,71,0,0,Summer,No Holiday
1213,7,27.8,63,0,0,Summer,No Holiday
1820,8,29.9,59,0,0,Summer,No Holiday
926,9,31.7,59,0,0,Summer,No Holiday
610,10,32.4,54,0,0,Summer,No Holiday
620,11,33.9,46,0,0,Summer,No Holiday
671,12,34.5,50,0,0,Summer,No Holiday
688,13,36.4,41,0,0,Summer,No Holiday
649,14,35.8,49,0,0,Summer,No Holiday
735,15,35.8,47,0,0,Summer,No Holiday
834,16,34.9,51,0,0,Summer,No Holiday
1297,17,34.9,51,0,0,Summer,No Holiday
2300,18,34.9,53,0,0,Summer,No Holiday
1968,19,33.1,57,0,0,Summer,No Holiday
1834,20,31.1,63,0,0,Summer,No Holiday
1899,21,30.2,65,0,0,Summer,No Holiday
1773,22,29.8,66,0,0,Summer,No Holiday
1193,23,29.3,66,0,0,Summer,No Holiday
939,0,28.9,66,0,0,Summer,No Holiday
726,1,28.7,67,0,0,Summer,No Holiday
499,2,28.8,68,0,0,Summer,No Holiday
327,3,28.9,69,0,0,Summer,No Holiday
212,4,28.5,74,0,0,Summer,No Holiday
299,5,28.3,74,0,0,Summer,No Holiday
657,6,28.1,75,0,0,Summer,No Holiday
1171,7,28.3,72,0,0,Summer,No Holiday
1893,8,28.7,70,0,0,Summer,No Holiday
995,9,29.4,66,0,0,Summer,No Holiday
696,10,30.7,61,0,0,Summer,No Holiday
749,11,30.7,63,0,0,Summer,No Holiday
791,12,31.1,60,0,0,Summer,No Holiday
783,13,32.3,56,0,0,Summer,No Holiday
754,14,33,53,0,0,Summer,No Holiday
781,15,34,50,0,0,Summer,No Holiday
977,16,34.1,52,0,0,Summer,No Holiday
1412,17,33.2,56,0,0,Summer,No Holiday
2416,18,32.2,58,0,0,Summer,No Holiday
2039,19,31.7,60,0,0,Summer,No Holiday
1935,20,30.9,67,0,0,Summer,No Holiday
1811,21,29.7,74,0,0,Summer,No Holiday
1767,22,28.8,76,0,0,Summer,No Holiday
1289,23,28,77,0,0,Summer,No Holiday
939,0,27.7,78,0,0,Summer,No Holiday
718,1,27.6,79,0,0,Summer,No Holiday
498,2,27.6,78,0,0,Summer,No Holiday
355,3,27.7,76,0,0,Summer,No Holiday
252,4,27.7,75,0,0,Summer,No Holiday
306,5,27.4,78,0,0,Summer,No Holiday
602,6,27.4,77,0,0,Summer,No Holiday
1175,7,27.7,75,0,0,Summer,No Holiday
1823,8,28.3,72,0,0,Summer,No Holiday
966,9,29.1,69,0,0,Summer,No Holiday
644,10,29.5,68,0,0,Summer,No Holiday
614,11,30.2,67,0,0,Summer,No Holiday
600,12,32,57,0,0,Summer,No Holiday
628,13,32.4,54,0,0,Summer,No Holiday
706,14,33,56,0,0,Summer,No Holiday
774,15,33.1,58,0,0,Summer,No Holiday
920,16,33.5,57,0,0,Summer,No Holiday
1394,17,33.1,59,0,0,Summer,No Holiday
2367,18,33.2,59,0,0,Summer,No Holiday
1994,19,32.3,63,0,0,Summer,No Holiday
1790,20,31,68,0,0,Summer,No Holiday
1868,21,30,74,0,0,Summer,No Holiday
1709,22,29.4,78,0,0,Summer,No Holiday
1273,23,29,79,0,0,Summer,No Holiday
909,0,28.6,80,0,0,Summer,No Holiday
747,1,28.3,78,0,0,Summer,No Holiday
537,2,27.8,79,0,0,Summer,No Holiday
371,3,27.6,80,0,0,Summer,No Holiday
218,4,27.3,85,0,0,Summer,No Holiday
295,5,27.2,86,0,0,Summer,No Holiday
647,6,27.2,85,0,0,Summer,No Holiday
1111,7,27.6,80,0,0,Summer,No Holiday
1763,8,28.5,76,0,0,Summer,No Holiday
934,9,29.9,69,0,0,Summer,No Holiday
639,10,31.2,61,0,0,Summer,No Holiday
619,11,32.7,56,0,0,Summer,No Holiday
714,12,33.7,53,0,0,Summer,No Holiday
653,13,35.3,48,0,0,Summer,No Holiday
507,14,34.1,57,0,0,Summer,No Holiday
776,15,35.3,52,0,0,Summer,No Holiday
905,16,35,55,0,0,Summer,No Holiday
1289,17,34.7,59,0,0,Summer,No Holiday
2183,18,33.7,62,0,0,Summer,No Holiday
1657,19,32,68,0,0,Summer,No Holiday
1565,20,30.7,73,0,0,Summer,No Holiday
1547,21,30.3,75,0,0,Summer,No Holiday
1507,22,29.9,74,0,0,Summer,No Holiday
1182,23,29.7,76,0,0,Summer,No Holiday
992,0,29.4,78,0,0,Summer,No Holiday
875,1,29.1,79,0,0,Summer,No Holiday
656,2,28.8,80,0,0,Summer,No Holiday
461,3,28.5,81,0,0,Summer,No Holiday
340,4,28.3,83,0,0,Summer,No Holiday
248,5,28.1,84,0,0,Summer,No Holiday
313,6,28,85,0,0,Summer,No Holiday
428,7,28.4,82,0,0,Summer,No Holiday
606,8,29.6,75,0,0,Summer,No Holiday
671,9,30.6,74,0,0,Summer,No Holiday
654,10,32,65,0,0,Summer,No Holiday
592,11,32.8,62,0,0,Summer,No Holiday
632,12,33.6,62,0,0,Summer,No Holiday
741,13,34.2,58,0,0,Summer,No Holiday
314,14,34.4,65,0.2,0,Summer,No Holiday
468,15,28.9,86,7.3,0,Summer,No Holiday
706,16,28.6,82,0,0,Summer,No Holiday
863,17,28.2,83,0,0,Summer,No Holiday
843,18,29,81,0,0,Summer,No Holiday
974,19,29.3,78,0,0,Summer,No Holiday
1095,20,29.2,82,0,0,Summer,No Holiday
1211,21,29.1,78,0,0,Summer,No Holiday
1158,22,29,74,0,0,Summer,No Holiday
1039,23,28.6,74,0,0,Summer,No Holiday
921,0,28.4,70,0,0,Summer,No Holiday
636,1,28,71,0,0,Summer,No Holiday
511,2,27.7,73,0,0,Summer,No Holiday
403,3,27.4,73,0,0,Summer,No Holiday
245,4,27,74,0,0,Summer,No Holiday
199,5,26.7,75,0,0,Summer,No Holiday
266,6,26.4,76,0,0,Summer,No Holiday
345,7,26.9,69,0,0,Summer,No Holiday
456,8,28.6,63,0,0,Summer,No Holiday
519,9,30.6,54,0,0,Summer,No Holiday
473,10,32.4,48,0,0,Summer,No Holiday
476,11,33.6,46,0,0,Summer,No Holiday
644,12,33.8,47,0,0,Summer,No Holiday
622,13,34.4,41,0,0,Summer,No Holiday
630,14,35.4,43,0,0,Summer,No Holiday
713,15,35.9,37,0,0,Summer,No Holiday
760,16,36,33,0,0,Summer,No Holiday
895,17,36.3,36,0,0,Summer,No Holiday
1141,18,35.8,35,0,0,Summer,No Holiday
1486,19,34.4,39,0,0,Summer,No Holiday
1697,20,32.3,48,0,0,Summer,No Holiday
1638,21,31.1,47,0,0,Summer,No Holiday
1406,22,30.4,45,0,0,Summer,No Holiday
1108,23,29.9,45,0,0,Summer,No Holiday
810,0,29.2,50,0,0,Summer,No Holiday
575,1,28.5,54,0,0,Summer,No Holiday
363,2,28,57,0,0,Summer,No Holiday
253,3,27.4,59,0,0,Summer,No Holiday
209,4,26.7,62,0,0,Summer,No Holiday
273,5,26.4,62,0,0,Summer,No Holiday
668,6,26.2,64,0,0,Summer,No Holiday
1130,7,26.8,59,0,0,Summer,No Holiday
1646,8,28.8,56,0,0,Summer,No Holiday
866,9,30.5,53,0,0,Summer,No Holiday
609,10,32,50,0,0,Summer,No Holiday
623,11,33.2,46,0,0,Summer,No Holiday
663,12,33.6,48,0,0,Summer,No Holiday
688,13,34.7,43,0,0,Summer,No Holiday
645,14,35.3,41,0,0,Summer,No Holiday
666,15,35.5,43,0,0,Summer,No Holiday
845,16,36.4,40,0,0,Summer,No Holiday
1224,17,35.4,44,0,0,Summer,No Holiday
2347,18,36.5,38,0,0,Summer,No Holiday
2016,19,35.2,43,0,0,Summer,No Holiday
1947,20,33.9,46,0,0,Summer,No Holiday
1875,21,33.1,48,0,0,Summer,No Holiday
1552,22,32.5,50,0,0,Summer,No Holiday
1202,23,31.7,52,0,0,Summer,No Holiday
901,0,31,54,0,0,Summer,No Holiday
695,1,30.2,57,0,0,Summer,No Holiday
476,2,29.8,57,0,0,Summer,No Holiday
334,3,29.3,57,0,0,Summer,No Holiday
244,4,28.8,58,0,0,Summer,No Holiday
284,5,28.3,60,0,0,Summer,No Holiday
584,6,27.9,63,0,0,Summer,No Holiday
1091,7,27.9,60,0,0,Summer,No Holiday
1665,8,29.3,51,0,0,Summer,No Holiday
860,9,30.9,47,0,0,Summer,No Holiday
582,10,32.7,43,0,0,Summer,No Holiday
583,11,34.1,40,0,0,Summer,No Holiday
626,12,35.2,39,0,0,Summer,No Holiday
623,13,36.1,38,0,0,Summer,No Holiday
579,14,36.4,35,0,0,Summer,No Holiday
665,15,37.8,34,0,0,Summer,No Holiday
763,16,37,38,0,0,Summer,No Holiday
1184,17,38,36,0,0,Summer,No Holiday
2092,18,36.2,45,0,0,Summer,No Holiday
1865,19,34.9,47,0,0,Summer,No Holiday
1772,20,33.5,50,0,0,Summer,No Holiday
1719,21,32.7,51,0,0,Summer,No Holiday
1613,22,31.6,66,0,0,Summer,No Holiday
1097,23,31,65,0,0,Summer,No Holiday
875,0,30.5,68,0,0,Summer,No Holiday
724,1,29.9,70,0,0,Summer,No Holiday
501,2,29.5,69,0,0,Summer,No Holiday
362,3,29.1,64,0,0,Summer,No Holiday
250,4,28.5,69,0,0,Summer,No Holiday
315,5,28.3,68,0,0,Summer,No Holiday
622,6,27.8,73,0,0,Summer,No Holiday
1061,7,28.2,68,0,0,Summer,No Holiday
1550,8,30.3,59,0,0,Summer,No Holiday
853,9,32.4,53,0,0,Summer,No Holiday
540,10,34.3,45,0,0,Summer,No Holiday
521,11,35.8,41,0,0,Summer,No Holiday
569,12,36.8,39,0,0,Summer,No Holiday
533,13,37.9,38,0,0,Summer,No Holiday
475,14,38.7,38,0,0,Summer,No Holiday
531,15,39.3,37,0,0,Summer,No Holiday
561,16,39.4,39,0,0,Summer,No Holiday
1033,17,39,41,0,0,Summer,No Holiday
1929,18,37.8,47,0,0,Summer,No Holiday
1553,19,36.1,56,0,0,Summer,No Holiday
1441,20,34.5,62,0,0,Summer,No Holiday
1500,21,33.3,64,0,0,Summer,No Holiday
1367,22,32.6,64,0,0,Summer,No Holiday
1046,23,32.3,67,0,0,Summer,No Holiday
850,0,31.9,67,0,0,Summer,No Holiday
647,1,31.5,69,0,0,Summer,No Holiday
459,2,31.5,68,0,0,Summer,No Holiday
295,3,31.1,70,0,0,Summer,No Holiday
215,4,31.1,54,0,0,Summer,No Holiday
265,5,30.7,57,0,0,Summer,No Holiday
578,6,30.4,54,0,0,Summer,No Holiday
1006,7,30.5,53,0,0,Summer,No Holiday
1579,8,31.6,50,0,0,Summer,No Holiday
813,9,32.9,49,0,0,Summer,No Holiday
549,10,34.4,46,0,0,Summer,No Holiday
547,11,35.3,45,0,0,Summer,No Holiday
562,12,36.6,41,0,0,Summer,No Holiday
550,13,36.7,44,0,0,Summer,No Holiday
535,14,37.3,40,0,0,Summer,No Holiday
605,15,36.6,44,0,0,Summer,No Holiday
676,16,37.9,39,0,0,Summer,No Holiday
1066,17,37.4,44,0,0,Summer,No Holiday
1881,18,36.7,47,0,0,Summer,No Holiday
1605,19,35.2,52,0,0,Summer,No Holiday
1480,20,33.9,58,0,0,Summer,No Holiday
1535,21,33.3,63,0,0,Summer,No Holiday
1375,22,32.9,64,0,0,Summer,No Holiday
1020,23,32.4,64,0,0,Summer,No Holiday
763,0,32.1,67,0,0,Summer,No Holiday
675,1,31.7,68,0,0,Summer,No Holiday
443,2,31.5,68,0,0,Summer,No Holiday
327,3,31.2,68,0,0,Summer,No Holiday
236,4,31,73,0,0,Summer,No Holiday
266,5,30.5,72,0,0,Summer,No Holiday
544,6,30.5,62,0,0,Summer,No Holiday
937,7,30.8,58,0,0,Summer,No Holiday
1471,8,31.8,55,0,0,Summer,No Holiday
784,9,33,50,0,0,Summer,No Holiday
530,10,34.3,48,0,0,Summer,No Holiday
575,11,35.7,42,0,0,Summer,No Holiday
585,12,36.8,41,0,0,Summer,No Holiday
585,13,36.8,44,0,0,Summer,No Holiday
575,14,37.4,40,0,0,Summer,No Holiday
600,15,37.4,44,0,0,Summer,No Holiday
763,16,36.7,44,0,0,Summer,No Holiday
1105,17,35.8,49,0,0,Summer,No Holiday
1920,18,34.4,53,0,0,Summer,No Holiday
1558,19,33.5,54,0,0,Summer,No Holiday
1517,20,32.2,58,0,0,Summer,No Holiday
1511,21,31.2,63,0,0,Summer,No Holiday
1421,22,30.6,64,0,0,Summer,No Holiday
1103,23,30.2,62,0,0,Summer,No Holiday
953,0,30,61,0,0,Summer,No Holiday
872,1,29.9,61,0,0,Summer,No Holiday
594,2,29.9,59,0,0,Summer,No Holiday
435,3,29.7,57,0,0,Summer,No Holiday
304,4,29.5,60,0,0,Summer,No Holiday
234,5,29.2,62,0,0,Summer,No Holiday
289,6,29.1,63,0,0,Summer,No Holiday
405,7,29.4,62,0,0,Summer,No Holiday
568,8,30.2,61,0,0,Summer,No Holiday
598,9,31.3,58,0,0,Summer,No Holiday
569,10,32.3,56,0,0,Summer,No Holiday
655,11,33.4,52,0,0,Summer,No Holiday
640,12,33.2,52,0,0,Summer,No Holiday
703,13,33.6,54,0,0,Summer,No Holiday
676,14,33.1,54,0,0,Summer,No Holiday
690,15,34.7,48,0,0,Summer,No Holiday
700,16,34.5,49,0,0,Summer,No Holiday
901,17,34.3,48,0,0,Summer,No Holiday
1044,18,33.2,52,0,0,Summer,No Holiday
1277,19,32,57,0,0,Summer,No Holiday
1387,20,30.2,66,0,0,Summer,No Holiday
1377,21,29.2,73,0,0,Summer,No Holiday
1337,22,28.6,74,0,0,Summer,No Holiday
1155,23,28.2,78,0,0,Summer,No Holiday
983,0,28,82,0,0,Summer,No Holiday
758,1,27.7,83,0,0,Summer,No Holiday
509,2,27.5,83,0,0,Summer,No Holiday
401,3,27.3,84,0,0,Summer,No Holiday
253,4,27.3,83,0,0,Summer,No Holiday
188,5,27.3,84,0,0,Summer,No Holiday
222,6,27.3,83,0,0,Summer,No Holiday
223,7,27.5,86,0.4,0,Summer,No Holiday
309,8,27.5,95,1.6,0,Summer,No Holiday
422,9,29.1,76,0,0,Summer,No Holiday
461,10,29.5,78,0,0,Summer,No Holiday
499,11,31.2,63,0,0,Summer,No Holiday
565,12,32.5,59,0,0,Summer,No Holiday
600,13,33,56,0,0,Summer,No Holiday
639,14,33.3,55,0,0,Summer,No Holiday
712,15,33.7,55,0,0,Summer,No Holiday
818,16,33.6,57,0,0,Summer,No Holiday
978,17,32.8,61,0,0,Summer,No Holiday
1247,18,31.8,63,0,0,Summer,No Holiday
1411,19,30.9,68,0,0,Summer,No Holiday
1524,20,30,72,0,0,Summer,No Holiday
1465,21,29.3,75,0,0,Summer,No Holiday
1286,22,29.1,77,0,0,Summer,No Holiday
942,23,28.8,79,0,0,Summer,No Holiday
707,0,28.7,79,0,0,Summer,No Holiday
455,1,28.7,80,0,0,Summer,No Holiday
309,2,28.6,80,0,0,Summer,No Holiday
219,3,28.6,81,0,0,Summer,No Holiday
162,4,28.4,82,0,0,Summer,No Holiday
258,5,28.3,83,0,0,Summer,No Holiday
546,6,28.3,83,0,0,Summer,No Holiday
699,7,28.5,82,0,0,Summer,No Holiday
797,8,28.7,86,0.5,0,Summer,No Holiday
614,9,28.4,87,4,0,Summer,No Holiday
533,10,29.8,76,0,0,Summer,No Holiday
569,11,31.3,70,0,0,Summer,No Holiday
613,12,33.2,59,0,0,Summer,No Holiday
666,13,34.3,54,0,0,Summer,No Holiday
571,14,34,59,0,0,Summer,No Holiday
646,15,33.6,58,0,0,Summer,No Holiday
752,16,34.6,55,0,0,Summer,No Holiday
1063,17,35,53,0,0,Summer,No Holiday
1956,18,32.8,63,0,0,Summer,No Holiday
1548,19,32.2,65,0,0,Summer,No Holiday
1537,20,31.3,65,0,0,Summer,No Holiday
1611,21,30.6,70,0,0,Summer,No Holiday
1371,22,30.1,72,0,0,Summer,No Holiday
969,23,29.4,79,2,0,Summer,No Holiday
842,0,28.8,72,0,0,Summer,No Holiday
619,1,28.2,68,0,0,Summer,No Holiday
443,2,27.9,68,0,0,Summer,No Holiday
278,3,27.6,69,0,0,Summer,No Holiday
201,4,27.3,68,0,0,Summer,No Holiday
273,5,27.1,69,0,0,Summer,No Holiday
634,6,26.8,70,0,0,Summer,No Holiday
1059,7,27,69,0,0,Summer,No Holiday
1695,8,28.5,64,0,0,Summer,No Holiday
961,9,29.3,66,0,0,Summer,No Holiday
635,10,30.1,65,0,0,Summer,No Holiday
657,11,31.4,59,0,0,Summer,No Holiday
770,12,31.9,57,0,0,Summer,No Holiday
662,13,33,55,0,0,Summer,No Holiday
658,14,34,50,0,0,Summer,No Holiday
698,15,34.3,49,0,0,Summer,No Holiday
855,16,35.4,45,0,0,Summer,No Holiday
1232,17,35.6,44,0,0,Summer,No Holiday
2274,18,34.6,50,0,0,Summer,No Holiday
1898,19,32.9,56,0,0,Summer,No Holiday
1836,20,31.1,64,0,0,Summer,No Holiday
1826,21,30.3,69,0,0,Summer,No Holiday
1664,22,29.8,75,0,0,Summer,No Holiday
1136,23,29.5,78,0,0,Summer,No Holiday
853,0,29.1,77,0,0,Summer,No Holiday
700,1,28.5,80,0,0,Summer,No Holiday
489,2,28.3,84,0,0,Summer,No Holiday
322,3,28.3,84,0,0,Summer,No Holiday
183,4,28,85,0,0,Summer,No Holiday
260,5,27.9,84,0,0,Summer,No Holiday
614,6,27.6,84,0,0,Summer,No Holiday
1079,7,28.2,82,0,0,Summer,No Holiday
1693,8,28.6,80,0,0,Summer,No Holiday
920,9,30.2,66,0,0,Summer,No Holiday
657,10,31.6,58,0,0,Summer,No Holiday
624,11,32.7,55,0,0,Summer,No Holiday
629,12,34.1,46,0,0,Summer,No Holiday
673,13,34.4,48,0,0,Summer,No Holiday
670,14,33.6,50,0,0,Summer,No Holiday
687,15,34.5,47,0,0,Summer,No Holiday
839,16,35.1,40,0,0,Summer,No Holiday
1266,17,35,37,0,0,Summer,No Holiday
2326,18,34.5,45,0,0,Summer,No Holiday
1983,19,32.6,60,0,0,Summer,No Holiday
1822,20,31,66,0,0,Summer,No Holiday
1783,21,29.7,71,0,0,Summer,No Holiday
1628,22,29.5,73,0,0,Summer,No Holiday
1180,23,29.1,77,0,0,Summer,No Holiday
929,0,28.9,75,0,0,Summer,No Holiday
733,1,28.8,75,0,0,Summer,No Holiday
466,2,28.5,79,0,0,Summer,No Holiday
334,3,28.3,80,0,0,Summer,No Holiday
189,4,28.1,81,0,0,Summer,No Holiday
292,5,27.8,82,0,0,Summer,No Holiday
619,6,27.7,84,0,0,Summer,No Holiday
1088,7,27.9,81,0,0,Summer,No Holiday
1731,8,28.6,75,0,0,Summer,No Holiday
977,9,29.4,64,0,0,Summer,No Holiday
649,10,30.4,63,0,0,Summer,No Holiday
659,11,30.8,63,0,0,Summer,No Holiday
484,12,31.1,63,0,0,Summer,No Holiday
628,13,29.7,80,0.4,0,Summer,No Holiday
561,14,30.8,69,0,0,Summer,No Holiday
644,15,31.2,67,0,0,Summer,No Holiday
559,16,31.6,73,0,0,Summer,No Holiday
740,17,28.8,83,1.1,0,Summer,No Holiday
1850,18,28.1,86,0.5,0,Summer,No Holiday
1698,19,28.2,82,0,0,Summer,No Holiday
1591,20,27.9,78,0,0,Summer,No Holiday
1654,21,27.8,82,0,0,Summer,No Holiday
1494,22,27.5,82,0,0,Summer,No Holiday
1075,23,27.3,81,0,0,Summer,No Holiday
903,0,27.1,84,0,0,Summer,No Holiday
708,1,26.9,84,0,0,Summer,No Holiday
484,2,26.9,84,0,0,Summer,No Holiday
346,3,26.7,84,0,0,Summer,No Holiday
214,4,26.3,85,0,0,Summer,No Holiday
283,5,26.1,83,0,0,Summer,No Holiday
645,6,25.7,83,0,0,Summer,No Holiday
1027,7,26,78,0,0,Summer,No Holiday
1728,8,27.2,69,0,0,Summer,No Holiday
892,9,29,64,0,0,Summer,No Holiday
683,10,30.5,58,0,0,Summer,No Holiday
697,11,31.9,53,0,0,Summer,No Holiday
721,12,33.4,47,0,0,Summer,No Holiday
696,13,34.2,41,0,0,Summer,No Holiday
658,14,35.1,44,0,0,Summer,No Holiday
725,15,34.8,47,0,0,Summer,No Holiday
853,16,36.4,40,0,0,Summer,No Holiday
1293,17,36.3,40,0,0,Summer,No Holiday
2289,18,35.2,44,0,0,Summer,No Holiday
1903,19,33.4,49,0,0,Summer,No Holiday
1702,20,32.2,52,0,0,Summer,No Holiday
1641,21,31.3,55,0,0,Summer,No Holiday
1544,22,30.9,54,0,0,Summer,No Holiday
1198,23,30.4,58,0,0,Summer,No Holiday
1022,0,29.8,63,0,0,Summer,No Holiday
881,1,29,67,0,0,Summer,No Holiday
691,2,28.5,68,0,0,Summer,No Holiday
441,3,27.9,69,0,0,Summer,No Holiday
266,4,27.4,69,0,0,Summer,No Holiday
263,5,26.9,69,0,0,Summer,No Holiday
355,6,26.5,69,0,0,Summer,No Holiday
425,7,26.7,67,0,0,Summer,No Holiday
647,8,28,60,0,0,Summer,No Holiday
672,9,29.7,58,0,0,Summer,No Holiday
643,10,31.3,53,0,0,Summer,No Holiday
766,11,31.5,54,0,0,Summer,No Holiday
759,12,33.2,50,0,0,Summer,No Holiday
830,13,34.1,45,0,0,Summer,No Holiday
733,14,34.5,43,0,0,Summer,No Holiday
694,15,35,41,0,0,Summer,No Holiday
826,16,35.6,39,0,0,Summer,No Holiday
1006,17,35.8,36,0,0,Summer,No Holiday
1274,18,34.4,40,0,0,Summer,No Holiday
1482,19,33.8,44,0,0,Summer,No Holiday
1469,20,32.8,47,0,0,Summer,No Holiday
1437,21,31.6,63,0,0,Summer,No Holiday
1351,22,31.3,53,0,0,Summer,No Holiday
1076,23,30.7,55,0,0,Summer,No Holiday
997,0,29.9,56,0,0,Summer,No Holiday
703,1,29.4,58,0,0,Summer,No Holiday
554,2,29,60,0,0,Summer,No Holiday
387,3,28.5,62,0,0,Summer,No Holiday
260,4,28.1,63,0,0,Summer,No Holiday
196,5,27.7,65,0,0,Summer,No Holiday
261,6,27.2,66,0,0,Summer,No Holiday
316,7,27.4,61,0,0,Summer,No Holiday
520,8,28.6,54,0,0,Summer,No Holiday
568,9,29.7,55,0,0,Summer,No Holiday
483,10,31.6,51,0,0,Summer,No Holiday
526,11,32.8,49,0,0,Summer,No Holiday
670,12,33.8,44,0,0,Summer,No Holiday
704,13,34,47,0,0,Summer,No Holiday
697,14,35,45,0,0,Summer,No Holiday
820,15,34.9,46,0,0,Summer,No Holiday
959,16,34.1,47,0,0,Summer,No Holiday
1156,17,33.7,48,0,0,Summer,No Holiday
1225,18,33.4,49,0,0,Summer,No Holiday
1117,19,32,76,1,0,Summer,No Holiday
1208,20,29.4,86,4,0,Summer,No Holiday
1337,21,28.9,83,0,0,Summer,No Holiday
1127,22,28.8,79,0,0,Summer,No Holiday
707,23,28.7,81,0,0,Summer,No Holiday
409,0,28.4,85,0,0,Summer,No Holiday
231,1,28.2,88,1,0,Summer,No Holiday
212,2,28.1,78,0,0,Summer,No Holiday
196,3,27.7,88,0,0,Summer,No Holiday
151,4,27.1,91,0,0,Summer,No Holiday
230,5,26.8,90,0,0,Summer,No Holiday
594,6,26.7,89,0,0,Summer,No Holiday
1065,7,27,86,0,0,Summer,No Holiday
1657,8,28,78,0,0,Summer,No Holiday
903,9,29.4,74,0,0,Summer,No Holiday
639,10,30.6,67,0,0,Summer,No Holiday
677,11,31.7,58,0,0,Summer,No Holiday
724,12,33.4,54,0,0,Summer,No Holiday
698,13,33,54,0,0,Summer,No Holiday
651,14,33.6,55,0,0,Summer,No Holiday
709,15,34,51,0,0,Summer,No Holiday
901,16,33.5,52,0,0,Summer,No Holiday
1358,17,33.2,55,0,0,Summer,No Holiday
2367,18,33.1,59,0,0,Summer,No Holiday
2036,19,32.1,60,0,0,Summer,No Holiday
1847,20,31,64,0,0,Summer,No Holiday
1851,21,30.4,66,0,0,Summer,No Holiday
1635,22,29.9,60,0,0,Summer,No Holiday
1086,23,29.6,63,0,0,Summer,No Holiday
872,0,29.3,68,0,0,Summer,No Holiday
681,1,28.9,71,0,0,Summer,No Holiday
467,2,28.6,70,0,0,Summer,No Holiday
345,3,28.4,73,0,0,Summer,No Holiday
209,4,28.1,71,0,0,Summer,No Holiday
254,5,27.9,71,0,0,Summer,No Holiday
643,6,27.8,71,0,0,Summer,No Holiday
1097,7,27.9,71,0,0,Summer,No Holiday
1708,8,29.3,63,0,0,Summer,No Holiday
944,9,31,56,0,0,Summer,No Holiday
615,10,31.7,57,0,0,Summer,No Holiday
636,11,32.4,54,0,0,Summer,No Holiday
699,12,33.9,49,0,0,Summer,No Holiday
695,13,35.7,38,0,0,Summer,No Holiday
627,14,36.2,41,0,0,Summer,No Holiday
700,15,37.2,38,0,0,Summer,No Holiday
920,16,36.3,41,0,0,Summer,No Holiday
1306,17,34.7,51,0,0,Summer,No Holiday
2305,18,33.7,53,0,0,Summer,No Holiday
1972,19,32.7,56,0,0,Summer,No Holiday
1705,20,31.8,59,0,0,Summer,No Holiday
1684,21,31.3,59,0,0,Summer,No Holiday
1587,22,30.9,63,0,0,Summer,No Holiday
1165,23,30.3,65,0,0,Summer,No Holiday
1034,0,30,67,0,0,Summer,Holiday
850,1,29.6,69,0,0,Summer,Holiday
676,2,29.5,68,0,0,Summer,Holiday
474,3,29.1,70,0,0,Summer,Holiday
310,4,28.8,73,0,0,Summer,Holiday
227,5,28.6,73,0,0,Summer,Holiday
346,6,28.4,74,0,0,Summer,Holiday
429,7,28.6,71,0,0,Summer,Holiday
553,8,29.9,60,0,0,Summer,Holiday
563,9,32,53,0,0,Summer,Holiday
547,10,33.5,49,0,0,Summer,Holiday
586,11,35.4,44,0,0,Summer,Holiday
563,12,36.5,41,0,0,Summer,Holiday
591,13,36.9,39,0,0,Summer,Holiday
627,14,37.2,38,0,0,Summer,Holiday
761,15,37.4,38,0,0,Summer,Holiday
877,16,36.6,39,0,0,Summer,Holiday
960,17,33.6,55,0,0,Summer,Holiday
925,18,32.8,63,0.1,0,Summer,Holiday
1301,19,28.7,76,0.9,0,Summer,Holiday
1500,20,28.4,69,0,0,Summer,Holiday
1507,21,28.6,69,0,0,Summer,Holiday
1350,22,28.6,67,0,0,Summer,Holiday
1008,23,28.5,69,0,0,Summer,Holiday
808,0,28.4,68,0,0,Summer,No Holiday
535,1,28.2,70,0,0,Summer,No Holiday
381,2,28.1,68,0,0,Summer,No Holiday
252,3,27.9,68,0,0,Summer,No Holiday
173,4,27.8,69,0,0,Summer,No Holiday
263,5,28,66,0,0,Summer,No Holiday
631,6,27.5,72,0,0,Summer,No Holiday
1105,7,27.6,71,0,0,Summer,No Holiday
1660,8,28.2,68,0,0,Summer,No Holiday
876,9,30.6,55,0,0,Summer,No Holiday
612,10,31.9,51,0,0,Summer,No Holiday
672,11,33.5,48,0,0,Summer,No Holiday
668,12,34.5,44,0,0,Summer,No Holiday
652,13,35.1,39,0,0,Summer,No Holiday
638,14,35.3,40,0,0,Summer,No Holiday
720,15,35,38,0,0,Summer,No Holiday
902,16,34.5,37,0,0,Summer,No Holiday
1384,17,33.8,37,0,0,Summer,No Holiday
2481,18,32.4,40,0,0,Summer,No Holiday
2286,19,29.8,45,0,0,Summer,No Holiday
2114,20,27.9,47,0,0,Summer,No Holiday
2127,21,26.8,46,0,0,Summer,No Holiday
1943,22,25.9,45,0,0,Summer,No Holiday
1446,23,25,44,0,0,Summer,No Holiday
1109,0,24.1,45,0,0,Summer,No Holiday
842,1,23.4,47,0,0,Summer,No Holiday
572,2,22.8,50,0,0,Summer,No Holiday
375,3,22.4,52,0,0,Summer,No Holiday
276,4,22.1,54,0,0,Summer,No Holiday
304,5,21.8,55,0,0,Summer,No Holiday
719,6,21.8,51,0,0,Summer,No Holiday
1271,7,22,49,0,0,Summer,No Holiday
1918,8,23.5,44,0,0,Summer,No Holiday
1069,9,25.5,40,0,0,Summer,No Holiday
717,10,27,36,0,0,Summer,No Holiday
844,11,28.8,33,0,0,Summer,No Holiday
904,12,30.3,30,0,0,Summer,No Holiday
820,13,31.3,30,0,0,Summer,No Holiday
791,14,32.7,27,0,0,Summer,No Holiday
970,15,33.5,26,0,0,Summer,No Holiday
1112,16,33.7,26,0,0,Summer,No Holiday
1666,17,33.1,27,0,0,Summer,No Holiday
2797,18,32.5,28,0,0,Summer,No Holiday
2353,19,31,31,0,0,Summer,No Holiday
2130,20,28.4,40,0,0,Summer,No Holiday
2008,21,27.1,43,0,0,Summer,No Holiday
1787,22,26,45,0,0,Summer,No Holiday
1466,23,25.2,47,0,0,Summer,No Holiday
1191,0,24.5,48,0,0,Summer,No Holiday
969,1,23.9,51,0,0,Summer,No Holiday
698,2,23.4,53,0,0,Summer,No Holiday
483,3,23,54,0,0,Summer,No Holiday
316,4,22.6,55,0,0,Summer,No Holiday
262,5,22,58,0,0,Summer,No Holiday
397,6,21.6,60,0,0,Summer,No Holiday
475,7,21.7,57,0,0,Summer,No Holiday
754,8,23.2,47,0,0,Summer,No Holiday
771,9,25.3,42,0,0,Summer,No Holiday
769,10,27,37,0,0,Summer,No Holiday
857,11,28.4,35,0,0,Summer,No Holiday
952,12,29.8,33,0,0,Summer,No Holiday
1003,13,31.1,30,0,0,Summer,No Holiday
1121,14,31,31,0,0,Summer,No Holiday
1196,15,31.7,30,0,0,Summer,No Holiday
1398,16,31.8,33,0,0,Summer,No Holiday
1806,17,29.9,39,0,0,Summer,No Holiday
1979,18,30.1,37,0,0,Summer,No Holiday
2127,19,28.5,45,0,0,Summer,No Holiday
1965,20,27.6,46,0,0,Summer,No Holiday
1886,21,26.8,48,0,0,Summer,No Holiday
1681,22,26.3,48,0,0,Summer,No Holiday
1342,23,25.9,52,0,0,Summer,No Holiday
1100,0,25.3,53,0,0,Summer,No Holiday
844,1,25,57,0,0,Summer,No Holiday
611,2,24.5,59,0,0,Summer,No Holiday
425,3,24,59,0,0,Summer,No Holiday
264,4,23.6,61,0,0,Summer,No Holiday
223,5,23.4,63,0,0,Summer,No Holiday
260,6,23.1,64,0,0,Summer,No Holiday
392,7,23.3,64,0,0,Summer,No Holiday
592,8,24.4,58,0,0,Summer,No Holiday
645,9,26.3,50,0,0,Summer,No Holiday
732,10,27.3,49,0,0,Summer,No Holiday
795,11,28.4,43,0,0,Summer,No Holiday
926,12,30.9,37,0,0,Summer,No Holiday
943,13,32.4,33,0,0,Summer,No Holiday
972,14,33.4,31,0,0,Summer,No Holiday
1181,15,33.8,31,0,0,Summer,No Holiday
1395,16,33.3,32,0,0,Summer,No Holiday
1721,17,32.7,33,0,0,Summer,No Holiday
1928,18,32.3,41,0,0,Summer,No Holiday
2186,19,29.7,55,0,0,Summer,No Holiday
2029,20,28.5,58,0,0,Summer,No Holiday
1821,21,27.9,61,0,0,Summer,No Holiday
1546,22,27.7,62,0,0,Summer,No Holiday
1016,23,27.5,60,0,0,Summer,No Holiday
818,0,27,62,0,0,Summer,No Holiday
527,1,26.6,64,0,0,Summer,No Holiday
352,2,26.3,65,0,0,Summer,No Holiday
255,3,26.1,65,0,0,Summer,No Holiday
193,4,26.2,65,0,0,Summer,No Holiday
281,5,25.7,68,0,0,Summer,No Holiday
675,6,25.3,67,0,0,Summer,No Holiday
1285,7,25.4,60,0,0,Summer,No Holiday
1912,8,26.6,54,0,0,Summer,No Holiday
993,9,27.5,54,0,0,Summer,No Holiday
719,10,29.3,49,0,0,Summer,No Holiday
766,11,31.2,45,0,0,Summer,No Holiday
808,12,31.7,45,0,0,Summer,No Holiday
847,13,31.6,46,0,0,Summer,No Holiday
816,14,32.1,45,0,0,Summer,No Holiday
992,15,32.9,45,0,0,Summer,No Holiday
1253,16,32.3,45,0,0,Summer,No Holiday
1704,17,32.1,44,0,0,Summer,No Holiday
2628,18,31.6,47,0,0,Summer,No Holiday
2162,19,30.8,55,0,0,Summer,No Holiday
1999,20,29.8,61,0,0,Summer,No Holiday
1971,21,29.3,63,0,0,Summer,No Holiday
1630,22,29,63,0,0,Summer,No Holiday
1241,23,28.5,62,0,0,Summer,No Holiday
898,0,28.3,59,0,0,Summer,No Holiday
690,1,28,61,0,0,Summer,No Holiday
376,2,27.6,60,0,0,Summer,No Holiday
173,3,26.8,62,0.1,0,Summer,No Holiday
49,4,25.3,70,0.4,0,Summer,No Holiday
57,5,23.8,86,1,0,Summer,No Holiday
73,6,23.8,89,1.5,0,Summer,No Holiday
608,7,23.4,94,2,0,Summer,No Holiday
1530,8,24,84,0,0,Summer,No Holiday
876,9,24.4,82,0,0,Summer,No Holiday
402,10,24.8,82,0,0,Summer,No Holiday
681,11,24.7,85,0,0,Summer,No Holiday
848,12,25.7,74,0,0,Summer,No Holiday
827,13,27.1,66,0,0,Summer,No Holiday
788,14,28.5,58,0,0,Summer,No Holiday
957,15,29.5,57,0,0,Summer,No Holiday
1112,16,30.4,53,0,0,Summer,No Holiday
1663,17,30.8,52,0,0,Summer,No Holiday
2830,18,30.3,56,0,0,Summer,No Holiday
2364,19,29.2,62,0,0,Summer,No Holiday
2169,20,27.7,69,0,0,Summer,No Holiday
2057,21,26.8,72,0,0,Summer,No Holiday
1828,22,26.1,76,0,0,Summer,No Holiday
1277,23,25.6,75,0,0,Summer,No Holiday
1025,0,25.1,79,0,0,Summer,No Holiday
782,1,24.6,79,0,0,Summer,No Holiday
512,2,24.2,79,0,0,Summer,No Holiday
346,3,24.1,80,0,0,Summer,No Holiday
214,4,23.6,81,0,0,Summer,No Holiday
289,5,23.4,82,0,0,Summer,No Holiday
655,6,23.7,78,0,0,Summer,No Holiday
1330,7,24.3,74,0,0,Summer,No Holiday
1990,8,25.7,66,0,0,Summer,No Holiday
1015,9,28,56,0,0,Summer,No Holiday
700,10,30.2,52,0,0,Summer,No Holiday
710,11,32.1,49,0,0,Summer,No Holiday
784,12,33.9,45,0,0,Summer,No Holiday
727,13,35.3,41,0,0,Summer,No Holiday
760,14,36.2,36,0,0,Summer,No Holiday
842,15,36.8,36,0,0,Summer,No Holiday
993,16,37.4,35,0,0,Summer,No Holiday
1495,17,36.4,39,0,0,Summer,No Holiday
2528,18,35.4,40,0,0,Summer,No Holiday
2087,19,35.2,41,0,0,Summer,No Holiday
1808,20,33.2,51,0,0,Summer,No Holiday
1807,21,33.1,46,0,0,Summer,No Holiday
1556,22,32.1,47,0,0,Summer,No Holiday
1117,23,31.2,50,0,0,Summer,No Holiday
908,0,30.7,52,0,0,Summer,No Holiday
745,1,30.1,54,0,0,Summer,No Holiday
492,2,29.8,53,0,0,Summer,No Holiday
304,3,29.7,52,0,0,Summer,No Holiday
168,4,29.3,54,0,0,Summer,No Holiday
185,5,28.5,57,0.1,0,Summer,No Holiday
492,6,28.3,55,0,0,Summer,No Holiday
720,7,28.3,55,0,0,Summer,No Holiday
1678,8,28.1,58,0,0,Summer,No Holiday
924,9,29.3,54,0,0,Summer,No Holiday
551,10,30.2,52,0,0,Summer,No Holiday
711,11,29.9,57,0.1,0,Summer,No Holiday
769,12,31.9,49,0,0,Summer,No Holiday
584,13,31,53,0,0,Summer,No Holiday
740,14,30.5,59,0.1,0,Summer,No Holiday
837,15,32,53,0,0,Summer,No Holiday
944,16,31.7,56,0,0,Summer,No Holiday
1249,17,30.8,59,0,0,Summer,No Holiday
1447,18,30.6,55,0,0,Summer,No Holiday
582,19,30,59,0,0,Summer,No Holiday
257,20,29.2,62,0.1,0,Summer,No Holiday
189,21,27.8,72,0.1,0,Summer,No Holiday
215,22,26.6,84,1.5,0,Summer,No Holiday
267,23,26.1,84,0.5,0,Summer,No Holiday
238,0,25.7,83,0.5,0,Summer,No Holiday
208,1,25.7,80,0.2,0,Summer,No Holiday
83,2,25.4,85,0.8,0,Summer,No Holiday
62,3,24.8,87,1,0,Summer,No Holiday
30,4,24.5,88,1,0,Summer,No Holiday
45,5,24.6,88,0.5,0,Summer,No Holiday
173,6,24.9,88,0.5,0,Summer,No Holiday
400,7,24.2,88,0,0,Summer,No Holiday
578,8,24.4,86,0,0,Summer,No Holiday
484,9,24.8,85,0,0,Summer,No Holiday
286,10,26,77,0,0,Summer,No Holiday
415,11,26.2,76,0,0,Summer,No Holiday
355,12,25.8,81,0,0,Summer,No Holiday
274,13,25.8,78,0,0,Summer,No Holiday
152,14,24.4,93,1.5,0,Summer,No Holiday
405,15,24,94,0.5,0,Summer,No Holiday
455,16,24.6,85,0,0,Summer,No Holiday
403,17,24.1,89,0,0,Summer,No Holiday
916,18,23.8,95,1.5,0,Summer,No Holiday
948,19,23.6,86,0,0,Summer,No Holiday
1162,20,23.5,81,0,0,Summer,No Holiday
1300,21,23.5,79,0,0,Summer,No Holiday
1202,22,23.5,79,0,0,Summer,No Holiday
1084,23,23.4,79,0,0,Summer,No Holiday
980,0,23.2,81,0,0,Summer,No Holiday
886,1,23,82,0,0,Summer,No Holiday
708,2,22.9,82,0,0,Summer,No Holiday
456,3,23.1,80,0,0,Summer,No Holiday
306,4,23.2,79,0,0,Summer,No Holiday
232,5,23.3,79,0,0,Summer,No Holiday
318,6,23.5,79,0,0,Summer,No Holiday
490,7,23.7,76,0,0,Summer,No Holiday
721,8,24.1,78,0,0,Summer,No Holiday
808,9,25.3,72,0,0,Summer,No Holiday
858,10,26.3,67,0,0,Summer,No Holiday
916,11,28,57,0,0,Summer,No Holiday
1070,12,27.9,55,0,0,Summer,No Holiday
1231,13,28.6,54,0,0,Summer,No Holiday
1261,14,29.2,52,0,0,Summer,No Holiday
1516,15,28.1,53,0,0,Summer,No Holiday
1592,16,27.2,58,0,0,Summer,No Holiday
1797,17,26.9,60,0,0,Summer,No Holiday
2080,18,27.1,56,0,0,Summer,No Holiday
2043,19,25.8,62,0,0,Summer,No Holiday
2022,20,24.6,65,0,0,Summer,No Holiday
1937,21,23.9,71,0,0,Summer,No Holiday
1717,22,23.4,75,0,0,Summer,No Holiday
1357,23,22.9,78,0,0,Summer,No Holiday
1163,0,22.8,78,0,0,Summer,No Holiday
769,1,22.5,80,0,0,Summer,No Holiday
600,2,22.1,84,0,0,Summer,No Holiday
426,3,21.6,85,0,0,Summer,No Holiday
290,4,21.2,86,0,0,Summer,No Holiday
188,5,20.7,88,0,0,Summer,No Holiday
243,6,20.4,88,0,0,Summer,No Holiday
381,7,20.7,85,0,0,Summer,No Holiday
566,8,22.1,74,0,0,Summer,No Holiday
725,9,24.2,64,0,0,Summer,No Holiday
681,10,26.3,53,0,0,Summer,No Holiday
791,11,28,46,0,0,Summer,No Holiday
1070,12,28.9,42,0,0,Summer,No Holiday
657,13,27.8,54,0,0,Summer,No Holiday
417,14,25.8,69,0.1,0,Summer,No Holiday
782,15,24.3,64,0,0,Summer,No Holiday
1025,16,23.5,56,0.1,0,Summer,No Holiday
1399,17,23.5,58,0,0,Summer,No Holiday
1479,18,23.4,67,0,0,Summer,No Holiday
1596,19,22.7,69,0,0,Summer,No Holiday
1674,20,22.4,64,0,0,Summer,No Holiday
1276,21,22.5,65,0,0,Summer,No Holiday
764,22,21.2,81,1.3,0,Summer,No Holiday
348,23,20.8,84,0.5,0,Summer,No Holiday
325,0,20.5,85,0,0,Summer,No Holiday
61,1,20.5,89,1.5,0,Summer,No Holiday
44,2,20.3,97,1,0,Summer,No Holiday
22,3,20.3,97,1.5,0,Summer,No Holiday
27,4,20.5,97,3.5,0,Summer,No Holiday
38,5,20.5,97,3,0,Summer,No Holiday
47,6,20.6,98,1,0,Summer,No Holiday
103,7,20.8,98,2,0,Summer,No Holiday
328,8,21.3,97,0.5,0,Summer,No Holiday
75,9,21.5,97,0.5,0,Summer,No Holiday
104,10,21.7,97,2.5,0,Summer,No Holiday
148,11,22,96,0.5,0,Summer,No Holiday
137,12,22.6,90,1,0,Summer,No Holiday
149,13,22.9,92,0.5,0,Summer,No Holiday
231,14,23.3,89,0.5,0,Summer,No Holiday
580,15,24.4,87,0,0,Summer,No Holiday
886,16,24.7,85,0,0,Summer,No Holiday
1356,17,24.9,82,0,0,Summer,No Holiday
2153,18,24.8,83,0,0,Summer,No Holiday
1615,19,24.7,83,0,0,Summer,No Holiday
1560,20,24.4,85,0,0,Summer,No Holiday
1762,21,23.9,88,0,0,Summer,No Holiday
1571,22,23.5,88,0,0,Summer,No Holiday
1113,23,23.6,87,0,0,Summer,No Holiday
870,0,23.5,88,0,0,Summer,No Holiday
653,1,23.1,94,0,0,Summer,No Holiday
482,2,23.2,88,0,0,Summer,No Holiday
281,3,22.9,93,0,0,Summer,No Holiday
200,4,22.6,95,0,0,Summer,No Holiday
218,5,22.5,96,0,0,Summer,No Holiday
581,6,22.5,90,0,0,Summer,No Holiday
1182,7,22.6,88,0,0,Summer,No Holiday
1841,8,23.4,83,0,0,Summer,No Holiday
865,9,24.2,80,0,0,Summer,No Holiday
670,10,25.4,75,0,0,Summer,No Holiday
411,11,25.9,79,0,0,Summer,No Holiday
25,12,25.2,89,2,0,Summer,No Holiday
31,13,24.6,97,9.5,0,Summer,No Holiday
126,14,24.9,97,4,0,Summer,No Holiday
122,15,25.2,96,0.5,0,Summer,No Holiday
60,16,25,97,2.5,0,Summer,No Holiday
39,17,24.8,96,2.5,0,Summer,No Holiday
96,18,24.3,97,18.5,0,Summer,No Holiday
84,19,23.9,98,7,0,Summer,No Holiday
10,20,23.3,97,15.5,0,Summer,No Holiday
122,21,22.9,98,29.5,0,Summer,No Holiday
64,22,22.9,97,0.5,0,Summer,No Holiday
59,23,22.8,97,3.5,0,Summer,No Holiday
208,0,22.7,96,1,0,Summer,No Holiday
334,1,22.8,97,0.5,0,Summer,No Holiday
243,2,24.2,91,0,0,Summer,No Holiday
171,3,24.5,87,0,0,Summer,No Holiday
128,4,24.6,86,0,0,Summer,No Holiday
109,5,24.6,87,0,0,Summer,No Holiday
346,6,24.7,85,0,0,Summer,No Holiday
862,7,25,85,0,0,Summer,No Holiday
1595,8,25.3,83,0,0,Summer,No Holiday
867,9,25.8,79,0,0,Summer,No Holiday
642,10,26.4,78,0,0,Summer,No Holiday
671,11,26.9,74,0,0,Summer,No Holiday
648,12,27.4,72,0,0,Summer,No Holiday
540,13,27.1,75,0,0,Summer,No Holiday
490,14,26.8,77,0,0,Summer,No Holiday
583,15,26.9,77,0,0,Summer,No Holiday
193,16,27,76,0,0,Summer,No Holiday
160,17,24.6,93,1.5,0,Summer,No Holiday
57,18,23.9,96,1.5,0,Summer,No Holiday
24,19,23.5,97,6.5,0,Summer,No Holiday
19,20,23.4,98,21,0,Summer,No Holiday
22,21,23.7,98,5.5,0,Summer,No Holiday
74,22,24.3,97,4.5,0,Summer,No Holiday
198,23,24.2,94,1,0,Summer,No Holiday
214,0,24.7,94,0,0,Summer,No Holiday
99,1,24.9,92,0.5,0,Summer,No Holiday
80,2,24.7,96,6.5,0,Summer,No Holiday
81,3,24.1,97,1.5,0,Summer,No Holiday
42,4,23.9,96,0,0,Summer,No Holiday
73,5,24,97,0.5,0,Summer,No Holiday
285,6,24.2,96,0,0,Summer,No Holiday
771,7,24.3,96,0,0,Summer,No Holiday
1330,8,24.6,96,0,0,Summer,No Holiday
846,9,25,92,0,0,Summer,No Holiday
589,10,26.1,81,0,0,Summer,No Holiday
716,11,26.2,82,0,0,Summer,No Holiday
768,12,27,74,0,0,Summer,No Holiday
865,13,28.2,66,0,0,Summer,No Holiday
837,14,27.5,66,0,0,Summer,No Holiday
982,15,27.2,69,0,0,Summer,No Holiday
1142,16,27.6,68,0,0,Summer,No Holiday
1473,17,26.8,73,0,0,Summer,No Holiday
1887,18,26.1,72,0,0,Summer,No Holiday
1707,19,25.1,74,0.5,0,Summer,No Holiday
1685,20,24.9,70,0,0,Summer,No Holiday
1732,21,24.8,72,0,0,Summer,No Holiday
1582,22,24.6,71,0,0,Summer,No Holiday
1173,23,24.3,71,0,0,Summer,No Holiday
861,0,23.9,75,0,0,Summer,No Holiday
652,1,23.7,77,0,0,Summer,No Holiday
381,2,23.4,79,0,0,Summer,No Holiday
297,3,23.3,81,0,0,Summer,No Holiday
170,4,23.2,83,0,0,Summer,No Holiday
217,5,23.1,84,0,0,Summer,No Holiday
436,6,22.9,83,0,0,Summer,No Holiday
828,7,22.9,83,0,0,Summer,No Holiday
1686,8,23.1,80,0.1,0,Summer,No Holiday
1049,9,24.1,69,0,0,Summer,No Holiday
794,10,25.5,53,0,0,Summer,No Holiday
868,11,26.7,51,0,0,Summer,No Holiday
982,12,27.8,47,0,0,Summer,No Holiday
965,13,28.7,46,0,0,Summer,No Holiday
987,14,29.3,41,0,0,Summer,No Holiday
1119,15,30.3,41,0,0,Summer,No Holiday
1404,16,29.7,51,0,0,Summer,No Holiday
1869,17,29.1,49,0,0,Summer,No Holiday
2836,18,28.4,57,0,0,Summer,No Holiday
2372,19,26.5,69,0,0,Summer,No Holiday
1995,20,25.4,74,0,0,Summer,No Holiday
1931,21,24.5,78,0,0,Summer,No Holiday
1789,22,24.1,80,0,0,Summer,No Holiday
1329,23,23.8,81,0,0,Summer,No Holiday
1075,0,23.2,83,0,0,Autumn,No Holiday
975,1,22.7,83,0,0,Autumn,No Holiday
785,2,22,86,0,0,Autumn,No Holiday
514,3,21.6,87,0,0,Autumn,No Holiday
338,4,21.2,88,0,0,Autumn,No Holiday
260,5,21.1,87,0,0,Autumn,No Holiday
362,6,20.9,87,0,0,Autumn,No Holiday
511,7,21.1,81,0,0,Autumn,No Holiday
812,8,22.3,64,0,0,Autumn,No Holiday
925,9,24.1,56,0,0,Autumn,No Holiday
861,10,26,54,0,0,Autumn,No Holiday
981,11,27.6,47,0,0,Autumn,No Holiday
1086,12,28.9,46,0,0,Autumn,No Holiday
1303,13,29.4,48,0,0,Autumn,No Holiday
1371,14,29.7,42,0,0,Autumn,No Holiday
1480,15,30,45,0,0,Autumn,No Holiday
1678,16,30.5,41,0,0,Autumn,No Holiday
1845,17,29.6,42,0,0,Autumn,No Holiday
1892,18,28.8,46,0,0,Autumn,No Holiday
1891,19,27.8,48,0,0,Autumn,No Holiday
1440,20,26.9,49,0,0,Autumn,No Holiday
1110,21,26,52,0,0,Autumn,No Holiday
992,22,25.1,53,0,0,Autumn,No Holiday
1523,23,24.4,54,0,0,Autumn,No Holiday
1336,0,23.5,56,0,0,Autumn,No Holiday
930,1,22.8,59,0,0,Autumn,No Holiday
610,2,22,60,0,0,Autumn,No Holiday
440,3,21.5,61,0,0,Autumn,No Holiday
255,4,21.1,62,0,0,Autumn,No Holiday
179,5,20.6,65,0,0,Autumn,No Holiday
249,6,20.2,66,0,0,Autumn,No Holiday
388,7,20.2,65,0,0,Autumn,No Holiday
576,8,21.3,57,0,0,Autumn,No Holiday
721,9,23.4,52,0,0,Autumn,No Holiday
802,10,25,47,0,0,Autumn,No Holiday
940,11,26.5,44,0,0,Autumn,No Holiday
1075,12,27.5,43,0,0,Autumn,No Holiday
1254,13,28.5,42,0,0,Autumn,No Holiday
1395,14,29.1,43,0,0,Autumn,No Holiday
1550,15,29.3,43,0,0,Autumn,No Holiday
1853,16,29.3,44,0,0,Autumn,No Holiday
2069,17,28.8,47,0,0,Autumn,No Holiday
2118,18,27.9,52,0,0,Autumn,No Holiday
1986,19,27.3,54,0,0,Autumn,No Holiday
1838,20,26.9,56,0,0,Autumn,No Holiday
1759,21,26.2,62,0,0,Autumn,No Holiday
1511,22,25.7,64,0,0,Autumn,No Holiday
1047,23,25.1,65,0,0,Autumn,No Holiday
763,0,24.7,67,0,0,Autumn,No Holiday
524,1,24.5,68,0,0,Autumn,No Holiday
321,2,24.3,68,0,0,Autumn,No Holiday
211,3,24.2,70,0,0,Autumn,No Holiday
153,4,24,70,0,0,Autumn,No Holiday
264,5,23.9,70,0,0,Autumn,No Holiday
656,6,23.8,71,0,0,Autumn,No Holiday
1287,7,23.9,71,0,0,Autumn,No Holiday
1580,8,24.2,70,0,0,Autumn,No Holiday
719,9,23.6,86,2,0,Autumn,No Holiday
434,10,23.3,89,0.5,0,Autumn,No Holiday
443,11,23.7,86,0,0,Autumn,No Holiday
673,12,23.9,83,0,0,Autumn,No Holiday
731,13,24.9,78,0,0,Autumn,No Holiday
532,14,25.6,77,0,0,Autumn,No Holiday
137,15,25.7,81,0,0,Autumn,No Holiday
39,16,25.5,91,3.5,0,Autumn,No Holiday
23,17,22.7,96,13,0,Autumn,No Holiday
113,18,21.9,97,13,0,Autumn,No Holiday
73,19,21.7,97,1,0,Autumn,No Holiday
151,20,21.5,97,0.5,0,Autumn,No Holiday
110,21,21.6,97,0.5,0,Autumn,No Holiday
379,22,21.7,97,0.5,0,Autumn,No Holiday
486,23,21.7,97,0,0,Autumn,No Holiday
500,0,21.4,97,0,0,Autumn,No Holiday
486,1,21.3,97,0,0,Autumn,No Holiday
324,2,20.9,96,0,0,Autumn,No Holiday
223,3,20.6,97,0,0,Autumn,No Holiday
186,4,20.4,97,0,0,Autumn,No Holiday
219,5,20.2,97,0,0,Autumn,No Holiday
602,6,20,97,0,0,Autumn,No Holiday
1289,7,20.1,97,0,0,Autumn,No Holiday
2059,8,20.5,90,0,0,Autumn,No Holiday
1083,9,21.6,81,0,0,Autumn,No Holiday
822,10,23.1,73,0,0,Autumn,No Holiday
940,11,24.5,64,0,0,Autumn,No Holiday
995,12,25.8,57,0,0,Autumn,No Holiday
997,13,26.5,58,0,0,Autumn,No Holiday
987,14,27.4,52,0,0,Autumn,No Holiday
1178,15,26.7,51,0,0,Autumn,No Holiday
1429,16,27.1,47,0,0,Autumn,No Holiday
1993,17,27.6,47,0,0,Autumn,No Holiday
3166,18,26.8,53,0,0,Autumn,No Holiday
2491,19,25.1,49,0,0,Autumn,No Holiday
2259,20,23.7,49,0,0,Autumn,No Holiday
2212,21,22.9,55,0,0,Autumn,No Holiday
1856,22,22.2,58,0,0,Autumn,No Holiday
1233,23,21.7,60,0,0,Autumn,No Holiday
983,0,21.1,64,0,0,Autumn,No Holiday
748,1,20.9,66,0,0,Autumn,No Holiday
493,2,20.6,72,0,0,Autumn,No Holiday
376,3,20.2,77,0,0,Autumn,No Holiday
220,4,19.9,81,0,0,Autumn,No Holiday
249,5,19.7,82,0,0,Autumn,No Holiday
676,6,19.8,82,0,0,Autumn,No Holiday
1487,7,19.8,79,0,0,Autumn,No Holiday
2312,8,21.2,69,0,0,Autumn,No Holiday
1195,9,23.4,59,0,0,Autumn,No Holiday
847,10,25.4,49,0,0,Autumn,No Holiday
937,11,26.4,47,0,0,Autumn,No Holiday
1072,12,27.1,44,0,0,Autumn,No Holiday
1039,13,27.3,46,0,0,Autumn,No Holiday
989,14,27.9,42,0,0,Autumn,No Holiday
1131,15,28.1,43,0,0,Autumn,No Holiday
1446,16,28.2,37,0,0,Autumn,No Holiday
2068,17,27.7,40,0,0,Autumn,No Holiday
3160,18,27,45,0,0,Autumn,No Holiday
2468,19,25.4,55,0,0,Autumn,No Holiday
2177,20,24.5,64,0,0,Autumn,No Holiday
2024,21,23.9,75,0,0,Autumn,No Holiday
1798,22,23.6,82,0,0,Autumn,No Holiday
1219,23,23,83,0,0,Autumn,No Holiday
963,0,22.5,83,0,0,Autumn,No Holiday
743,1,21.9,85,0,0,Autumn,No Holiday
531,2,21.6,86,0,0,Autumn,No Holiday
320,3,21.5,85,0,0,Autumn,No Holiday
215,4,21.6,87,0,0,Autumn,No Holiday
247,5,21.7,87,0,0,Autumn,No Holiday
680,6,21.4,84,0,0,Autumn,No Holiday
1438,7,20.9,83,0,0,Autumn,No Holiday
2270,8,21.8,77,0,0,Autumn,No Holiday
1186,9,23.5,72,0,0,Autumn,No Holiday
835,10,24.6,70,0,0,Autumn,No Holiday
941,11,25.9,63,0,0,Autumn,No Holiday
1041,12,26.9,60,0,0,Autumn,No Holiday
1049,13,28,52,0,0,Autumn,No Holiday
1032,14,27.9,47,0,0,Autumn,No Holiday
1089,15,27.8,48,0,0,Autumn,No Holiday
1292,16,26.9,55,0,0,Autumn,No Holiday
1525,17,26.6,63,0,0,Autumn,No Holiday
2497,18,25.8,58,0,0,Autumn,No Holiday
1990,19,25.3,71,0,0,Autumn,No Holiday
1900,20,25.1,71,0,0,Autumn,No Holiday
1851,21,24.6,70,0,0,Autumn,No Holiday
1641,22,24.3,71,0,0,Autumn,No Holiday
562,23,23.9,71,0,0,Autumn,No Holiday
556,0,21.3,82,1,0,Autumn,No Holiday
345,1,21.6,77,0,0,Autumn,No Holiday
259,2,21.3,76,0.5,0,Autumn,No Holiday
259,3,21.1,75,0,0,Autumn,No Holiday
185,4,20.8,66,0,0,Autumn,No Holiday
247,5,20.5,67,0,0,Autumn,No Holiday
624,6,20.2,70,0,0,Autumn,No Holiday
1346,7,20.3,74,0,0,Autumn,No Holiday
2260,8,20.5,78,0,0,Autumn,No Holiday
1194,9,21.3,63,0,0,Autumn,No Holiday
896,10,22.6,58,0,0,Autumn,No Holiday
988,11,23.8,51,0,0,Autumn,No Holiday
1213,12,24.2,50,0,0,Autumn,No Holiday
1119,13,24.3,50,0,0,Autumn,No Holiday
1187,14,25.2,43,0,0,Autumn,No Holiday
1391,15,24.7,44,0,0,Autumn,No Holiday
1577,16,25.2,39,0,0,Autumn,No Holiday
2183,17,24.5,37,0,0,Autumn,No Holiday
3154,18,24.4,34,0,0,Autumn,No Holiday
2365,19,22.6,39,0,0,Autumn,No Holiday
1959,20,21.6,43,0,0,Autumn,No Holiday
1915,21,20.6,48,0,0,Autumn,No Holiday
1796,22,19.8,51,0,0,Autumn,No Holiday
1363,23,19.4,50,0,0,Autumn,No Holiday
1107,0,19.2,53,0,0,Autumn,No Holiday
1001,1,18.9,55,0,0,Autumn,No Holiday
692,2,18.5,57,0,0,Autumn,No Holiday
504,3,17.8,60,0,0,Autumn,No Holiday
285,4,17.2,66,0,0,Autumn,No Holiday
227,5,16.7,70,0,0,Autumn,No Holiday
322,6,16.2,70,0,0,Autumn,No Holiday
511,7,16,70,0,0,Autumn,No Holiday
827,8,17.1,57,0,0,Autumn,No Holiday
956,9,19.9,51,0,0,Autumn,No Holiday
1096,10,22.2,43,0,0,Autumn,No Holiday
1179,11,24.2,41,0,0,Autumn,No Holiday
1273,12,25.2,36,0,0,Autumn,No Holiday
1505,13,26.1,32,0,0,Autumn,No Holiday
1554,14,26.8,31,0,0,Autumn,No Holiday
1792,15,26.9,33,0,0,Autumn,No Holiday
1943,16,27.7,32,0,0,Autumn,No Holiday
2167,17,27.2,35,0,0,Autumn,No Holiday
2255,18,25.7,38,0,0,Autumn,No Holiday
1978,19,24,41,0,0,Autumn,No Holiday
1944,20,22.8,45,0,0,Autumn,No Holiday
1878,21,22.1,49,0,0,Autumn,No Holiday
1675,22,21.5,51,0,0,Autumn,No Holiday
1142,23,20.7,52,0,0,Autumn,No Holiday
1185,0,19.6,53,0,0,Autumn,No Holiday
835,1,18.8,54,0,0,Autumn,No Holiday
589,2,18.1,57,0,0,Autumn,No Holiday
395,3,17.4,57,0,0,Autumn,No Holiday
264,4,17,59,0,0,Autumn,No Holiday
165,5,16.3,66,0,0,Autumn,No Holiday
255,6,15.8,69,0,0,Autumn,No Holiday
366,7,15.7,68,0,0,Autumn,No Holiday
644,8,17.4,56,0,0,Autumn,No Holiday
803,9,20.4,51,0,0,Autumn,No Holiday
928,10,22.9,45,0,0,Autumn,No Holiday
1051,11,24.4,41,0,0,Autumn,No Holiday
1220,12,25.9,39,0,0,Autumn,No Holiday
1432,13,27.2,32,0,0,Autumn,No Holiday
1662,14,28.2,29,0,0,Autumn,No Holiday
1877,15,28.9,27,0,0,Autumn,No Holiday
2099,16,27.1,35,0,0,Autumn,No Holiday
2201,17,27.7,33,0,0,Autumn,No Holiday
2368,18,26,35,0,0,Autumn,No Holiday
2033,19,24.1,56,0,0,Autumn,No Holiday
1930,20,22.9,58,0,0,Autumn,No Holiday
1820,21,22.2,57,0,0,Autumn,No Holiday
1291,22,21.8,54,0,0,Autumn,No Holiday
941,23,21.2,56,0,0,Autumn,No Holiday
792,0,20.7,57,0,0,Autumn,No Holiday
487,1,20.5,58,0,0,Autumn,No Holiday
332,2,20,59,0,0,Autumn,No Holiday
176,3,19.7,60,0,0,Autumn,No Holiday
188,4,19.4,61,0,0,Autumn,No Holiday
226,5,19.1,62,0,0,Autumn,No Holiday
691,6,18.7,64,0,0,Autumn,No Holiday
1463,7,18.9,63,0,0,Autumn,No Holiday
2278,8,20.1,57,0,0,Autumn,No Holiday
1125,9,22.3,52,0,0,Autumn,No Holiday
862,10,24,47,0,0,Autumn,No Holiday
934,11,25.3,44,0,0,Autumn,No Holiday
1095,12,26.7,40,0,0,Autumn,No Holiday
1057,13,27.1,38,0,0,Autumn,No Holiday
1064,14,27.8,37,0,0,Autumn,No Holiday
1249,15,27.6,38,0,0,Autumn,No Holiday
1467,16,27.5,39,0,0,Autumn,No Holiday
2147,17,26.6,40,0,0,Autumn,No Holiday
3298,18,25.9,42,0,0,Autumn,No Holiday
2518,19,24.4,47,0,0,Autumn,No Holiday
2240,20,23.4,48,0,0,Autumn,No Holiday
2090,21,22.5,48,0,0,Autumn,No Holiday
1779,22,21.7,50,0,0,Autumn,No Holiday
1223,23,20.8,51,0,0,Autumn,No Holiday
910,0,20.1,52,0,0,Autumn,No Holiday
662,1,19.5,52,0,0,Autumn,No Holiday
435,2,18.9,52,0,0,Autumn,No Holiday
261,3,18.2,52,0,0,Autumn,No Holiday
193,4,17.7,52,0,0,Autumn,No Holiday
258,5,17.2,54,0,0,Autumn,No Holiday
678,6,17,55,0,0,Autumn,No Holiday
1556,7,16.9,55,0,0,Autumn,No Holiday
2369,8,17.8,53,0,0,Autumn,No Holiday
1234,9,19.8,49,0,0,Autumn,No Holiday
922,10,21.9,43,0,0,Autumn,No Holiday
1012,11,23.7,40,0,0,Autumn,No Holiday
1192,12,24.5,40,0,0,Autumn,No Holiday
1102,13,25.7,40,0,0,Autumn,No Holiday
1115,14,25.8,37,0,0,Autumn,No Holiday
1222,15,26,40,0,0,Autumn,No Holiday
1527,16,25.5,44,0,0,Autumn,No Holiday
2171,17,25.4,44,0,0,Autumn,No Holiday
3222,18,24.7,45,0,0,Autumn,No Holiday
2455,19,23.7,49,0,0,Autumn,No Holiday
2072,20,22.9,48,0,0,Autumn,No Holiday
2018,21,22.2,50,0,0,Autumn,No Holiday
1868,22,21.6,52,0,0,Autumn,No Holiday
1240,23,20.9,53,0,0,Autumn,No Holiday
949,0,20.2,54,0,0,Autumn,No Holiday
691,1,19.6,56,0,0,Autumn,No Holiday
462,2,19,56,0,0,Autumn,No Holiday
297,3,18.4,57,0,0,Autumn,No Holiday
215,4,18,59,0,0,Autumn,No Holiday
241,5,17.5,60,0,0,Autumn,No Holiday
656,6,17,63,0,0,Autumn,No Holiday
1551,7,16.8,61,0,0,Autumn,No Holiday
2391,8,18.2,56,0,0,Autumn,No Holiday
1234,9,20.8,48,0,0,Autumn,No Holiday
923,10,22.7,45,0,0,Autumn,No Holiday
1017,11,24.8,44,0,0,Autumn,No Holiday
1165,12,26.3,44,0,0,Autumn,No Holiday
1066,13,26.8,45,0,0,Autumn,No Holiday
1087,14,26.9,45,0,0,Autumn,No Holiday
1251,15,27.7,41,0,0,Autumn,No Holiday
1494,16,27.8,42,0,0,Autumn,No Holiday
2129,17,27.8,41,0,0,Autumn,No Holiday
3256,18,27,44,0,0,Autumn,No Holiday
2443,19,25.4,50,0,0,Autumn,No Holiday
2146,20,24,56,0,0,Autumn,No Holiday
2012,21,23.2,57,0,0,Autumn,No Holiday
1824,22,22.6,60,0,0,Autumn,No Holiday
1309,23,22.2,62,0,0,Autumn,No Holiday
968,0,21.9,62,0,0,Autumn,No Holiday
736,1,21.5,65,0,0,Autumn,No Holiday
437,2,21.2,66,0,0,Autumn,No Holiday
304,3,20.9,68,0,0,Autumn,No Holiday
240,4,20.7,69,0,0,Autumn,No Holiday
248,5,20.5,70,0,0,Autumn,No Holiday
655,6,20.3,71,0,0,Autumn,No Holiday
1448,7,20.5,69,0,0,Autumn,No Holiday
2329,8,20.9,68,0,0,Autumn,No Holiday
1322,9,21.8,64,0,0,Autumn,No Holiday
915,10,22.7,61,0,0,Autumn,No Holiday
972,11,23.5,61,0,0,Autumn,No Holiday
1119,12,24.3,59,0,0,Autumn,No Holiday
1014,13,25.1,56,0,0,Autumn,No Holiday
1097,14,27.2,49,0,0,Autumn,No Holiday
1200,15,27.8,49,0,0,Autumn,No Holiday
1436,16,28.2,48,0,0,Autumn,No Holiday
2021,17,27.9,51,0,0,Autumn,No Holiday
3146,18,26.7,56,0,0,Autumn,No Holiday
2365,19,25.4,61,0,0,Autumn,No Holiday
2003,20,24.6,62,0,0,Autumn,No Holiday
2000,21,23.8,67,0,0,Autumn,No Holiday
1713,22,22.8,70,0,0,Autumn,No Holiday
1303,23,22.4,73,0,0,Autumn,No Holiday
971,0,22.1,74,0,0,Autumn,No Holiday
775,1,21.6,75,0,0,Autumn,No Holiday
482,2,21.3,75,0,0,Autumn,No Holiday
349,3,21,76,0,0,Autumn,No Holiday
223,4,20.7,76,0,0,Autumn,No Holiday
249,5,20.7,77,0,0,Autumn,No Holiday
644,6,20.4,78,0,0,Autumn,No Holiday
1456,7,20.5,76,0,0,Autumn,No Holiday
2253,8,21.4,70,0,0,Autumn,No Holiday
1201,9,22.3,69,0,0,Autumn,No Holiday
936,10,23.3,65,0,0,Autumn,No Holiday
982,11,24,64,0,0,Autumn,No Holiday
1088,12,25.3,56,0,0,Autumn,No Holiday
1155,13,26.4,57,0,0,Autumn,No Holiday
1199,14,26.3,58,0,0,Autumn,No Holiday
1347,15,26.6,55,0,0,Autumn,No Holiday
1503,16,26.3,57,0,0,Autumn,No Holiday
2059,17,25.9,56,0,0,Autumn,No Holiday
2826,18,25.7,57,0,0,Autumn,No Holiday
1996,19,25.3,60,0,0,Autumn,No Holiday
1869,20,25,61,0,0,Autumn,No Holiday
1259,21,24.7,61,0,0,Autumn,No Holiday
567,22,24,73,0,0,Autumn,No Holiday
810,23,22.3,87,0.5,0,Autumn,No Holiday
906,0,21.8,83,0,0,Autumn,No Holiday
881,1,21.8,79,0,0,Autumn,No Holiday
580,2,21.7,78,0,0,Autumn,No Holiday
302,3,21.6,80,0,0,Autumn,No Holiday
234,4,21.2,83,0.1,0,Autumn,No Holiday
169,5,21.1,82,0,0,Autumn,No Holiday
272,6,21,84,0.1,0,Autumn,No Holiday
453,7,21.2,84,0,0,Autumn,No Holiday
829,8,21.7,78,0,0,Autumn,No Holiday
934,9,22.7,72,0,0,Autumn,No Holiday
1017,10,24.4,65,0,0,Autumn,No Holiday
1212,11,25.2,64,0,0,Autumn,No Holiday
1284,12,25.4,63,0,0,Autumn,No Holiday
1465,13,25.8,65,0,0,Autumn,No Holiday
1474,14,25.7,67,0,0,Autumn,No Holiday
1077,15,25.2,71,0,0,Autumn,No Holiday
1273,16,24.4,74,0,0,Autumn,No Holiday
1474,17,24.4,75,0,0,Autumn,No Holiday
1566,18,24.2,76,0,0,Autumn,No Holiday
1578,19,23.8,78,0,0,Autumn,No Holiday
1613,20,23.5,80,0,0,Autumn,No Holiday
1710,21,23.3,80,0,0,Autumn,No Holiday
1566,22,23.1,79,0,0,Autumn,No Holiday
1210,23,22.9,81,0,0,Autumn,No Holiday
1014,0,22.8,82,0,0,Autumn,No Holiday
764,1,22.8,84,0,0,Autumn,No Holiday
432,2,22.8,85,0,0,Autumn,No Holiday
258,3,22.6,89,0.2,0,Autumn,No Holiday
188,4,22.5,89,0.3,0,Autumn,No Holiday
123,5,22.2,90,0,0,Autumn,No Holiday
137,6,22,90,0,0,Autumn,No Holiday
258,7,21.9,95,0,0,Autumn,No Holiday
464,8,21.9,88,0,0,Autumn,No Holiday
725,9,22.3,84,0,0,Autumn,No Holiday
813,10,22.9,74,0,0,Autumn,No Holiday
1014,11,23.4,61,0,0,Autumn,No Holiday
989,12,23.7,64,0,0,Autumn,No Holiday
754,13,23.6,66,0,0,Autumn,No Holiday
409,14,23.4,72,0,0,Autumn,No Holiday
222,15,23.2,83,0.5,0,Autumn,No Holiday
142,16,22.5,86,0,0,Autumn,No Holiday
322,17,22,89,1,0,Autumn,No Holiday
520,18,21.5,89,0,0,Autumn,No Holiday
852,19,21.2,87,0,0,Autumn,No Holiday
1073,20,21.1,88,0,0,Autumn,No Holiday
1146,21,21.2,88,0,0,Autumn,No Holiday
988,22,21.4,87,0,0,Autumn,No Holiday
571,23,21.3,80,0,0,Autumn,No Holiday
531,0,21,82,0,0,Autumn,No Holiday
337,1,20.5,73,0,0,Autumn,No Holiday
227,2,20.3,81,0.1,0,Autumn,No Holiday
186,3,20.2,82,0,0,Autumn,No Holiday
160,4,20,81,0,0,Autumn,No Holiday
246,5,19.4,84,0,0,Autumn,No Holiday
625,6,18.8,88,0,0,Autumn,No Holiday
1487,7,18.5,88,0,0,Autumn,No Holiday
2276,8,18.9,77,0,0,Autumn,No Holiday
1185,9,20.5,66,0,0,Autumn,No Holiday
868,10,21.7,60,0,0,Autumn,No Holiday
954,11,23.8,54,0,0,Autumn,No Holiday
1083,12,25.2,50,0,0,Autumn,No Holiday
1069,13,25.6,50,0,0,Autumn,No Holiday
1092,14,26.7,40,0,0,Autumn,No Holiday
1207,15,27.4,33,0,0,Autumn,No Holiday
1445,16,27.6,37,0,0,Autumn,No Holiday
2056,17,27.3,43,0,0,Autumn,No Holiday
3277,18,25.3,56,0,0,Autumn,No Holiday
2489,19,23,63,0,0,Autumn,No Holiday
2232,20,21.9,65,0,0,Autumn,No Holiday
2100,21,21.3,66,0,0,Autumn,No Holiday
1865,22,20.8,65,0,0,Autumn,No Holiday
1293,23,20.2,68,0,0,Autumn,No Holiday
886,0,20.1,58,0,0,Autumn,No Holiday
761,1,20,59,0,0,Autumn,No Holiday
524,2,19.9,64,0,0,Autumn,No Holiday
294,3,19.6,72,0,0,Autumn,No Holiday
241,4,19.6,74,0,0,Autumn,No Holiday
137,5,19.5,74,0,0,Autumn,No Holiday
47,6,18.8,85,0.5,0,Autumn,No Holiday
130,7,18,95,1.5,0,Autumn,No Holiday
299,8,18,91,0.5,0,Autumn,No Holiday
89,9,18.2,93,1,0,Autumn,No Holiday
87,10,18.4,91,0.5,0,Autumn,No Holiday
111,11,18.8,95,0,0,Autumn,No Holiday
180,12,19,91,0.5,0,Autumn,No Holiday
301,13,18.9,89,0,0,Autumn,No Holiday
573,14,19.3,83,0.5,0,Autumn,No Holiday
696,15,19.4,79,0,0,Autumn,No Holiday
912,16,19.5,75,0,0,Autumn,No Holiday
1290,17,19.3,76,0,0,Autumn,No Holiday
1786,18,19.1,77,0,0,Autumn,No Holiday
1272,19,18.9,78,0,0,Autumn,No Holiday
898,20,19.1,77,0,0,Autumn,No Holiday
784,21,18.7,84,0,0,Autumn,No Holiday
1049,22,18.4,85,0,0,Autumn,No Holiday
935,23,18.7,80,0,0,Autumn,No Holiday
809,0,18.9,78,0,0,Autumn,No Holiday
674,1,19,78,0,0,Autumn,No Holiday
122,2,19.1,78,0,0,Autumn,No Holiday
28,3,18.5,88,1.5,0,Autumn,No Holiday
24,4,17.9,95,2.5,0,Autumn,No Holiday
24,5,17.8,93,0.5,0,Autumn,No Holiday
23,6,17.6,95,1.5,0,Autumn,No Holiday
45,7,17.6,96,5,0,Autumn,No Holiday
127,8,17.8,97,4,0,Autumn,No Holiday
47,9,18.2,96,1,0,Autumn,No Holiday
78,10,18.4,96,1,0,Autumn,No Holiday
98,11,18.9,91,0.5,0,Autumn,No Holiday
143,12,19.1,91,0,0,Autumn,No Holiday
600,13,19.8,88,0,0,Autumn,No Holiday
972,14,21.4,76,0.5,0,Autumn,No Holiday
1288,15,21.8,76,0,0,Autumn,No Holiday
1550,16,21.5,78,0,0,Autumn,No Holiday
1904,17,21.2,77,0,0,Autumn,No Holiday
2235,18,20.9,77,0,0,Autumn,No Holiday
1720,19,20.3,81,0,0,Autumn,No Holiday
1551,20,20,82,0,0,Autumn,No Holiday
1540,21,19.9,82,0,0,Autumn,No Holiday
1493,22,19.7,82,0,0,Autumn,No Holiday
1171,23,19.5,82,0,0,Autumn,No Holiday
953,0,19.5,81,0,0,Autumn,No Holiday
875,1,19.5,83,0,0,Autumn,No Holiday
655,2,19.4,85,0,0,Autumn,No Holiday
458,3,18.8,90,0,0,Autumn,No Holiday
96,4,18.9,88,0,0,Autumn,No Holiday
93,5,18.8,96,6.5,0,Autumn,No Holiday
215,6,18.4,95,0,0,Autumn,No Holiday
363,7,18.1,96,0,0,Autumn,No Holiday
654,8,18.2,86,0,0,Autumn,No Holiday
810,9,19.7,78,0,0,Autumn,No Holiday
925,10,21.8,67,0,0,Autumn,No Holiday
1062,11,22.7,55,0,0,Autumn,No Holiday
1273,12,24.2,43,0,0,Autumn,No Holiday
1409,13,24.9,32,0,0,Autumn,No Holiday
1532,14,25.2,28,0,0,Autumn,No Holiday
1814,15,25.4,32,0,0,Autumn,No Holiday
1840,16,25.3,38,0,0,Autumn,No Holiday
2045,17,24.6,35,0,0,Autumn,No Holiday
1939,18,23.2,36,0,0,Autumn,No Holiday
1743,19,21.3,43,0,0,Autumn,No Holiday
1604,20,20.4,52,0,0,Autumn,No Holiday
1502,21,19.4,55,0,0,Autumn,No Holiday
1430,22,18.6,62,0,0,Autumn,No Holiday
1108,23,17.9,66,0,0,Autumn,No Holiday
880,0,17.2,69,0,0,Autumn,Holiday
644,1,16.4,66,0,0,Autumn,Holiday
489,2,16,72,0,0,Autumn,Holiday
334,3,15.8,70,0,0,Autumn,Holiday
202,4,16.2,69,0,0,Autumn,Holiday
106,5,16.3,67,0,0,Autumn,Holiday
144,6,16.5,73,0,0,Autumn,Holiday
261,7,16.5,74,0,0,Autumn,Holiday
439,8,17,69,0,0,Autumn,Holiday
534,9,18.4,59,0,0,Autumn,Holiday
620,10,19.3,59,0,0,Autumn,Holiday
764,11,20.1,57,0,0,Autumn,Holiday
915,12,20.8,52,0,0,Autumn,Holiday
1031,13,22.7,44,0,0,Autumn,Holiday
1136,14,24.2,40,0,0,Autumn,Holiday
1366,15,25,28,0,0,Autumn,Holiday
1502,16,24.6,29,0,0,Autumn,Holiday
1591,17,24.1,41,0,0,Autumn,Holiday
1492,18,22.3,53,0,0,Autumn,Holiday
1333,19,21,54,0,0,Autumn,Holiday
1287,20,20.2,48,0,0,Autumn,Holiday
1148,21,19.1,38,0,0,Autumn,Holiday
1074,22,18.5,40,0,0,Autumn,Holiday
768,23,17.7,45,0,0,Autumn,Holiday
620,0,17.2,50,0,0,Autumn,Holiday
426,1,16.8,53,0,0,Autumn,Holiday
302,2,16.1,57,0,0,Autumn,Holiday
216,3,15.5,63,0,0,Autumn,Holiday
141,4,14.9,68,0,0,Autumn,Holiday
105,5,14.4,66,0,0,Autumn,Holiday
141,6,14.3,66,0,0,Autumn,Holiday
205,7,14.7,61,0,0,Autumn,Holiday
296,8,15.4,52,0,0,Autumn,Holiday
310,9,17,43,0,0,Autumn,Holiday
426,10,18.5,38,0,0,Autumn,Holiday
588,11,19.4,31,0,0,Autumn,Holiday
754,12,20.3,34,0,0,Autumn,Holiday
885,13,20.9,30,0,0,Autumn,Holiday
1099,14,21.3,30,0,0,Autumn,Holiday
1273,15,21.8,32,0,0,Autumn,Holiday
1433,16,22,31,0,0,Autumn,Holiday
1442,17,21.6,32,0,0,Autumn,Holiday
1237,18,20.3,35,0,0,Autumn,Holiday
1280,19,18.6,54,0,0,Autumn,Holiday
1227,20,17.6,57,0,0,Autumn,Holiday
1145,21,16.8,58,0,0,Autumn,Holiday
958,22,16.6,47,0,0,Autumn,Holiday
750,23,15.7,51,0,0,Autumn,Holiday
558,0,14.7,55,0,0,Autumn,Holiday
408,1,13.8,60,0,0,Autumn,Holiday
292,2,13.4,62,0,0,Autumn,Holiday
222,3,12.7,67,0,0,Autumn,Holiday
157,4,12,69,0,0,Autumn,Holiday
105,5,11.5,70,0,0,Autumn,Holiday
132,6,11.2,70,0,0,Autumn,Holiday
262,7,10.8,72,0,0,Autumn,Holiday
440,8,12,61,0,0,Autumn,Holiday
542,9,15.3,49,0,0,Autumn,Holiday
667,10,18,44,0,0,Autumn,Holiday
853,11,20.1,40,0,0,Autumn,Holiday
1045,12,21.7,36,0,0,Autumn,Holiday
1309,13,22.9,30,0,0,Autumn,Holiday
1522,14,23.7,28,0,0,Autumn,Holiday
1747,15,24.1,26,0,0,Autumn,Holiday
1955,16,24.2,28,0,0,Autumn,Holiday
2033,17,22.9,33,0,0,Autumn,Holiday
1885,18,21.6,37,0,0,Autumn,Holiday
1608,19,20.3,39,0,0,Autumn,Holiday
1583,20,19.3,45,0,0,Autumn,Holiday
1565,21,18.5,48,0,0,Autumn,Holiday
1418,22,17.7,52,0,0,Autumn,Holiday
1042,23,17.4,49,0,0,Autumn,Holiday
880,0,17,51,0,0,Autumn,No Holiday
594,1,16.6,53,0,0,Autumn,No Holiday
453,2,16.6,54,0,0,Autumn,No Holiday
355,3,16.5,57,0,0,Autumn,No Holiday
222,4,16.4,59,0,0,Autumn,No Holiday
150,5,16.3,61,0,0,Autumn,No Holiday
230,6,16.3,62,0,0,Autumn,No Holiday
335,7,16.3,62,0,0,Autumn,No Holiday
598,8,16.7,60,0,0,Autumn,No Holiday
680,9,17.7,54,0,0,Autumn,No Holiday
923,10,19.4,47,0,0,Autumn,No Holiday
1152,11,20.5,42,0,0,Autumn,No Holiday
1358,12,22.5,37,0,0,Autumn,No Holiday
1686,13,23.4,34,0,0,Autumn,No Holiday
1972,14,24.1,33,0,0,Autumn,No Holiday
2170,15,24.7,35,0,0,Autumn,No Holiday
2270,16,24.4,35,0,0,Autumn,No Holiday
2349,17,23.6,38,0,0,Autumn,No Holiday
2339,18,22.1,45,0,0,Autumn,No Holiday
1937,19,20.7,46,0,0,Autumn,No Holiday
1653,20,20,46,0,0,Autumn,No Holiday
1529,21,18.9,43,0,0,Autumn,No Holiday
1249,22,18.1,43,0,0,Autumn,No Holiday
934,23,17.4,46,0,0,Autumn,No Holiday
770,0,16.7,50,0,0,Autumn,No Holiday
488,1,16.1,53,0,0,Autumn,No Holiday
326,2,15.7,53,0,0,Autumn,No Holiday
178,3,14.9,57,0,0,Autumn,No Holiday
151,4,14.4,58,0,0,Autumn,No Holiday
207,5,13.9,60,0,0,Autumn,No Holiday
589,6,13.4,61,0,0,Autumn,No Holiday
1364,7,13.2,60,0,0,Autumn,No Holiday
2129,8,14.8,51,0,0,Autumn,No Holiday
1120,9,17.7,48,0,0,Autumn,No Holiday
907,10,19.9,47,0,0,Autumn,No Holiday
1019,11,21.3,43,0,0,Autumn,No Holiday
1189,12,23.2,42,0,0,Autumn,No Holiday
1191,13,23,39,0,0,Autumn,No Holiday
1305,14,24.6,34,0,0,Autumn,No Holiday
1404,15,23.4,35,0,0,Autumn,No Holiday
1636,16,23.6,31,0,0,Autumn,No Holiday
2189,17,24.3,31,0,0,Autumn,No Holiday
3154,18,22.5,38,0,0,Autumn,No Holiday
2422,19,20.6,44,0,0,Autumn,No Holiday
2098,20,19.5,47,0,0,Autumn,No Holiday
1930,21,18.7,48,0,0,Autumn,No Holiday
1801,22,17.9,50,0,0,Autumn,No Holiday
1222,23,17.7,51,0,0,Autumn,No Holiday
1037,0,16.6,69,0,0,Autumn,No Holiday
982,1,16.2,71,0,0,Autumn,No Holiday
690,2,15.8,71,0,0,Autumn,No Holiday
493,3,15.5,73,0,0,Autumn,No Holiday
301,4,15.4,74,0,0,Autumn,No Holiday
208,5,15,77,0,0,Autumn,No Holiday
290,6,14.6,81,0,0,Autumn,No Holiday
513,7,14.7,76,0,0,Autumn,No Holiday
848,8,15.7,65,0,0,Autumn,No Holiday
1076,9,18.3,58,0,0,Autumn,No Holiday
1071,10,20.8,52,0,0,Autumn,No Holiday
1284,11,22.3,50,0,0,Autumn,No Holiday
1495,12,23.8,44,0,0,Autumn,No Holiday
1752,13,24.9,40,0,0,Autumn,No Holiday
1892,14,26.2,33,0,0,Autumn,No Holiday
2065,15,26.5,33,0,0,Autumn,No Holiday
2254,16,26.6,34,0,0,Autumn,No Holiday
2432,17,26.3,31,0,0,Autumn,No Holiday
2397,18,24.8,41,0,0,Autumn,No Holiday
2021,19,22.5,43,0,0,Autumn,No Holiday
1835,20,21.3,46,0,0,Autumn,No Holiday
1781,21,20.1,54,0,0,Autumn,No Holiday
1501,22,19.3,55,0,0,Autumn,No Holiday
1229,23,18.6,59,0,0,Autumn,No Holiday
680,0,14.1,55,0,0,Autumn,No Holiday
402,1,13.9,57,0,0,Autumn,No Holiday
262,2,13.9,56,0,0,Autumn,No Holiday
179,3,13.6,56,0,0,Autumn,No Holiday
143,4,13.7,56,0,0,Autumn,No Holiday
246,5,13.7,57,0,0,Autumn,No Holiday
632,6,13.3,56,0,0,Autumn,No Holiday
1429,7,13.1,58,0,0,Autumn,No Holiday
2101,8,13.7,54,0,0,Autumn,No Holiday
1106,9,14.9,50,0,0,Autumn,No Holiday
856,10,16.3,47,0,0,Autumn,No Holiday
959,11,17,45,0,0,Autumn,No Holiday
1138,12,18.4,40,0,0,Autumn,No Holiday
1087,13,17.6,49,0,0,Autumn,No Holiday
1137,14,19.3,36,0,0,Autumn,No Holiday
1258,15,19,40,0,0,Autumn,No Holiday
1357,16,17.7,47,0,0,Autumn,No Holiday
1799,17,17.2,53,0,0,Autumn,No Holiday
2857,18,16.6,61,0,0,Autumn,No Holiday
2122,19,16.2,62,0,0,Autumn,No Holiday
1824,20,15.4,63,0,0,Autumn,No Holiday
1777,21,14.6,66,0,0,Autumn,No Holiday
1501,22,13.9,69,0,0,Autumn,No Holiday
1057,23,13.4,69,0,0,Autumn,No Holiday
1040,0,14.5,74,0,0,Autumn,Holiday
882,1,13.8,75,0,0,Autumn,Holiday
685,2,13.2,77,0,0,Autumn,Holiday
497,3,12.6,78,0,0,Autumn,Holiday
284,4,12.1,80,0,0,Autumn,Holiday
173,5,11.8,82,0,0,Autumn,Holiday
278,6,11.4,84,0,0,Autumn,Holiday
440,7,11.2,85,0,0,Autumn,Holiday
762,8,11.8,73,0,0,Autumn,Holiday
966,9,14.4,61,0,0,Autumn,Holiday
1113,10,17.3,53,0,0,Autumn,Holiday
1248,11,20.3,46,0,0,Autumn,Holiday
1634,12,21.4,40,0,0,Autumn,Holiday
1849,13,22.5,40,0,0,Autumn,Holiday
1995,14,23.4,35,0,0,Autumn,Holiday
2200,15,24.1,34,0,0,Autumn,Holiday
2112,16,24,34,0,0,Autumn,Holiday
2400,17,23.3,36,0,0,Autumn,Holiday
2235,18,21.5,43,0,0,Autumn,Holiday
1792,19,20,49,0,0,Autumn,Holiday
1744,20,18.6,55,0,0,Autumn,Holiday
1594,21,17.6,59,0,0,Autumn,Holiday
1393,22,16.9,63,0,0,Autumn,Holiday
1033,23,16.1,63,0,0,Autumn,Holiday
973,0,19,64,0,0,Autumn,No Holiday
735,1,18.6,66,0,0,Autumn,No Holiday
515,2,18.2,64,0,0,Autumn,No Holiday
329,3,18,61,0,0,Autumn,No Holiday
221,4,17.7,57,0,0,Autumn,No Holiday
223,5,17.6,57,0,0,Autumn,No Holiday
531,6,17.7,55,0,0,Autumn,No Holiday
282,7,17.7,56,0,0,Autumn,No Holiday
208,8,16.9,72,0.3,0,Autumn,No Holiday
47,9,16.3,85,1.2,0,Autumn,No Holiday
33,10,15.8,89,1.5,0,Autumn,No Holiday
29,11,16.1,89,1.5,0,Autumn,No Holiday
23,12,16.6,90,2,0,Autumn,No Holiday
22,13,16.9,95,4,0,Autumn,No Holiday
17,14,17.2,95,2.5,0,Autumn,No Holiday
8,15,17.2,96,4,0,Autumn,No Holiday
28,16,17.1,97,6,0,Autumn,No Holiday
66,17,16.9,97,5.5,0,Autumn,No Holiday
74,18,16.7,96,1,0,Autumn,No Holiday
55,19,16.6,96,1.5,0,Autumn,No Holiday
44,20,16.5,96,1,0,Autumn,No Holiday
32,21,16.5,96,1.5,0,Autumn,No Holiday
23,22,16.2,92,1.5,0,Autumn,No Holiday
4,23,16.3,91,0.5,0,Autumn,No Holiday
5,7,16.5,97,9.5,0,Autumn,No Holiday
6,8,16.6,97,9,0,Autumn,No Holiday
5,9,16.7,97,6,0,Autumn,No Holiday
2,10,17,97,6,0,Autumn,No Holiday
20,11,17.5,95,3.5,0,Autumn,No Holiday
130,12,18,92,1,0,Autumn,No Holiday
529,13,17.7,89,0.5,0,Autumn,No Holiday
941,14,19.3,79,0,0,Autumn,No Holiday
1236,15,21,67,0,0,Autumn,No Holiday
1601,16,21.5,62,0,0,Autumn,No Holiday
1870,17,21.1,64,0,0,Autumn,No Holiday
2012,18,20.5,66,0,0,Autumn,No Holiday
1761,19,19.7,72,0,0,Autumn,No Holiday
1567,20,19.4,67,0,0,Autumn,No Holiday
1731,21,18.5,78,0,0,Autumn,No Holiday
1459,22,17.7,78,0,0,Autumn,No Holiday
1162,23,16.9,84,0,0,Autumn,No Holiday
1049,0,16.3,86,0,0,Autumn,No Holiday
768,1,16,88,0,0,Autumn,No Holiday
538,2,15.7,88,0,0,Autumn,No Holiday
372,3,15.5,88,0,0,Autumn,No Holiday
255,4,15.1,90,0,0,Autumn,No Holiday
146,5,15.1,89,0,0,Autumn,No Holiday
189,6,14.8,89,0,0,Autumn,No Holiday
345,7,14.3,89,0,0,Autumn,No Holiday
589,8,14.6,71,0,0,Autumn,No Holiday
753,9,16.2,60,0,0,Autumn,No Holiday
932,10,18.1,56,0,0,Autumn,No Holiday
1188,11,19.1,56,0,0,Autumn,No Holiday
1516,12,19.8,46,0,0,Autumn,No Holiday
1714,13,20.1,41,0,0,Autumn,No Holiday
1987,14,20.2,42,0,0,Autumn,No Holiday
2167,15,20.4,36,0,0,Autumn,No Holiday
2270,16,20.7,34,0,0,Autumn,No Holiday
2255,17,19.4,32,0,0,Autumn,No Holiday
2069,18,17.9,29,0,0,Autumn,No Holiday
1608,19,16.6,36,0,0,Autumn,No Holiday
1519,20,15.5,37,0,0,Autumn,No Holiday
1385,21,14.4,36,0,0,Autumn,No Holiday
1160,22,13.6,38,0,0,Autumn,No Holiday
840,23,12.9,38,0,0,Autumn,No Holiday
711,0,12.3,44,0,0,Autumn,No Holiday
390,1,11.7,52,0,0,Autumn,No Holiday
265,2,11.1,56,0,0,Autumn,No Holiday
192,3,10.8,59,0,0,Autumn,No Holiday
123,4,10.4,61,0,0,Autumn,No Holiday
215,5,9.8,63,0,0,Autumn,No Holiday
503,6,9.5,68,0,0,Autumn,No Holiday
1206,7,9.2,72,0,0,Autumn,No Holiday
2005,8,9.9,66,0,0,Autumn,No Holiday
1166,9,12.2,51,0,0,Autumn,No Holiday
943,10,15,44,0,0,Autumn,No Holiday
1117,11,17.9,39,0,0,Autumn,No Holiday
1238,12,19.2,31,0,0,Autumn,No Holiday
1303,13,20.2,28,0,0,Autumn,No Holiday
1358,14,20.2,24,0,0,Autumn,No Holiday
1502,15,20.6,26,0,0,Autumn,No Holiday
1603,16,20.3,25,0,0,Autumn,No Holiday
2127,17,20,28,0,0,Autumn,No Holiday
2787,18,18.1,39,0,0,Autumn,No Holiday
2150,19,16.4,42,0,0,Autumn,No Holiday
1838,20,15.5,45,0,0,Autumn,No Holiday
1788,21,15.1,48,0,0,Autumn,No Holiday
1636,22,14.4,49,0,0,Autumn,No Holiday
1196,23,13.5,55,0,0,Autumn,No Holiday
643,0,16.6,53,0,0,Autumn,No Holiday
144,1,16.6,57,0,0,Autumn,No Holiday
55,2,14.4,91,4.5,0,Autumn,No Holiday
90,3,14.3,95,2.5,0,Autumn,No Holiday
82,4,14.3,92,0,0,Autumn,No Holiday
152,5,13.6,89,0,0,Autumn,No Holiday
441,6,12.6,86,0,0,Autumn,No Holiday
1220,7,12.3,84,0,0,Autumn,No Holiday
2082,8,11.8,80,0,0,Autumn,No Holiday
1097,9,12,72,0,0,Autumn,No Holiday
792,10,12,61,0,0,Autumn,No Holiday
914,11,12.7,50,0,0,Autumn,No Holiday
1006,12,13.7,43,0,0,Autumn,No Holiday
1015,13,14.3,43,0,0,Autumn,No Holiday
1041,14,14,43,0,0,Autumn,No Holiday
1171,15,13.7,44,0,0,Autumn,No Holiday
1363,16,13.8,43,0,0,Autumn,No Holiday
1775,17,13.1,45,0,0,Autumn,No Holiday
2514,18,12.2,45,0,0,Autumn,No Holiday
1723,19,11.3,50,0,0,Autumn,No Holiday
1489,20,10.6,48,0,0,Autumn,No Holiday
1445,21,9.9,50,0,0,Autumn,No Holiday
1255,22,9.2,55,0,0,Autumn,No Holiday
901,23,8.5,52,0,0,Autumn,No Holiday
707,0,7.9,53,0,0,Autumn,No Holiday
541,1,7.3,59,0,0,Autumn,No Holiday
341,2,7.1,64,0,0,Autumn,No Holiday
218,3,6.7,71,0,0,Autumn,No Holiday
145,4,6.6,69,0,0,Autumn,No Holiday
197,5,6.6,73,0,0,Autumn,No Holiday
518,6,6.6,65,0,0,Autumn,No Holiday
1233,7,6.3,65,0,0,Autumn,No Holiday
2000,8,7,56,0,0,Autumn,No Holiday
1070,9,8.4,49,0,0,Autumn,No Holiday
792,10,10.2,44,0,0,Autumn,No Holiday
926,11,11.7,36,0,0,Autumn,No Holiday
967,12,13.2,31,0,0,Autumn,No Holiday
1000,13,13.5,32,0,0,Autumn,No Holiday
991,14,13.4,32,0,0,Autumn,No Holiday
1054,15,13,39,0,0,Autumn,No Holiday
1284,16,13.8,36,0,0,Autumn,No Holiday
1685,17,13.2,36,0,0,Autumn,No Holiday
2378,18,12.1,40,0,0,Autumn,No Holiday
1614,19,11.1,43,0,0,Autumn,No Holiday
1389,20,10.2,46,0,0,Autumn,No Holiday
1398,21,9.3,52,0,0,Autumn,No Holiday
1221,22,8.8,55,0,0,Autumn,No Holiday
857,23,8.4,60,0,0,Autumn,No Holiday
706,0,8.2,61,0,0,Autumn,No Holiday
531,1,7.6,63,0,0,Autumn,No Holiday
409,2,7.1,61,0,0,Autumn,No Holiday
225,3,6.5,69,0,0,Autumn,No Holiday
168,4,6.2,71,0,0,Autumn,No Holiday
183,5,6,72,0,0,Autumn,No Holiday
412,6,5.8,67,0,0,Autumn,No Holiday
1142,7,5.3,73,0,0,Autumn,No Holiday
1996,8,6,64,0,0,Autumn,No Holiday
1106,9,8.6,50,0,0,Autumn,No Holiday
877,10,11.6,40,0,0,Autumn,No Holiday
959,11,13,38,0,0,Autumn,No Holiday
1073,12,14.7,38,0,0,Autumn,No Holiday
1110,13,15.8,36,0,0,Autumn,No Holiday
1187,14,16.5,32,0,0,Autumn,No Holiday
1322,15,17.1,33,0,0,Autumn,No Holiday
1488,16,16.9,34,0,0,Autumn,No Holiday
1902,17,16.3,39,0,0,Autumn,No Holiday
2618,18,14.3,46,0,0,Autumn,No Holiday
1804,19,12.9,50,0,0,Autumn,No Holiday
1440,20,11.8,53,0,0,Autumn,No Holiday
1292,21,11,60,0,0,Autumn,No Holiday
1347,22,10.5,62,0,0,Autumn,No Holiday
940,23,9.8,66,0,0,Autumn,No Holiday
835,0,9.1,69,0,0,Autumn,No Holiday
739,1,8.5,70,0,0,Autumn,No Holiday
512,2,8,74,0,0,Autumn,No Holiday
374,3,7.6,78,0,0,Autumn,No Holiday
226,4,7.1,79,0,0,Autumn,No Holiday
148,5,6.7,81,0,0,Autumn,No Holiday
209,6,6.6,80,0,0,Autumn,No Holiday
412,7,6.2,83,0,0,Autumn,No Holiday
728,8,7.4,70,0,0,Autumn,No Holiday
853,9,10,56,0,0,Autumn,No Holiday
1037,10,12.6,50,0,0,Autumn,No Holiday
1179,11,15.2,44,0,0,Autumn,No Holiday
1402,12,16.6,36,0,0,Autumn,No Holiday
1652,13,18.3,33,0,0,Autumn,No Holiday
1712,14,19.3,27,0,0,Autumn,No Holiday
1846,15,19.8,29,0,0,Autumn,No Holiday
1916,16,19.4,29,0,0,Autumn,No Holiday
1995,17,18.7,33,0,0,Autumn,No Holiday
1695,18,16.5,38,0,0,Autumn,No Holiday
1381,19,14.8,47,0,0,Autumn,No Holiday
1261,20,13.8,52,0,0,Autumn,No Holiday
1312,21,12.6,56,0,0,Autumn,No Holiday
1147,22,11.7,60,0,0,Autumn,No Holiday
971,23,11,62,0,0,Autumn,No Holiday
811,0,10.4,59,0,0,Autumn,No Holiday
584,1,9.5,65,0,0,Autumn,No Holiday
429,2,9.1,68,0,0,Autumn,No Holiday
308,3,8.4,73,0,0,Autumn,No Holiday
185,4,7.9,76,0,0,Autumn,No Holiday
110,5,7.6,79,0,0,Autumn,No Holiday
150,6,7.2,80,0,0,Autumn,No Holiday
304,7,6.9,81,0,0,Autumn,No Holiday
556,8,7.5,72,0,0,Autumn,No Holiday
775,9,10.1,60,0,0,Autumn,No Holiday
847,10,13.3,47,0,0,Autumn,No Holiday
1056,11,16.2,41,0,0,Autumn,No Holiday
1394,12,17.2,33,0,0,Autumn,No Holiday
1593,13,18.1,32,0,0,Autumn,No Holiday
1767,14,18.9,31,0,0,Autumn,No Holiday
1948,15,20.1,32,0,0,Autumn,No Holiday
2097,16,19.1,31,0,0,Autumn,No Holiday
1990,17,18.2,43,0,0,Autumn,No Holiday
1662,18,16.2,58,0,0,Autumn,No Holiday
1377,19,15.1,60,0,0,Autumn,No Holiday
1306,20,14.4,61,0,0,Autumn,No Holiday
1261,21,13.8,66,0,0,Autumn,No Holiday
1029,22,13.5,71,0,0,Autumn,No Holiday
810,23,13.2,73,0,0,Autumn,No Holiday
638,0,12.6,78,0,0,Autumn,No Holiday
393,1,12.2,80,0,0,Autumn,No Holiday
272,2,11.8,82,0,0,Autumn,No Holiday
171,3,11.3,85,0,0,Autumn,No Holiday
152,4,11,82,0,0,Autumn,No Holiday
209,5,11.1,79,0,0,Autumn,No Holiday
504,6,11.2,81,0,0,Autumn,No Holiday
1271,7,11.5,81,0,0,Autumn,No Holiday
2070,8,12,77,0,0,Autumn,No Holiday
1119,9,12.8,74,0,0,Autumn,No Holiday
837,10,14.1,66,0,0,Autumn,No Holiday
910,11,16.7,65,0,0,Autumn,No Holiday
1052,12,19,60,0,0,Autumn,No Holiday
1058,13,19.7,52,0,0,Autumn,No Holiday
1121,14,20,48,0,0,Autumn,No Holiday
1183,15,20.4,43,0,0,Autumn,No Holiday
1413,16,20.3,44,0,0,Autumn,No Holiday
1773,17,19.3,49,0,0,Autumn,No Holiday
2635,18,18,66,0,0,Autumn,No Holiday
1911,19,16.9,74,0,0,Autumn,No Holiday
1659,20,15.9,81,0,0,Autumn,No Holiday
1556,21,15.5,86,0,0,Autumn,No Holiday
1377,22,14.8,83,0,0,Autumn,No Holiday
914,23,14.1,74,0,0,Autumn,No Holiday
726,0,13.3,64,0,0,Autumn,No Holiday
568,1,12.4,65,0,0,Autumn,No Holiday
427,2,11.7,70,0,0,Autumn,No Holiday
253,3,11.5,61,0,0,Autumn,No Holiday
145,4,11,69,0,0,Autumn,No Holiday
202,5,10.2,70,0,0,Autumn,No Holiday
491,6,10.1,71,0,0,Autumn,No Holiday
1216,7,10.2,68,0,0,Autumn,No Holiday
2134,8,10.4,63,0,0,Autumn,No Holiday
1177,9,11.8,55,0,0,Autumn,No Holiday
854,10,14.4,45,0,0,Autumn,No Holiday
914,11,16.5,39,0,0,Autumn,No Holiday
1063,12,18.8,35,0,0,Autumn,No Holiday
1108,13,19.4,31,0,0,Autumn,No Holiday
1113,14,19.9,29,0,0,Autumn,No Holiday
1203,15,19.9,31,0,0,Autumn,No Holiday
1407,16,19.5,32,0,0,Autumn,No Holiday
1811,17,18.4,38,0,0,Autumn,No Holiday
2716,18,16.9,47,0,0,Autumn,No Holiday
1867,19,15.5,63,0,0,Autumn,No Holiday
1568,20,14.8,68,0,0,Autumn,No Holiday
1618,21,14.3,72,0,0,Autumn,No Holiday
1425,22,13.6,71,0,0,Autumn,No Holiday
950,23,12.9,78,0,0,Autumn,No Holiday
739,0,12.3,75,0,0,Autumn,No Holiday
600,1,11.5,74,0,0,Autumn,No Holiday
381,2,10.8,77,0,0,Autumn,No Holiday
239,3,10.2,80,0,0,Autumn,No Holiday
157,4,9.7,76,0,0,Autumn,No Holiday
210,5,9.2,77,0,0,Autumn,No Holiday
503,6,8.8,77,0,0,Autumn,No Holiday
1213,7,8.6,77,0,0,Autumn,No Holiday
2202,8,9.2,68,0,0,Autumn,No Holiday
1200,9,11.2,63,0,0,Autumn,No Holiday
842,10,14,58,0,0,Autumn,No Holiday
961,11,15.5,25,0,0,Autumn,No Holiday
1088,12,16.2,29,0,0,Autumn,No Holiday
1115,13,17.7,25,0,0,Autumn,No Holiday
1083,14,18.3,24,0,0,Autumn,No Holiday
1175,15,18.3,21,0,0,Autumn,No Holiday
1409,16,18,26,0,0,Autumn,No Holiday
1896,17,16.9,34,0,0,Autumn,No Holiday
2445,18,14.6,39,0,0,Autumn,No Holiday
1819,19,13.2,42,0,0,Autumn,No Holiday
1558,20,12.2,47,0,0,Autumn,No Holiday
1493,21,10.8,53,0,0,Autumn,No Holiday
1278,22,9.9,50,0,0,Autumn,No Holiday
896,23,9.7,56,0,0,Autumn,No Holiday
694,0,9.2,64,0,0,Autumn,No Holiday
579,1,9,66,0,0,Autumn,No Holiday
385,2,8.7,71,0,0,Autumn,No Holiday
244,3,8.6,74,0,0,Autumn,No Holiday
165,4,8.1,78,0,0,Autumn,No Holiday
185,5,7.8,81,0,0,Autumn,No Holiday
458,6,7.6,82,0,0,Autumn,No Holiday
1191,7,7.7,81,0,0,Autumn,No Holiday
2154,8,8.5,77,0,0,Autumn,No Holiday
1165,9,10.9,60,0,0,Autumn,No Holiday
864,10,13.7,57,0,0,Autumn,No Holiday
917,11,15,52,0,0,Autumn,No Holiday
1132,12,16.8,50,0,0,Autumn,No Holiday
1152,13,18.1,43,0,0,Autumn,No Holiday
1122,14,18.7,39,0,0,Autumn,No Holiday
1203,15,19,38,0,0,Autumn,No Holiday
1473,16,18.5,40,0,0,Autumn,No Holiday
1804,17,16.9,44,0,0,Autumn,No Holiday
2499,18,15.7,45,0,0,Autumn,No Holiday
1878,19,14.9,49,0,0,Autumn,No Holiday
1528,20,13.8,56,0,0,Autumn,No Holiday
1466,21,12.6,60,0,0,Autumn,No Holiday
1302,22,11.6,61,0,0,Autumn,No Holiday
944,23,10.9,64,0,0,Autumn,No Holiday
783,0,10.3,67,0,0,Autumn,No Holiday
653,1,9.8,68,0,0,Autumn,No Holiday
433,2,9.2,72,0,0,Autumn,No Holiday
262,3,8.5,74,0,0,Autumn,No Holiday
184,4,8.1,76,0,0,Autumn,No Holiday
162,5,7.7,73,0,0,Autumn,No Holiday
491,6,7.2,77,0,0,Autumn,No Holiday
1188,7,7.3,72,0,0,Autumn,No Holiday
2113,8,7.9,63,0,0,Autumn,No Holiday
1191,9,11.1,53,0,0,Autumn,No Holiday
850,10,13.8,44,0,0,Autumn,No Holiday
981,11,16.4,35,0,0,Autumn,No Holiday
1161,12,17.4,33,0,0,Autumn,No Holiday
1190,13,18.9,33,0,0,Autumn,No Holiday
1221,14,19.8,32,0,0,Autumn,No Holiday
1390,15,19.7,30,0,0,Autumn,No Holiday
1527,16,19.3,29,0,0,Autumn,No Holiday
1939,17,18.5,35,0,0,Autumn,No Holiday
2631,18,16.6,40,0,0,Autumn,No Holiday
1769,19,15.3,53,0,0,Autumn,No Holiday
1512,20,14.2,56,0,0,Autumn,No Holiday
1457,21,13.3,56,0,0,Autumn,No Holiday
1331,22,12.3,65,0,0,Autumn,No Holiday
1018,23,11.7,70,0,0,Autumn,No Holiday
891,0,11.3,71,0,0,Autumn,No Holiday
774,1,10.9,72,0,0,Autumn,No Holiday
522,2,10.1,78,0,0,Autumn,No Holiday
386,3,9.5,77,0,0,Autumn,No Holiday
246,4,8.9,75,0,0,Autumn,No Holiday
154,5,8.1,76,0,0,Autumn,No Holiday
219,6,7.5,79,0,0,Autumn,No Holiday
427,7,7,82,0,0,Autumn,No Holiday
784,8,7.8,70,0,0,Autumn,No Holiday
921,9,10.4,60,0,0,Autumn,No Holiday
997,10,13,49,0,0,Autumn,No Holiday
1175,11,16.2,39,0,0,Autumn,No Holiday
1407,12,17.7,33,0,0,Autumn,No Holiday
1585,13,19.4,26,0,0,Autumn,No Holiday
1649,14,20,22,0,0,Autumn,No Holiday
1760,15,21.3,24,0,0,Autumn,No Holiday
1813,16,20.9,20,0,0,Autumn,No Holiday
1949,17,19.2,23,0,0,Autumn,No Holiday
1707,18,16.6,41,0,0,Autumn,No Holiday
1407,19,14.6,48,0,0,Autumn,No Holiday
1270,20,13.7,51,0,0,Autumn,No Holiday
1249,21,13.3,55,0,0,Autumn,No Holiday
1141,22,12.7,58,0,0,Autumn,No Holiday
922,23,11.7,58,0,0,Autumn,No Holiday
848,0,11.2,62,0,0,Autumn,No Holiday
622,1,10.6,60,0,0,Autumn,No Holiday
428,2,9.8,63,0,0,Autumn,No Holiday
342,3,9.2,68,0,0,Autumn,No Holiday
206,4,8.8,71,0,0,Autumn,No Holiday
146,5,8.2,73,0,0,Autumn,No Holiday
172,6,7.6,75,0,0,Autumn,No Holiday
315,7,7.2,76,0,0,Autumn,No Holiday
534,8,7.9,67,0,0,Autumn,No Holiday
679,9,10.5,56,0,0,Autumn,No Holiday
936,10,13.4,46,0,0,Autumn,No Holiday
1055,11,16.8,38,0,0,Autumn,No Holiday
1417,12,18.4,28,0,0,Autumn,No Holiday
1519,13,19.3,24,0,0,Autumn,No Holiday
1642,14,20.1,23,0,0,Autumn,No Holiday
1891,15,20.9,23,0,0,Autumn,No Holiday
1976,16,20.2,24,0,0,Autumn,No Holiday
1883,17,18.8,24,0,0,Autumn,No Holiday
1618,18,16.2,41,0,0,Autumn,No Holiday
1464,19,14.9,46,0,0,Autumn,No Holiday
1306,20,13.8,52,0,0,Autumn,No Holiday
1158,21,13,49,0,0,Autumn,No Holiday
1025,22,12.2,57,0,0,Autumn,No Holiday
724,23,11.8,56,0,0,Autumn,No Holiday
623,0,11.4,56,0,0,Autumn,No Holiday
372,1,10.7,57,0,0,Autumn,No Holiday
253,2,10.5,57,0,0,Autumn,No Holiday
175,3,10.2,60,0,0,Autumn,No Holiday
110,4,10,62,0,0,Autumn,No Holiday
202,5,9.4,65,0,0,Autumn,No Holiday
513,6,9.2,65,0,0,Autumn,No Holiday
1244,7,8.9,67,0,0,Autumn,No Holiday
2111,8,9.7,58,0,0,Autumn,No Holiday
1104,9,11.9,50,0,0,Autumn,No Holiday
817,10,14.6,43,0,0,Autumn,No Holiday
941,11,16.7,37,0,0,Autumn,No Holiday
1034,12,18.2,34,0,0,Autumn,No Holiday
1064,13,19.4,35,0,0,Autumn,No Holiday
1122,14,20.6,30,0,0,Autumn,No Holiday
1167,15,20.2,31,0,0,Autumn,No Holiday
1464,16,19.7,34,0,0,Autumn,No Holiday
1904,17,18.9,35,0,0,Autumn,No Holiday
2613,18,17.3,43,0,0,Autumn,No Holiday
1860,19,15.6,44,0,0,Autumn,No Holiday
1593,20,14.5,51,0,0,Autumn,No Holiday
1513,21,13.4,56,0,0,Autumn,No Holiday
1360,22,12.7,60,0,0,Autumn,No Holiday
916,23,12,59,0,0,Autumn,No Holiday
726,0,11.6,61,0,0,Autumn,No Holiday
547,1,11.1,62,0,0,Autumn,No Holiday
356,2,10.6,68,0,0,Autumn,No Holiday
243,3,10.1,70,0,0,Autumn,No Holiday
170,4,10,73,0,0,Autumn,No Holiday
193,5,10,73,0,0,Autumn,No Holiday
456,6,9.9,75,0,0,Autumn,No Holiday
839,7,10.4,71,0,0,Autumn,No Holiday
1423,8,11,78,0,0,Autumn,No Holiday
1026,9,11.7,77,0,0,Autumn,No Holiday
735,10,13.8,65,0,0,Autumn,No Holiday
81,11,13,70,0,0,Autumn,No Holiday
363,12,11.5,90,5,0,Autumn,No Holiday
652,13,13.5,82,0,0,Autumn,No Holiday
837,14,15.1,71,0,0,Autumn,No Holiday
1010,15,16.6,68,0,0,Autumn,No Holiday
1294,16,16.1,70,0,0,Autumn,No Holiday
1604,17,15.7,63,0,0,Autumn,No Holiday
2415,18,14.5,71,0,0,Autumn,No Holiday
1685,19,14,70,0,0,Autumn,No Holiday
1433,20,13.6,70,0,0,Autumn,No Holiday
1380,21,12.6,70,0,0,Autumn,No Holiday
1257,22,12.3,73,0,0,Autumn,No Holiday
876,23,11.2,78,0,0,Autumn,No Holiday
708,0,10.8,80,0,0,Autumn,No Holiday
573,1,10.2,84,0,0,Autumn,No Holiday
371,2,9.5,87,0,0,Autumn,No Holiday
249,3,9.4,85,0,0,Autumn,No Holiday
162,4,9,87,0,0,Autumn,No Holiday
164,5,8.5,87,0,0,Autumn,No Holiday
453,6,8.1,88,0,0,Autumn,No Holiday
1165,7,7.8,90,0,0,Autumn,No Holiday
2108,8,8.1,85,0,0,Autumn,No Holiday
1151,9,10.1,72,0,0,Autumn,No Holiday
811,10,13,63,0,0,Autumn,No Holiday
940,11,15.7,53,0,0,Autumn,No Holiday
1126,12,16.8,48,0,0,Autumn,No Holiday
1106,13,17.2,43,0,0,Autumn,No Holiday
1150,14,17.6,39,0,0,Autumn,No Holiday
1161,15,18,40,0,0,Autumn,No Holiday
1492,16,18.2,42,0,0,Autumn,No Holiday
1904,17,17,47,0,0,Autumn,No Holiday
2612,18,15.1,53,0,0,Autumn,No Holiday
1827,19,13.9,61,0,0,Autumn,No Holiday
1556,20,13.1,63,0,0,Autumn,No Holiday
1464,21,12.1,67,0,0,Autumn,No Holiday
1281,22,11.6,71,0,0,Autumn,No Holiday
884,23,11,74,0,0,Autumn,No Holiday
729,0,10.5,75,0,0,Autumn,No Holiday
572,1,10,78,0,0,Autumn,No Holiday
421,2,9.1,79,0,0,Autumn,No Holiday
266,3,9.1,79,0,0,Autumn,No Holiday
161,4,8.5,83,0,0,Autumn,No Holiday
193,5,7.8,85,0,0,Autumn,No Holiday
450,6,7.5,86,0,0,Autumn,No Holiday
1251,7,7.3,85,0,0,Autumn,No Holiday
2070,8,7.9,76,0,0,Autumn,No Holiday
1168,9,10.3,64,0,0,Autumn,No Holiday
779,10,13.4,53,0,0,Autumn,No Holiday
956,11,16.4,43,0,0,Autumn,No Holiday
1188,12,18.2,37,0,0,Autumn,No Holiday
1154,13,19.4,32,0,0,Autumn,No Holiday
1192,14,20.6,31,0,0,Autumn,No Holiday
1275,15,20.6,32,0,0,Autumn,No Holiday
1528,16,20.4,32,0,0,Autumn,No Holiday
1961,17,19.2,36,0,0,Autumn,No Holiday
2632,18,17.3,39,0,0,Autumn,No Holiday
1968,19,16.4,47,0,0,Autumn,No Holiday
1596,20,15.3,50,0,0,Autumn,No Holiday
1513,21,14.5,50,0,0,Autumn,No Holiday
1316,22,13.6,56,0,0,Autumn,No Holiday
919,23,12.5,59,0,0,Autumn,No Holiday
753,0,12.5,57,0,0,Autumn,No Holiday
629,1,12.7,56,0,0,Autumn,No Holiday
434,2,12.8,59,0,0,Autumn,No Holiday
327,3,12.8,57,0,0,Autumn,No Holiday
185,4,12.6,60,0,0,Autumn,No Holiday
178,5,12.4,60,0,0,Autumn,No Holiday
376,6,12.6,64,0,0,Autumn,No Holiday
556,7,12.6,63,0,0,Autumn,No Holiday
556,8,12.1,81,0.5,0,Autumn,No Holiday
144,9,12,86,0.5,0,Autumn,No Holiday
191,10,12.9,84,0,0,Autumn,No Holiday
54,11,12.4,87,1,0,Autumn,No Holiday
29,12,12.4,90,1,0,Autumn,No Holiday
18,13,12.6,87,1.5,0,Autumn,No Holiday
147,14,12.7,95,5.5,0,Autumn,No Holiday
576,15,14,87,1,0,Autumn,No Holiday
900,16,14.5,81,0,0,Autumn,No Holiday
1386,17,14.3,77,0,0,Autumn,No Holiday
1882,18,13.1,74,0,0,Autumn,No Holiday
1228,19,12.9,66,0,0,Autumn,No Holiday
1003,20,12.2,67,0,0,Autumn,No Holiday
542,21,10.6,70,0,0,Autumn,No Holiday
680,22,10.5,72,0,0,Autumn,No Holiday
603,23,10.2,64,0,0,Autumn,No Holiday
640,0,9.9,65,0,0,Autumn,No Holiday
585,1,9.9,62,0,0,Autumn,No Holiday
478,2,9.5,58,0,0,Autumn,No Holiday
346,3,9.1,60,0,0,Autumn,No Holiday
233,4,8.8,61,0,0,Autumn,No Holiday
146,5,8,65,0,0,Autumn,No Holiday
197,6,7.4,66,0,0,Autumn,No Holiday
388,7,7.3,65,0,0,Autumn,No Holiday
713,8,7.7,62,0,0,Autumn,No Holiday
785,9,8.3,55,0,0,Autumn,No Holiday
898,10,9.5,46,0,0,Autumn,No Holiday
996,11,10.4,42,0,0,Autumn,No Holiday
1076,12,10.4,41,0,0,Autumn,No Holiday
1118,13,10.6,38,0,0,Autumn,No Holiday
1183,14,10.8,37,0,0,Autumn,No Holiday
1254,15,11.4,32,0,0,Autumn,No Holiday
1308,16,10.6,35,0,0,Autumn,No Holiday
1176,17,9.5,34,0,0,Autumn,No Holiday
1054,18,8.9,39,0,0,Autumn,No Holiday
864,19,8,42,0,0,Autumn,No Holiday
775,20,7.6,44,0,0,Autumn,No Holiday
775,21,7.3,49,0,0,Autumn,No Holiday
752,22,6.6,51,0,0,Autumn,No Holiday
658,23,6.3,52,0,0,Autumn,No Holiday
699,0,6.7,55,0,0,Autumn,No Holiday
531,1,6.9,55,0,0,Autumn,No Holiday
450,2,6.6,59,0,0,Autumn,No Holiday
299,3,6.2,59,0,0,Autumn,No Holiday
148,4,6.8,65,0,0,Autumn,No Holiday
27,5,7.2,68,0,0,Autumn,No Holiday
55,6,6.9,86,1.5,0,Autumn,No Holiday
134,7,6.9,88,0,0,Autumn,No Holiday
74,8,6.8,89,0,0,Autumn,No Holiday
195,9,7.3,90,2.5,0,Autumn,No Holiday
330,10,8.2,89,0,0,Autumn,No Holiday
544,11,9.4,86,0,0,Autumn,No Holiday
630,12,11.9,74,0,0,Autumn,No Holiday
916,13,12.1,75,0,0,Autumn,No Holiday
962,14,12.4,72,0,0,Autumn,No Holiday
948,15,12.2,67,0,0,Autumn,No Holiday
385,16,12.2,65,0,0,Autumn,No Holiday
535,17,9.4,85,1.5,0,Autumn,No Holiday
651,18,8.9,85,0,0,Autumn,No Holiday
645,19,8.4,85,0,0,Autumn,No Holiday
624,20,8.2,82,0,0,Autumn,No Holiday
670,21,7.6,75,0,0,Autumn,No Holiday
625,22,6.7,76,0,0,Autumn,No Holiday
512,23,6,74,0,0,Autumn,No Holiday
434,0,5.3,81,0,0,Autumn,No Holiday
326,1,5.1,83,0,0,Autumn,No Holiday
184,2,4.7,81,0,0,Autumn,No Holiday
123,3,5,67,0,0,Autumn,No Holiday
117,4,5.6,66,0,0,Autumn,No Holiday
161,5,5.1,76,0,0,Autumn,No Holiday
436,6,4.7,76,0,0,Autumn,No Holiday
1070,7,4.6,76,0,0,Autumn,No Holiday
1888,8,5.1,67,0,0,Autumn,No Holiday
1021,9,7.5,53,0,0,Autumn,No Holiday
771,10,9.6,43,0,0,Autumn,No Holiday
796,11,11,46,0,0,Autumn,No Holiday
737,12,10.8,49,0,0,Autumn,No Holiday
815,13,10.4,49,0,0,Autumn,No Holiday
838,14,11.3,39,0,0,Autumn,No Holiday
884,15,11,46,0,0,Autumn,No Holiday
1069,16,11.3,41,0,0,Autumn,No Holiday
1274,17,10,43,0,0,Autumn,No Holiday
1987,18,9.4,51,0,0,Autumn,No Holiday
1377,19,8.1,53,0,0,Autumn,No Holiday
1026,20,6.8,59,0,0,Autumn,No Holiday
979,21,5.7,61,0,0,Autumn,No Holiday
906,22,5.1,58,0,0,Autumn,No Holiday
658,23,4.3,58,0,0,Autumn,No Holiday
488,0,3.4,55,0,0,Autumn,No Holiday
440,1,3,55,0,0,Autumn,No Holiday
283,2,2.1,56,0,0,Autumn,No Holiday
182,3,1.7,59,0,0,Autumn,No Holiday
150,4,1.6,63,0,0,Autumn,No Holiday
162,5,1.1,68,0,0,Autumn,No Holiday
394,6,0.8,69,0,0,Autumn,No Holiday
1005,7,1.3,65,0,0,Autumn,No Holiday
1883,8,1.4,58,0,0,Autumn,No Holiday
982,9,3.7,49,0,0,Autumn,No Holiday
684,10,6.1,38,0,0,Autumn,No Holiday
782,11,7.5,36,0,0,Autumn,No Holiday
881,12,8.5,34,0,0,Autumn,No Holiday
847,13,9.8,33,0,0,Autumn,No Holiday
903,14,10.7,33,0,0,Autumn,No Holiday
965,15,10.9,33,0,0,Autumn,No Holiday
1110,16,11,34,0,0,Autumn,No Holiday
1357,17,9.9,40,0,0,Autumn,No Holiday
2074,18,8.4,52,0,0,Autumn,No Holiday
1442,19,8,52,0,0,Autumn,No Holiday
1186,20,7.6,59,0,0,Autumn,No Holiday
1147,21,7.6,55,0,0,Autumn,No Holiday
948,22,7.6,50,0,0,Autumn,No Holiday
527,23,7.7,50,0,0,Autumn,No Holiday
294,0,7.1,59,0,0,Autumn,No Holiday
324,1,6.6,66,0,0,Autumn,No Holiday
287,2,6.4,65,0,0,Autumn,No Holiday
227,3,5.6,69,0,0,Autumn,No Holiday
146,4,5,71,0,0,Autumn,No Holiday
141,5,4.1,74,0,0,Autumn,No Holiday
402,6,3.6,75,0,0,Autumn,No Holiday
1060,7,3.2,74,0,0,Autumn,No Holiday
1907,8,3.7,67,0,0,Autumn,No Holiday
996,9,5.1,56,0,0,Autumn,No Holiday
717,10,7.2,49,0,0,Autumn,No Holiday
818,11,8.7,41,0,0,Autumn,No Holiday
907,12,10,39,0,0,Autumn,No Holiday
983,13,11.2,34,0,0,Autumn,No Holiday
963,14,11.9,34,0,0,Autumn,No Holiday
994,15,12,35,0,0,Autumn,No Holiday
1185,16,11.8,34,0,0,Autumn,No Holiday
1462,17,11.3,41,0,0,Autumn,No Holiday
2094,18,9.4,48,0,0,Autumn,No Holiday
1507,19,8.4,53,0,0,Autumn,No Holiday
1176,20,7.6,59,0,0,Autumn,No Holiday
1069,21,7.6,59,0,0,Autumn,No Holiday
1088,22,6.8,58,0,0,Autumn,No Holiday
798,23,6.4,60,0,0,Autumn,No Holiday
584,0,5.7,62,0,0,Autumn,No Holiday
524,1,5.1,65,0,0,Autumn,No Holiday
362,2,4.4,64,0,0,Autumn,No Holiday
242,3,4.2,65,0,0,Autumn,No Holiday
147,4,3.6,70,0,0,Autumn,No Holiday
154,5,3.3,72,0,0,Autumn,No Holiday
433,6,2.9,75,0,0,Autumn,No Holiday
1055,7,2.5,75,0,0,Autumn,No Holiday
1899,8,2.8,74,0,0,Autumn,No Holiday
1011,9,4.7,60,0,0,Autumn,No Holiday
696,10,8.1,51,0,0,Autumn,No Holiday
852,11,11.1,46,0,0,Autumn,No Holiday
926,12,12.6,36,0,0,Autumn,No Holiday
968,13,13.6,32,0,0,Autumn,No Holiday
1040,14,14.9,31,0,0,Autumn,No Holiday
1094,15,14.8,30,0,0,Autumn,No Holiday
1206,16,14.7,32,0,0,Autumn,No Holiday
1569,17,13.7,37,0,0,Autumn,No Holiday
2254,18,11.8,43,0,0,Autumn,No Holiday
1561,19,10.5,49,0,0,Autumn,No Holiday
1269,20,9.9,53,0,0,Autumn,No Holiday
1197,21,9.3,54,0,0,Autumn,No Holiday
1115,22,8.3,61,0,0,Autumn,No Holiday
806,23,7.8,63,0,0,Autumn,No Holiday
642,0,7.2,64,0,0,Autumn,No Holiday
560,1,6.6,69,0,0,Autumn,No Holiday
369,2,6.1,68,0,0,Autumn,No Holiday
251,3,5.7,72,0,0,Autumn,No Holiday
166,4,5.2,74,0,0,Autumn,No Holiday
153,5,4.8,75,0,0,Autumn,No Holiday
403,6,4.5,77,0,0,Autumn,No Holiday
1024,7,4.1,75,0,0,Autumn,No Holiday
1906,8,4.7,72,0,0,Autumn,No Holiday
1027,9,7,57,0,0,Autumn,No Holiday
751,10,10,49,0,0,Autumn,No Holiday
880,11,12.8,44,0,0,Autumn,No Holiday
1023,12,14.9,40,0,0,Autumn,No Holiday
1130,13,16.5,37,0,0,Autumn,No Holiday
1160,14,18,31,0,0,Autumn,No Holiday
1251,15,18.6,31,0,0,Autumn,No Holiday
1424,16,18.8,32,0,0,Autumn,No Holiday
1730,17,17,36,0,0,Autumn,No Holiday
2314,18,14.6,42,0,0,Autumn,No Holiday
1568,19,12.8,40,0,0,Autumn,No Holiday
1242,20,11.7,45,0,0,Autumn,No Holiday
1146,21,10.8,57,0,0,Autumn,No Holiday
1106,22,10,56,0,0,Autumn,No Holiday
851,23,9.7,56,0,0,Autumn,No Holiday
720,0,9.1,63,0,0,Autumn,No Holiday
517,1,8.6,60,0,0,Autumn,No Holiday
378,2,8.2,62,0,0,Autumn,No Holiday
296,3,7.6,66,0,0,Autumn,No Holiday
188,4,6.9,70,0,0,Autumn,No Holiday
112,5,6.6,73,0,0,Autumn,No Holiday
141,6,6.2,73,0,0,Autumn,No Holiday
259,7,5.8,79,0,0,Autumn,No Holiday
481,8,5.7,78,0,0,Autumn,No Holiday
632,9,7.5,60,0,0,Autumn,No Holiday
747,10,11.1,51,0,0,Autumn,No Holiday
963,11,14.8,46,0,0,Autumn,No Holiday
1145,12,16.3,33,0,0,Autumn,No Holiday
1355,13,18.3,26,0,0,Autumn,No Holiday
1511,14,19.3,28,0,0,Autumn,No Holiday
1579,15,19,25,0,0,Autumn,No Holiday
1690,16,18.4,25,0,0,Autumn,No Holiday
1596,17,16.9,33,0,0,Autumn,No Holiday
1335,18,14.5,46,0,0,Autumn,No Holiday
1180,19,12.9,56,0,0,Autumn,No Holiday
1077,20,12.7,59,0,0,Autumn,No Holiday
1001,21,11.8,62,0,0,Autumn,No Holiday
912,22,11.2,67,0,0,Autumn,No Holiday
656,23,10.6,73,0,0,Autumn,No Holiday
520,0,10.1,75,0,0,Autumn,No Holiday
346,1,9.3,78,0,0,Autumn,No Holiday
206,2,8.8,81,0,0,Autumn,No Holiday
161,3,8.3,81,0,0,Autumn,No Holiday
107,4,8,81,0,0,Autumn,No Holiday
166,5,8,84,0,0,Autumn,No Holiday
448,6,7.2,83,0,0,Autumn,No Holiday
1115,7,7,86,0,0,Autumn,No Holiday
1975,8,7.2,80,0,0,Autumn,No Holiday
1005,9,8.9,67,0,0,Autumn,No Holiday
790,10,11.8,59,0,0,Autumn,No Holiday
829,11,13.8,47,0,0,Autumn,No Holiday
971,12,16.4,48,0,0,Autumn,No Holiday
986,13,16.8,46,0,0,Autumn,No Holiday
993,14,17.5,38,0,0,Autumn,No Holiday
1100,15,18,39,0,0,Autumn,No Holiday
1318,16,16.8,46,0,0,Autumn,No Holiday
1664,17,15.7,49,0,0,Autumn,No Holiday
2357,18,14.5,54,0,0,Autumn,No Holiday
1618,19,13.2,66,0,0,Autumn,No Holiday
1464,20,12.7,75,0,0,Autumn,No Holiday
1289,21,12.2,79,0,0,Autumn,No Holiday
1215,22,11.6,81,0,0,Autumn,No Holiday
829,23,10.9,82,0,0,Autumn,No Holiday
639,0,11.9,74,0,0,Autumn,No Holiday
410,1,11.9,76,0,0,Autumn,No Holiday
136,2,12,81,0,0,Autumn,No Holiday
40,3,10.8,88,0.5,0,Autumn,No Holiday
47,4,10.6,95,0,0,Autumn,No Holiday
71,5,11.1,95,0,0,Autumn,No Holiday
194,6,11,91,1,0,Autumn,No Holiday
526,7,10.8,91,0,0,Autumn,No Holiday
1171,8,11.3,89,0,0,Autumn,No Holiday
740,9,11.2,86,0.5,0,Autumn,No Holiday
555,10,11.9,84,0,0,Autumn,No Holiday
608,11,12.4,82,0,0,Autumn,No Holiday
697,12,13.2,77,0,0,Autumn,No Holiday
798,13,14.5,74,0,0,Autumn,No Holiday
767,14,15.5,68,0,0,Autumn,No Holiday
848,15,15.4,72,0,0,Autumn,No Holiday
834,16,15.2,72,0,0,Autumn,No Holiday
1115,17,14.9,73,0,0,Autumn,No Holiday
1347,18,14.4,77,0,0,Autumn,No Holiday
1176,19,13.8,81,0,0,Autumn,No Holiday
1062,20,13.3,77,0,0,Autumn,No Holiday
1062,21,13.5,75,0,0,Autumn,No Holiday
1003,22,13.2,74,0,0,Autumn,No Holiday
679,23,12.9,72,0,0,Autumn,No Holiday
395,0,12.9,70,0,0,Autumn,No Holiday
158,1,11.9,77,0,0,Autumn,No Holiday
122,2,11.8,84,0,0,Autumn,No Holiday
78,3,11.8,86,0.5,0,Autumn,No Holiday
50,4,10.8,87,0,0,Autumn,No Holiday
49,5,10.8,89,0,0,Autumn,No Holiday
136,6,10.6,90,1.5,0,Autumn,No Holiday
174,7,10.9,88,0,0,Autumn,No Holiday
148,8,10.6,89,0,0,Autumn,No Holiday
56,9,10.6,94,2,0,Autumn,No Holiday
17,10,10.8,94,0,0,Autumn,No Holiday
25,11,10.9,95,0,0,Autumn,No Holiday
17,12,11.4,95,5.5,0,Autumn,No Holiday
18,13,11.5,95,0,0,Autumn,No Holiday
46,14,11.3,96,0,0,Autumn,No Holiday
56,15,11.4,96,9.5,0,Autumn,No Holiday
14,16,11.7,96,0,0,Autumn,No Holiday
30,17,11.9,97,0,0,Autumn,No Holiday
40,18,12.9,97,9,0,Autumn,No Holiday
19,19,12.8,97,0,0,Autumn,No Holiday
12,20,13.9,97,0,0,Autumn,No Holiday
21,21,14,96,18,0,Autumn,No Holiday
14,22,12.4,96,0,0,Autumn,No Holiday
26,23,11.5,96,0,0,Autumn,No Holiday
754,0,11.3,77,0,0,Autumn,No Holiday
679,1,11.2,78,0,0,Autumn,No Holiday
568,2,10.7,80,0,0,Autumn,No Holiday
372,3,10.3,81,0,0,Autumn,No Holiday
223,4,9.5,87,0,0,Autumn,No Holiday
137,5,9.4,87,0,0,Autumn,No Holiday
167,6,9.5,85,0,0,Autumn,No Holiday
309,7,9.5,86,0,0,Autumn,No Holiday
589,8,9.3,85,0,0,Autumn,No Holiday
628,9,10.1,77,0,0,Autumn,No Holiday
699,10,12.2,73,0,0,Autumn,No Holiday
768,11,13.8,63,0,0,Autumn,No Holiday
1034,12,15.1,54,0,0,Autumn,No Holiday
1094,13,15.9,48,0,0,Autumn,No Holiday
1113,14,17.1,39,0,0,Autumn,No Holiday
1229,15,16.6,36,0,0,Autumn,No Holiday
1263,16,16,37,0,0,Autumn,No Holiday
1379,17,14.8,47,0,0,Autumn,No Holiday
1226,18,13.2,57,0,0,Autumn,No Holiday
957,19,12.1,67,0,0,Autumn,No Holiday
877,20,11.3,74,0,0,Autumn,No Holiday
847,21,10.8,78,0,0,Autumn,No Holiday
885,22,10.6,81,0,0,Autumn,No Holiday
676,23,10.3,84,0,0,Autumn,No Holiday
655,0,9.4,85,0,0,Autumn,No Holiday
518,1,8.8,89,0,0,Autumn,No Holiday
370,2,7.9,85,0,0,Autumn,No Holiday
314,3,7.1,85,0,0,Autumn,No Holiday
189,4,6.9,82,0,0,Autumn,No Holiday
111,5,6.8,83,0,0,Autumn,No Holiday
117,6,6.6,84,0,0,Autumn,No Holiday
228,7,6.4,84,0,0,Autumn,No Holiday
395,8,6.3,81,0,0,Autumn,No Holiday
574,9,7.8,72,0,0,Autumn,No Holiday
563,10,10.2,68,0,0,Autumn,No Holiday
578,11,10.7,68,0,0,Autumn,No Holiday
769,12,10.6,72,0,0,Autumn,No Holiday
758,13,9.8,70,0,0,Autumn,No Holiday
810,14,10.1,58,0,0,Autumn,No Holiday
832,15,10.2,58,0,0,Autumn,No Holiday
616,16,9.9,59,0,0,Autumn,No Holiday
660,17,8.9,57,0,0,Autumn,No Holiday
752,18,8.9,55,0,0,Autumn,No Holiday
685,19,8.7,52,0,0,Autumn,No Holiday
711,20,8.2,53,0,0,Autumn,No Holiday
689,21,8,51,0,0,Autumn,No Holiday
690,22,7,60,0,0,Autumn,No Holiday
554,23,6.3,62,0,0,Autumn,No Holiday
456,0,5.4,64,0,0,Autumn,No Holiday
344,1,5,67,0,0,Autumn,No Holiday
187,2,4.8,66,0,0,Autumn,No Holiday
122,3,4.6,65,0,0,Autumn,No Holiday
109,4,4,68,0,0,Autumn,No Holiday
158,5,4,71,0,0,Autumn,No Holiday
419,6,3.8,69,0,0,Autumn,No Holiday
1004,7,3.4,72,0,0,Autumn,No Holiday
1699,8,3.3,69,0,0,Autumn,No Holiday
931,9,5.2,55,0,0,Autumn,No Holiday
683,10,8.3,50,0,0,Autumn,No Holiday
785,11,10.3,40,0,0,Autumn,No Holiday
888,12,12.3,37,0,0,Autumn,No Holiday
889,13,13.3,36,0,0,Autumn,No Holiday
886,14,14.2,33,0,0,Autumn,No Holiday
1084,15,13.8,34,0,0,Autumn,No Holiday
1193,16,12.9,38,0,0,Autumn,No Holiday
1472,17,11.8,43,0,0,Autumn,No Holiday
2022,18,10.6,45,0,0,Autumn,No Holiday
1466,19,9.8,46,0,0,Autumn,No Holiday
1292,20,9,48,0,0,Autumn,No Holiday
1189,21,8.5,50,0,0,Autumn,No Holiday
1023,22,7.6,55,0,0,Autumn,No Holiday
702,23,6.9,60,0,0,Autumn,No Holiday
587,0,6.2,63,0,0,Autumn,No Holiday
487,1,5.6,68,0,0,Autumn,No Holiday
330,2,5.6,64,0,0,Autumn,No Holiday
205,3,5.3,62,0,0,Autumn,No Holiday
133,4,4.9,63,0,0,Autumn,No Holiday
162,5,4.7,72,0,0,Autumn,No Holiday
402,6,4.2,72,0,0,Autumn,No Holiday
1066,7,4.4,72,0,0,Autumn,No Holiday
1910,8,4.7,68,0,0,Autumn,No Holiday
990,9,6,59,0,0,Autumn,No Holiday
710,10,9,51,0,0,Autumn,No Holiday
789,11,11.4,46,0,0,Autumn,No Holiday
890,12,12.8,45,0,0,Autumn,No Holiday
912,13,13.5,43,0,0,Autumn,No Holiday
928,14,15,37,0,0,Autumn,No Holiday
980,15,15.3,37,0,0,Autumn,No Holiday
1188,16,14.2,37,0,0,Autumn,No Holiday
1420,17,12.7,40,0,0,Autumn,No Holiday
2159,18,11.3,42,0,0,Autumn,No Holiday
1529,19,9.8,45,0,0,Autumn,No Holiday
1208,20,9.5,44,0,0,Autumn,No Holiday
1163,21,8.5,42,0,0,Autumn,No Holiday
1126,22,8.1,50,0,0,Autumn,No Holiday
718,23,7.6,49,0,0,Autumn,No Holiday
612,0,7,54,0,0,Autumn,No Holiday
517,1,6.5,60,0,0,Autumn,No Holiday
327,2,6.2,59,0,0,Autumn,No Holiday
210,3,6.1,66,0,0,Autumn,No Holiday
164,4,5.6,70,0,0,Autumn,No Holiday
135,5,5.3,72,0,0,Autumn,No Holiday
362,6,5.1,76,0,0,Autumn,No Holiday
1047,7,5.2,78,0,0,Autumn,No Holiday
1916,8,5,77,0,0,Autumn,No Holiday
1019,9,7.1,61,0,0,Autumn,No Holiday
779,10,9.6,53,0,0,Autumn,No Holiday
892,11,12.1,49,0,0,Autumn,No Holiday
963,12,14.2,45,0,0,Autumn,No Holiday
1028,13,15.7,41,0,0,Autumn,No Holiday
1001,14,16.1,32,0,0,Autumn,No Holiday
1063,15,15.9,30,0,0,Autumn,No Holiday
1137,16,15.2,40,0,0,Autumn,No Holiday
1532,17,13.6,46,0,0,Autumn,No Holiday
2200,18,12.2,47,0,0,Autumn,No Holiday
1464,19,11.5,52,0,0,Autumn,No Holiday
1269,20,10.5,52,0,0,Autumn,No Holiday
1239,21,9.8,52,0,0,Autumn,No Holiday
1074,22,8.8,58,0,0,Autumn,No Holiday
757,23,8.4,65,0,0,Autumn,No Holiday
610,0,7.7,67,0,0,Autumn,No Holiday
489,1,7.3,64,0,0,Autumn,No Holiday
313,2,7.1,68,0,0,Autumn,No Holiday
219,3,6.5,75,0,0,Autumn,No Holiday
154,4,6.1,72,0,0,Autumn,No Holiday
172,5,5.3,78,0,0,Autumn,No Holiday
357,6,4.9,76,0,0,Autumn,No Holiday
883,7,4.8,76,0,0,Autumn,No Holiday
1686,8,5.3,75,0,0,Autumn,No Holiday
1300,9,6.8,64,0,0,Autumn,No Holiday
782,10,8.6,57,0,0,Autumn,No Holiday
770,11,11.1,47,0,0,Autumn,No Holiday
942,12,13.8,43,0,0,Autumn,No Holiday
883,13,15.1,37,0,0,Autumn,No Holiday
899,14,15.1,33,0,0,Autumn,No Holiday
971,15,16.1,30,0,0,Autumn,No Holiday
1123,16,15.4,34,0,0,Autumn,No Holiday
1416,17,13.7,38,0,0,Autumn,No Holiday
2034,18,12.1,46,0,0,Autumn,No Holiday
1448,19,11.2,46,0,0,Autumn,No Holiday
1146,20,9.5,49,0,0,Autumn,No Holiday
1123,21,9.6,52,0,0,Autumn,No Holiday
1061,22,8.7,53,0,0,Autumn,No Holiday
721,23,8.1,57,0,0,Autumn,No Holiday
683,0,7.8,57,0,0,Autumn,No Holiday
520,1,7.8,59,0,0,Autumn,No Holiday
376,2,7.7,63,0,0,Autumn,No Holiday
262,3,7.4,63,0,0,Autumn,No Holiday
171,4,7.1,64,0,0,Autumn,No Holiday
151,5,6.9,66,0,0,Autumn,No Holiday
412,6,7.1,65,0,0,Autumn,No Holiday
939,7,6.6,64,0,0,Autumn,No Holiday
1692,8,7,64,0,0,Autumn,No Holiday
991,9,8.2,61,0,0,Autumn,No Holiday
699,10,9.4,55,0,0,Autumn,No Holiday
834,11,11.9,44,0,0,Autumn,No Holiday
886,12,13.4,48,0,0,Autumn,No Holiday
920,13,14.4,49,0,0,Autumn,No Holiday
915,14,13.3,53,0,0,Autumn,No Holiday
995,15,13.2,61,0,0,Autumn,No Holiday
1126,16,11.8,66,0,0,Autumn,No Holiday
1346,17,11,70,0,0,Autumn,No Holiday
1956,18,9.9,74,0,0,Autumn,No Holiday
1303,19,8.7,78,0,0,Autumn,No Holiday
995,20,7.6,76,0,0,Autumn,No Holiday
907,21,6.8,73,0,0,Autumn,No Holiday
894,22,6.2,72,0,0,Autumn,No Holiday
687,23,5,75,0,0,Autumn,No Holiday
626,0,4.2,76,0,0,Autumn,No Holiday
597,1,3.4,76,0,0,Autumn,No Holiday
456,2,2.9,77,0,0,Autumn,No Holiday
288,3,2.5,77,0,0,Autumn,No Holiday
195,4,1.7,74,0,0,Autumn,No Holiday
129,5,1.1,75,0,0,Autumn,No Holiday
151,6,1,77,0,0,Autumn,No Holiday
315,7,0.8,77,0,0,Autumn,No Holiday
530,8,0.7,72,0,0,Autumn,No Holiday
644,9,2.2,53,0,0,Autumn,No Holiday
733,10,4.7,47,0,0,Autumn,No Holiday
830,11,7.8,38,0,0,Autumn,No Holiday
994,12,9.1,34,0,0,Autumn,No Holiday
1037,13,10.9,32,0,0,Autumn,No Holiday
969,14,9.7,34,0,0,Autumn,No Holiday
1018,15,8.9,34,0,0,Autumn,No Holiday
974,16,8.3,35,0,0,Autumn,No Holiday
1031,17,7.7,34,0,0,Autumn,No Holiday
877,18,7.1,40,0,0,Autumn,No Holiday
735,19,6,44,0,0,Autumn,No Holiday
644,20,5.4,43,0,0,Autumn,No Holiday
685,21,5,42,0,0,Autumn,No Holiday
655,22,4.4,43,0,0,Autumn,No Holiday
576,23,4.1,46,0,0,Autumn,No Holiday
592,0,3.6,49,0,0,Autumn,No Holiday
443,1,3.2,54,0,0,Autumn,No Holiday
335,2,2.9,49,0,0,Autumn,No Holiday
258,3,2.5,49,0,0,Autumn,No Holiday
165,4,2.5,49,0,0,Autumn,No Holiday
92,5,2.3,53,0,0,Autumn,No Holiday
114,6,1.9,53,0,0,Autumn,No Holiday
191,7,2.1,56,0,0,Autumn,No Holiday
371,8,2.6,53,0,0,Autumn,No Holiday
457,9,3.5,53,0,0,Autumn,No Holiday
583,10,4.8,40,0,0,Autumn,No Holiday
645,11,7.6,35,0,0,Autumn,No Holiday
776,12,9.2,47,0,0,Autumn,No Holiday
905,13,9.9,37,0,0,Autumn,No Holiday
1054,14,10.1,37,0,0,Autumn,No Holiday
1047,15,9.6,34,0,0,Autumn,No Holiday
1026,16,9.4,39,0,0,Autumn,No Holiday
1039,17,8.7,42,0,0,Autumn,No Holiday
902,18,8.4,46,0,0,Autumn,No Holiday
759,19,7.9,45,0,0,Autumn,No Holiday
719,20,7.4,50,0,0,Autumn,No Holiday
682,21,7.1,52,0,0,Autumn,No Holiday
632,22,6.8,53,0,0,Autumn,No Holiday
532,23,7,55,0,0,Autumn,No Holiday
457,0,6.8,56,0,0,Autumn,No Holiday
277,1,5.9,60,0,0,Autumn,No Holiday
190,2,5.4,65,0,0,Autumn,No Holiday
133,3,4.8,65,0,0,Autumn,No Holiday
88,4,4.5,67,0,0,Autumn,No Holiday
167,5,4.1,70,0,0,Autumn,No Holiday
418,6,3.8,71,0,0,Autumn,No Holiday
991,7,3.4,73,0,0,Autumn,No Holiday
1751,8,3.5,71,0,0,Autumn,No Holiday
889,9,4.6,60,0,0,Autumn,No Holiday
651,10,7.5,53,0,0,Autumn,No Holiday
745,11,9.8,51,0,0,Autumn,No Holiday
785,12,10.3,38,0,0,Autumn,No Holiday
785,13,10.8,44,0,0,Autumn,No Holiday
793,14,10.6,34,0,0,Autumn,No Holiday
839,15,11.1,35,0,0,Autumn,No Holiday
968,16,9.7,43,0,0,Autumn,No Holiday
1233,17,8.7,48,0,0,Autumn,No Holiday
1904,18,7.5,48,0,0,Autumn,No Holiday
1304,19,6.8,52,0,0,Autumn,No Holiday
1030,20,6,50,0,0,Autumn,No Holiday
1019,21,5.8,44,0,0,Autumn,No Holiday
910,22,5.3,39,0,0,Autumn,No Holiday
629,23,4.2,42,0,0,Autumn,No Holiday
478,0,3.8,42,0,0,Autumn,No Holiday
422,1,2.9,43,0,0,Autumn,No Holiday
286,2,2.6,46,0,0,Autumn,No Holiday
202,3,1.6,43,0,0,Autumn,No Holiday
119,4,1.3,48,0,0,Autumn,No Holiday
141,5,0.7,49,0,0,Autumn,No Holiday
369,6,0.7,50,0,0,Autumn,No Holiday
934,7,0.5,53,0,0,Autumn,No Holiday
1818,8,0.3,53,0,0,Autumn,No Holiday
955,9,2.3,43,0,0,Autumn,No Holiday
659,10,5.1,33,0,0,Autumn,No Holiday
699,11,7.5,29,0,0,Autumn,No Holiday
788,12,10.1,23,0,0,Autumn,No Holiday
798,13,11.6,20,0,0,Autumn,No Holiday
790,14,12.3,16,0,0,Autumn,No Holiday
861,15,11.9,18,0,0,Autumn,No Holiday
967,16,11.3,21,0,0,Autumn,No Holiday
1269,17,9.8,28,0,0,Autumn,No Holiday
1857,18,9.1,31,0,0,Autumn,No Holiday
1317,19,8.7,34,0,0,Autumn,No Holiday
1078,20,8.5,32,0,0,Autumn,No Holiday
1020,21,8.8,37,0,0,Autumn,No Holiday
922,22,8.9,40,0,0,Autumn,No Holiday
378,23,9.3,43,0,0,Autumn,No Holiday
119,0,7.2,74,0.2,0,Autumn,No Holiday
159,1,6.9,86,0,0,Autumn,No Holiday
129,2,6.9,87,0,0,Autumn,No Holiday
112,3,6.5,87,1,0,Autumn,No Holiday
97,4,6.7,87,0,0,Autumn,No Holiday
118,5,6.8,86,0,0,Autumn,No Holiday
299,6,6.7,86,0,0,Autumn,No Holiday
788,7,6.5,85,0,0,Autumn,No Holiday
1622,8,6.4,86,0,0,Autumn,No Holiday
867,9,6.4,53,0,0,Autumn,No Holiday
611,10,6.9,39,0,0,Autumn,No Holiday
649,11,7.4,30,0,0,Autumn,No Holiday
697,12,7.7,34,0,0,Autumn,No Holiday
623,13,8,35,0,0,Autumn,No Holiday
474,14,6.7,47,0,0,Autumn,No Holiday
550,15,5.7,53,0,0,Autumn,No Holiday
755,16,6.1,53,0,0,Autumn,No Holiday
1101,17,5.7,61,0,0,Autumn,No Holiday
1679,18,5.4,58,0,0,Autumn,No Holiday
1113,19,5.1,50,0,0,Autumn,No Holiday
936,20,5.1,43,0,0,Autumn,No Holiday
838,21,4.6,44,0,0,Autumn,No Holiday
825,22,4.6,48,0,0,Autumn,No Holiday
571,23,3.9,46,0,0,Autumn,No Holiday
443,0,3.1,42,0,0,Autumn,No Holiday
382,1,2.1,39,0,0,Autumn,No Holiday
271,2,1.3,44,0,0,Autumn,No Holiday
164,3,0.6,42,0,0,Autumn,No Holiday
121,4,0.5,39,0,0,Autumn,No Holiday
133,5,-0.4,39,0,0,Autumn,No Holiday
332,6,-1,41,0,0,Autumn,No Holiday
848,7,-1,43,0,0,Autumn,No Holiday
1671,8,-1.2,33,0,0,Autumn,No Holiday
883,9,0.2,28,0,0,Autumn,No Holiday
603,10,2.9,22,0,0,Autumn,No Holiday
644,11,5.1,21,0,0,Autumn,No Holiday
717,12,5.9,23,0,0,Autumn,No Holiday
678,13,6.5,26,0,0,Autumn,No Holiday
692,14,6.7,27,0,0,Autumn,No Holiday
716,15,6.9,31,0,0,Autumn,No Holiday
759,16,5.9,34,0,0,Autumn,No Holiday
1101,17,4.9,41,0,0,Autumn,No Holiday
1591,18,4.1,46,0,0,Autumn,No Holiday
1032,19,3.6,48,0,0,Autumn,No Holiday
777,20,3.1,42,0,0,Autumn,No Holiday
759,21,2.2,28,0,0,Autumn,No Holiday
691,22,1.1,33,0,0,Autumn,No Holiday
488,23,0.4,37,0,0,Autumn,No Holiday
470,0,-0.3,41,0,0,Autumn,No Holiday
401,1,-0.6,44,0,0,Autumn,No Holiday
279,2,-1,43,0,0,Autumn,No Holiday
191,3,-1.2,45,0,0,Autumn,No Holiday
109,4,-2,42,0,0,Autumn,No Holiday
129,5,-2.4,37,0,0,Autumn,No Holiday
339,6,-2.6,40,0,0,Autumn,No Holiday
727,7,-2.8,42,0,0,Autumn,No Holiday
1516,8,-3,43,0,0,Autumn,No Holiday
800,9,-1.5,33,0,0,Autumn,No Holiday
582,10,1.3,27,0,0,Autumn,No Holiday
635,11,4.3,25,0,0,Autumn,No Holiday
664,12,5.5,20,0,0,Autumn,No Holiday
731,13,6.5,18,0,0,Autumn,No Holiday
719,14,6.3,16,0,0,Autumn,No Holiday
752,15,6.4,16,0,0,Autumn,No Holiday
891,16,6.3,17,0,0,Autumn,No Holiday
1101,17,5.4,19,0,0,Autumn,No Holiday
1548,18,3.9,23,0,0,Autumn,No Holiday
1007,19,2.9,26,0,0,Autumn,No Holiday
767,20,2.7,27,0,0,Autumn,No Holiday
679,21,2.2,28,0,0,Autumn,No Holiday
729,22,2,30,0,0,Autumn,No Holiday
548,23,2.1,32,0,0,Autumn,No Holiday
499,0,2.4,32,0,0,Autumn,No Holiday
507,1,2.4,30,0,0,Autumn,No Holiday
335,2,2.5,29,0,0,Autumn,No Holiday
272,3,2.8,28,0,0,Autumn,No Holiday
151,4,3,26,0,0,Autumn,No Holiday
95,5,3.2,27,0,0,Autumn,No Holiday
79,6,3.7,25,0,0,Autumn,No Holiday
30,7,1.2,87,0,1.3,Autumn,No Holiday
33,8,0.4,96,0,4,Autumn,No Holiday
24,9,0.3,97,9.1,7.1,Autumn,No Holiday
62,10,0.4,97,0,8.8,Autumn,No Holiday
114,11,1.2,97,0,8.8,Autumn,No Holiday
167,12,2.5,84,1.8,7,Autumn,No Holiday
241,13,2.6,83,0,6,Autumn,No Holiday
298,14,3,82,0,5,Autumn,No Holiday
330,15,3.7,78,0,4.1,Autumn,No Holiday
436,16,3.5,82,0,3.6,Autumn,No Holiday
435,17,2.9,85,0,3.5,Autumn,No Holiday
426,18,2.6,86,0,3.5,Autumn,No Holiday
420,19,2.6,85,0,3.3,Autumn,No Holiday
349,20,2.6,86,0,3.3,Autumn,No Holiday
392,21,2.6,85,0,3.2,Autumn,No Holiday
396,22,2.7,85,0,3.2,Autumn,No Holiday
386,23,2.8,86,0,3,Autumn,No Holiday
420,0,2.7,86,0,3,Autumn,No Holiday
370,1,2.7,86,0,2.9,Autumn,No Holiday
285,2,2.8,86,0,2.9,Autumn,No Holiday
184,3,2.6,88,0,2.8,Autumn,No Holiday
138,4,2.4,89,0,2.6,Autumn,No Holiday
88,5,2.1,94,0,2.5,Autumn,No Holiday
75,6,1.7,95,0,2.5,Autumn,No Holiday
142,7,1.3,96,0,2.5,Autumn,No Holiday
250,8,1.4,96,0,2.5,Autumn,No Holiday
355,9,2.3,88,0,2.5,Autumn,No Holiday
430,10,4,76,0,2.4,Autumn,No Holiday
522,11,6,66,0,2.3,Autumn,No Holiday
700,12,6.9,59,0,2.2,Autumn,No Holiday
675,13,8.8,53,0,1.8,Autumn,No Holiday
777,14,9.2,52,0,1.3,Autumn,No Holiday
846,15,9.5,54,0,1.1,Autumn,No Holiday
872,16,9.5,56,0,0.8,Autumn,No Holiday
813,17,9,59,0,0.4,Autumn,No Holiday
663,18,7.3,72,0,0.4,Autumn,No Holiday
616,19,6.3,73,0,0.4,Autumn,No Holiday
570,20,5.5,77,0,0.4,Autumn,No Holiday
546,21,4.7,81,0,0.4,Autumn,No Holiday
496,22,4.2,82,0,0.4,Autumn,No Holiday
379,23,3.8,83,0,0.4,Autumn,No Holiday
387,0,3.3,85,0,0.3,Autumn,No Holiday
214,1,3.1,84,0,0.3,Autumn,No Holiday
175,2,2.8,87,0,0.3,Autumn,No Holiday
119,3,2.4,90,0,0.3,Autumn,No Holiday
99,4,2.2,93,0,0.3,Autumn,No Holiday
115,5,2.1,88,0,0.3,Autumn,No Holiday
339,6,1.8,88,0,0.3,Autumn,No Holiday
819,7,1.7,89,0,0.3,Autumn,No Holiday
1524,8,2,84,0,0.3,Autumn,No Holiday
795,9,3.1,77,0,0.2,Autumn,No Holiday
586,10,5.1,70,0,0,Autumn,No Holiday
643,11,7.2,66,0,0,Autumn,No Holiday
752,12,9.1,57,0,0,Autumn,No Holiday
718,13,11.7,50,0,0,Autumn,No Holiday
796,14,12.8,47,0,0,Autumn,No Holiday
794,15,13.2,43,0,0,Autumn,No Holiday
935,16,13.2,44,0,0,Autumn,No Holiday
1156,17,11.4,48,0,0,Autumn,No Holiday
1708,18,9.5,56,0,0,Autumn,No Holiday
1181,19,8.4,61,0,0,Autumn,No Holiday
943,20,7.3,66,0,0,Autumn,No Holiday
955,21,6.7,71,0,0,Autumn,No Holiday
846,22,6.2,70,0,0,Autumn,No Holiday
563,23,5.4,78,0,0,Autumn,No Holiday
496,0,4.9,79,0,0,Autumn,No Holiday
408,1,4.5,82,0,0,Autumn,No Holiday
299,2,3.9,85,0,0,Autumn,No Holiday
183,3,3.5,86,0,0,Autumn,No Holiday
95,4,3.1,88,0,0,Autumn,No Holiday
140,5,3.6,84,0,0,Autumn,No Holiday
317,6,3.8,83,0,0,Autumn,No Holiday
815,7,3.6,83,0,0,Autumn,No Holiday
1577,8,4.2,78,0,0,Autumn,No Holiday
800,9,5,75,0,0,Autumn,No Holiday
616,10,6.4,71,0,0,Autumn,No Holiday
623,11,7.9,64,0,0,Autumn,No Holiday
672,12,9.3,61,0,0,Autumn,No Holiday
671,13,11,60,0,0,Autumn,No Holiday
600,14,11.6,70,0,0,Autumn,No Holiday
666,15,12.5,70,0,0,Autumn,No Holiday
775,16,12,74,0,0,Autumn,No Holiday
1033,17,11.1,72,0,0,Autumn,No Holiday
1538,18,10.2,74,0,0,Autumn,No Holiday
1023,19,9.3,52,0,0,Autumn,No Holiday
825,20,8.3,39,0,0,Autumn,No Holiday
777,21,7.5,35,0,0,Autumn,No Holiday
740,22,6.6,33,0,0,Autumn,No Holiday
593,23,5.8,34,0,0,Autumn,No Holiday
450,0,5.1,36,0,0,Autumn,No Holiday
434,1,4.9,26,0,0,Autumn,No Holiday
275,2,4.1,34,0,0,Autumn,No Holiday
167,3,3.5,38,0,0,Autumn,No Holiday
128,4,3.9,26,0,0,Autumn,No Holiday
140,5,3,34,0,0,Autumn,No Holiday
287,6,2.6,33,0,0,Autumn,No Holiday
796,7,2.5,24,0,0,Autumn,No Holiday
1540,8,2.1,29,0,0,Autumn,No Holiday
798,9,3,30,0,0,Autumn,No Holiday
583,10,4.4,23,0,0,Autumn,No Holiday
608,11,5.7,15,0,0,Autumn,No Holiday
635,12,7.9,14,0,0,Autumn,No Holiday
681,13,9.2,13,0,0,Autumn,No Holiday
675,14,10.3,14,0,0,Autumn,No Holiday
798,15,10.5,16,0,0,Autumn,No Holiday
808,16,9.6,17,0,0,Autumn,No Holiday
1099,17,7.6,23,0,0,Autumn,No Holiday
1536,18,6.3,25,0,0,Autumn,No Holiday
1039,19,6,24,0,0,Autumn,No Holiday
842,20,4.8,29,0,0,Autumn,No Holiday
846,21,4.2,31,0,0,Autumn,No Holiday
804,22,3.2,34,0,0,Autumn,No Holiday
555,23,2.9,31,0,0,Autumn,No Holiday
517,0,2.2,30,0,0,Autumn,No Holiday
485,1,1.9,32,0,0,Autumn,No Holiday
319,2,2.1,28,0,0,Autumn,No Holiday
195,3,1.9,33,0,0,Autumn,No Holiday
107,4,2.1,33,0,0,Autumn,No Holiday
126,5,1.8,34,0,0,Autumn,No Holiday
328,6,1.1,39,0,0,Autumn,No Holiday
800,7,0.8,41,0,0,Autumn,No Holiday
1635,8,0.8,44,0,0,Autumn,No Holiday
825,9,1.8,37,0,0,Autumn,No Holiday
595,10,3.9,28,0,0,Autumn,No Holiday
623,11,5.2,26,0,0,Autumn,No Holiday
661,12,5.6,27,0,0,Autumn,No Holiday
645,13,5.3,26,0,0,Autumn,No Holiday
668,14,6,27,0,0,Autumn,No Holiday
652,15,6.5,32,0,0,Autumn,No Holiday
748,16,5.8,39,0,0,Autumn,No Holiday
996,17,5.8,38,0,0,Autumn,No Holiday
1577,18,0,46,0,0,Autumn,No Holiday
1026,19,5.2,48,0,0,Autumn,No Holiday
818,20,4.1,54,0,0,Autumn,No Holiday
792,21,3.8,55,0,0,Autumn,No Holiday
726,22,3,59,0,0,Autumn,No Holiday
559,23,2.6,56,0,0,Autumn,No Holiday
474,0,1.8,62,0,0,Autumn,No Holiday
456,1,1.3,63,0,0,Autumn,No Holiday
300,2,0.6,66,0,0,Autumn,No Holiday
213,3,-0.1,69,0,0,Autumn,No Holiday
116,4,-0.5,71,0,0,Autumn,No Holiday
149,5,-0.7,66,0,0,Autumn,No Holiday
293,6,-0.8,68,0,0,Autumn,No Holiday
750,7,-1.2,70,0,0,Autumn,No Holiday
1527,8,-1.5,68,0,0,Autumn,No Holiday
809,9,-0.4,57,0,0,Autumn,No Holiday
554,10,1.9,51,0,0,Autumn,No Holiday
642,11,5.3,43,0,0,Autumn,No Holiday
720,12,6.6,35,0,0,Autumn,No Holiday
740,13,7.1,24,0,0,Autumn,No Holiday
761,14,7.8,20,0,0,Autumn,No Holiday
768,15,7,20,0,0,Autumn,No Holiday
837,16,7.2,23,0,0,Autumn,No Holiday
1047,17,6,29,0,0,Autumn,No Holiday
1384,18,4.7,34,0,0,Autumn,No Holiday
1003,19,4.2,34,0,0,Autumn,No Holiday
764,20,3.4,37,0,0,Autumn,No Holiday
694,21,2.6,39,0,0,Autumn,No Holiday
712,22,2.1,41,0,0,Autumn,No Holiday
584,23,1.9,43,0,0,Autumn,No Holiday
